"common_name","scientific_name","wlab_taxon_id","wlab_scientificname","risk_assessed","wlab_review","wlab_review_reason","migration","garnett_movement","feeding_guild","trophic_level","primary_lifestyle","foraging_stratum","habitat_breadth","iucn_status","epbc_status","nsw_status","rez","n_checklists_rez","n_positive_rez","sufficient","seasonality_index","amplitude_link","peak_doy","peak_date","prob_seasonal","is_seasonal","window_start_doy","window_end_doy","window_start_date","window_end_date","window_wraps","mean_abund","se_abund","range_masked_in_rez","n_train_total","dev_expl","run_date"
"Australian Magpie","Gymnorhina tibicen","u705f;u705g;u705h","Gymnorhina tibicen terraereginae;Gymnorhina tibicen tibicen;Gymnorhina tibicen tyrannica",TRUE,TRUE,"multiple_nsw_subspecies","Sedentary","local dispersal;nomadic","Invertivore","Carnivore","Terrestrial","ground",2,"LC","not listed","not listed","statewide",324794,177830,TRUE,0.234316883932997,0.266986881430053,180,"29 Jun",0,FALSE,NA,NA,NA,NA,FALSE,2.86969957093253,0.0224453277898813,FALSE,334102,0.271679436129531,"2026-07-03"
"Australian Magpie","Gymnorhina tibicen","u705f;u705g;u705h","Gymnorhina tibicen terraereginae;Gymnorhina tibicen tibicen;Gymnorhina tibicen tyrannica",TRUE,TRUE,"multiple_nsw_subspecies","Sedentary","local dispersal;nomadic","Invertivore","Carnivore","Terrestrial","ground",2,"LC","not listed","not listed","central_west",3967,2353,TRUE,0.233862992386236,0.266394264120713,181,"30 Jun",0,FALSE,NA,NA,NA,NA,FALSE,3.66148944077684,0.0186761515522385,FALSE,334102,0.271679436129531,"2026-07-03"
"Australian Magpie","Gymnorhina tibicen","u705f;u705g;u705h","Gymnorhina tibicen terraereginae;Gymnorhina tibicen tibicen;Gymnorhina tibicen tyrannica",TRUE,TRUE,"multiple_nsw_subspecies","Sedentary","local dispersal;nomadic","Invertivore","Carnivore","Terrestrial","ground",2,"LC","not listed","not listed","new_england",3781,2720,TRUE,0.233831263199506,0.266352850470924,180,"29 Jun",0,FALSE,NA,NA,NA,NA,FALSE,4.6039674985582,0.0236223608231701,FALSE,334102,0.271679436129531,"2026-07-03"
"Australian Magpie","Gymnorhina tibicen","u705f;u705g;u705h","Gymnorhina tibicen terraereginae;Gymnorhina tibicen tibicen;Gymnorhina tibicen tyrannica",TRUE,TRUE,"multiple_nsw_subspecies","Sedentary","local dispersal;nomadic","Invertivore","Carnivore","Terrestrial","ground",2,"LC","not listed","not listed","south_west",1560,737,TRUE,0.26421936989276,0.306823261600564,175,"24 Jun",0,FALSE,NA,NA,NA,NA,FALSE,3.4269939168704,0.0221957482104815,FALSE,334102,0.271679436129531,"2026-07-03"
"Rainbow Lorikeet","Trichoglossus moluccanus","u254a","Trichoglossus moluccanus moluccanus",TRUE,FALSE,NA,"Sedentary","local dispersal;nomadic","Omnivore","Herbivore","Insessorial","understory",4,"LC","not listed","not listed","statewide",324779,104089,TRUE,0.518552747713374,0.730958602474607,160,"09 Jun",0.994,TRUE,65,228,"06 Mar","16 Aug",FALSE,0.422932802820754,0.0308993364668074,FALSE,334084,0.424946718555499,"2026-07-03"
"Rainbow Lorikeet","Trichoglossus moluccanus","u254a","Trichoglossus moluccanus moluccanus",TRUE,FALSE,NA,"Sedentary","local dispersal;nomadic","Omnivore","Herbivore","Insessorial","understory",4,"LC","not listed","not listed","central_west",3970,725,TRUE,0.5188690763236,0.731615855318088,161,"10 Jun",0.991,TRUE,66,228,"07 Mar","16 Aug",FALSE,0.110694203363144,0.0315275791376321,FALSE,334084,0.424946718555499,"2026-07-03"
"Rainbow Lorikeet","Trichoglossus moluccanus","u254a","Trichoglossus moluccanus moluccanus",TRUE,FALSE,NA,"Sedentary","local dispersal;nomadic","Omnivore","Herbivore","Insessorial","understory",4,"LC","not listed","not listed","new_england",3778,816,TRUE,0.518445164609106,0.7307351697197,161,"10 Jun",0.995,TRUE,66,228,"07 Mar","16 Aug",FALSE,0.0657656521525413,0.0327189930836962,FALSE,334084,0.424946718555499,"2026-07-03"
"Rainbow Lorikeet","Trichoglossus moluccanus","u254a","Trichoglossus moluccanus moluccanus",TRUE,FALSE,NA,"Sedentary","local dispersal;nomadic","Omnivore","Herbivore","Insessorial","understory",4,"LC","not listed","not listed","south_west",1557,80,TRUE,0.519092817661803,0.732080995608974,162,"11 Jun",0.991,TRUE,65,228,"06 Mar","16 Aug",FALSE,0.00373383091340635,0.0396091005316487,FALSE,334084,0.424946718555499,"2026-07-03"
"Magpie-lark","Grallina cyanoleuca","u415a","Grallina cyanoleuca cyanoleuca",TRUE,FALSE,NA,"Sedentary","local dispersal;partial migrant;nomadic","Aquatic predator","Carnivore","Terrestrial","ground",5,"LC","not listed","not listed","statewide",324806,123901,TRUE,0.183271127725991,0.202448096880832,100,"10 Apr",0,FALSE,NA,NA,NA,NA,FALSE,1.78004147825447,0.0254104505616569,FALSE,334104,0.312998305681644,"2026-07-03"
"Magpie-lark","Grallina cyanoleuca","u415a","Grallina cyanoleuca cyanoleuca",TRUE,FALSE,NA,"Sedentary","local dispersal;partial migrant;nomadic","Aquatic predator","Carnivore","Terrestrial","ground",5,"LC","not listed","not listed","central_west",3970,2135,TRUE,0.167488490866772,0.183308232438442,86,"27 Mar",0,FALSE,NA,NA,NA,NA,FALSE,2.17865283288069,0.0206745867609424,FALSE,334104,0.312998305681644,"2026-07-03"
"Magpie-lark","Grallina cyanoleuca","u415a","Grallina cyanoleuca cyanoleuca",TRUE,FALSE,NA,"Sedentary","local dispersal;partial migrant;nomadic","Aquatic predator","Carnivore","Terrestrial","ground",5,"LC","not listed","not listed","new_england",3775,1485,TRUE,0.182989373806271,0.202103177849642,95,"05 Apr",0,FALSE,NA,NA,NA,NA,FALSE,0.957867110836625,0.0324861010084847,FALSE,334104,0.312998305681644,"2026-07-03"
"Magpie-lark","Grallina cyanoleuca","u415a","Grallina cyanoleuca cyanoleuca",TRUE,FALSE,NA,"Sedentary","local dispersal;partial migrant;nomadic","Aquatic predator","Carnivore","Terrestrial","ground",5,"LC","not listed","not listed","south_west",1553,693,TRUE,0.1829387275087,0.202041190004888,97,"07 Apr",0,FALSE,NA,NA,NA,NA,FALSE,1.97328317446111,0.0254409630744067,FALSE,334104,0.312998305681644,"2026-07-03"
"Noisy Miner","Manorina melanocephala","u634b","Manorina melanocephala melanocephala",TRUE,FALSE,NA,"Sedentary","local dispersal","Omnivore","Omnivore","Insessorial","ground",8,"LC","not listed","not listed","statewide",324797,113195,TRUE,0.220908054194453,0.249626209517337,165,"14 Jun",0,FALSE,NA,NA,NA,NA,FALSE,1.13470413749311,0.0333529278090954,FALSE,334105,0.241742804074233,"2026-07-03"
"Noisy Miner","Manorina melanocephala","u634b","Manorina melanocephala melanocephala",TRUE,FALSE,NA,"Sedentary","local dispersal","Omnivore","Omnivore","Insessorial","ground",8,"LC","not listed","not listed","central_west",3970,1249,TRUE,0.28902858562117,0.341123054798904,157,"06 Jun",0,FALSE,NA,NA,NA,NA,FALSE,2.37658645576855,0.0281262869414246,FALSE,334105,0.241742804074233,"2026-07-03"
"Noisy Miner","Manorina melanocephala","u634b","Manorina melanocephala melanocephala",TRUE,FALSE,NA,"Sedentary","local dispersal","Omnivore","Omnivore","Insessorial","ground",8,"LC","not listed","not listed","new_england",3780,1359,TRUE,0.220496002075052,0.24909746166494,162,"11 Jun",0,FALSE,NA,NA,NA,NA,FALSE,1.08004436099887,0.0377274891403889,FALSE,334105,0.241742804074233,"2026-07-03"
"Noisy Miner","Manorina melanocephala","u634b","Manorina melanocephala melanocephala",TRUE,FALSE,NA,"Sedentary","local dispersal","Omnivore","Omnivore","Insessorial","ground",8,"LC","not listed","not listed","south_west",1558,593,TRUE,0.221106421806309,0.249880855802392,165,"14 Jun",0,FALSE,NA,NA,NA,NA,FALSE,1.06694458551376,0.0393809551107775,FALSE,334105,0.241742804074233,"2026-07-03"
"Welcome Swallow","Hirundo neoxena","u357b","Hirundo neoxena neoxena",TRUE,FALSE,NA,"Migratory","local dispersal;partial migrant","Invertivore","Carnivore","Aerial","understory",7,"LC","not listed","not listed","statewide",324753,112796,TRUE,0.265166288464548,0.308111048174975,110,"20 Apr",0,FALSE,NA,NA,NA,NA,FALSE,2.25853118348996,0.0368083272948912,FALSE,334051,0.153345884280666,"2026-07-03"
"Welcome Swallow","Hirundo neoxena","u357b","Hirundo neoxena neoxena",TRUE,FALSE,NA,"Migratory","local dispersal;partial migrant","Invertivore","Carnivore","Aerial","understory",7,"LC","not listed","not listed","central_west",3971,1459,TRUE,0.26571870538218,0.308863088609322,111,"21 Apr",0,FALSE,NA,NA,NA,NA,FALSE,2.8404210946555,0.0295072895544845,FALSE,334051,0.153345884280666,"2026-07-03"
"Welcome Swallow","Hirundo neoxena","u357b","Hirundo neoxena neoxena",TRUE,FALSE,NA,"Migratory","local dispersal;partial migrant","Invertivore","Carnivore","Aerial","understory",7,"LC","not listed","not listed","new_england",3777,1500,TRUE,0.284296304491319,0.334489030762469,108,"18 Apr",0,FALSE,NA,NA,NA,NA,FALSE,2.84076922201466,0.0371340673144477,FALSE,334051,0.153345884280666,"2026-07-03"
"Welcome Swallow","Hirundo neoxena","u357b","Hirundo neoxena neoxena",TRUE,FALSE,NA,"Migratory","local dispersal;partial migrant","Invertivore","Carnivore","Aerial","understory",7,"LC","not listed","not listed","south_west",1550,477,TRUE,0.267345367050385,0.311080857367131,110,"20 Apr",0,FALSE,NA,NA,NA,NA,FALSE,3.13320186417633,0.0377225394386637,FALSE,334051,0.153345884280666,"2026-07-03"
"Australian Raven","Corvus coronoides","u930a","Corvus coronoides coronoides",TRUE,FALSE,NA,"Sedentary","local dispersal","Omnivore","Omnivore","Generalist","ground",5,"LC","not listed","not listed","statewide",324799,92315,TRUE,0.251089235783534,0.289135442460548,155,"04 Jun",0,FALSE,NA,NA,NA,NA,FALSE,1.46374626567398,0.032314411695454,FALSE,334105,0.278510789775354,"2026-07-03"
"Australian Raven","Corvus coronoides","u930a","Corvus coronoides coronoides",TRUE,FALSE,NA,"Sedentary","local dispersal","Omnivore","Omnivore","Generalist","ground",5,"LC","not listed","not listed","central_west",3968,1483,TRUE,0.250795072141205,0.288742730939448,156,"05 Jun",0,FALSE,NA,NA,NA,NA,FALSE,1.44176881209441,0.0255013836337072,FALSE,334105,0.278510789775354,"2026-07-03"
"Australian Raven","Corvus coronoides","u930a","Corvus coronoides coronoides",TRUE,FALSE,NA,"Sedentary","local dispersal","Omnivore","Omnivore","Generalist","ground",5,"LC","not listed","not listed","new_england",3782,1136,TRUE,0.251075452513911,0.289117038208071,157,"06 Jun",0,FALSE,NA,NA,NA,NA,FALSE,0.995467505841554,0.0334641528692262,FALSE,334105,0.278510789775354,"2026-07-03"
"Australian Raven","Corvus coronoides","u930a","Corvus coronoides coronoides",TRUE,FALSE,NA,"Sedentary","local dispersal","Omnivore","Omnivore","Generalist","ground",5,"LC","not listed","not listed","south_west",1556,544,TRUE,0.251244758383665,0.289343129087719,155,"04 Jun",0,FALSE,NA,NA,NA,NA,FALSE,3.2913395580704,0.0328981014191144,FALSE,334105,0.278510789775354,"2026-07-03"
"Superb Fairywren","Malurus cyaneus","u529c","Malurus cyaneus cyanochlamys",TRUE,FALSE,NA,"Sedentary","local dispersal","Invertivore","Carnivore","Terrestrial","ground",5,"LC","not listed","not listed","statewide",324807,114757,TRUE,0.244299196410308,0.280109743584727,176,"25 Jun",0,FALSE,NA,NA,NA,NA,FALSE,1.55776691161938,0.031073707122666,FALSE,334105,0.247173074720649,"2026-07-03"
"Superb Fairywren","Malurus cyaneus","u529c","Malurus cyaneus cyanochlamys",TRUE,FALSE,NA,"Sedentary","local dispersal","Invertivore","Carnivore","Terrestrial","ground",5,"LC","not listed","not listed","central_west",3969,2278,TRUE,0.244765841000855,0.280727433448207,176,"25 Jun",0,FALSE,NA,NA,NA,NA,FALSE,3.93270998961657,0.0249363310307254,FALSE,334105,0.247173074720649,"2026-07-03"
"Superb Fairywren","Malurus cyaneus","u529c","Malurus cyaneus cyanochlamys",TRUE,FALSE,NA,"Sedentary","local dispersal","Invertivore","Carnivore","Terrestrial","ground",5,"LC","not listed","not listed","new_england",3780,2013,TRUE,0.243982103789934,0.27969023084725,176,"25 Jun",0,FALSE,NA,NA,NA,NA,FALSE,3.81076106940693,0.0307174184453504,FALSE,334105,0.247173074720649,"2026-07-03"
"Superb Fairywren","Malurus cyaneus","u529c","Malurus cyaneus cyanochlamys",TRUE,FALSE,NA,"Sedentary","local dispersal","Invertivore","Carnivore","Terrestrial","ground",5,"LC","not listed","not listed","south_west",1549,308,TRUE,0.244901287562273,0.280906793328857,173,"22 Jun",0,FALSE,NA,NA,NA,NA,FALSE,0.825872357844213,0.0373770597203938,FALSE,334105,0.247173074720649,"2026-07-03"
"Willie-wagtail","Rhipidura leucophrys","u364a","Rhipidura leucophrys leucophrys",TRUE,FALSE,NA,"Sedentary","local dispersal;nomadic","Invertivore","Carnivore","Insessorial","mid-high",7,"LC","not listed","not listed","statewide",324810,117211,TRUE,0.268189270620836,0.312233364876793,80,"21 Mar",0,FALSE,NA,NA,NA,NA,FALSE,1.67758088281102,0.0256609614733476,FALSE,334105,0.275359953768966,"2026-07-03"
"Willie-wagtail","Rhipidura leucophrys","u364a","Rhipidura leucophrys leucophrys",TRUE,FALSE,NA,"Sedentary","local dispersal;nomadic","Invertivore","Carnivore","Insessorial","mid-high",7,"LC","not listed","not listed","central_west",3967,2223,TRUE,0.411729753528251,0.530568833825436,364,"30 Dec",0.001,FALSE,NA,NA,NA,NA,FALSE,2.25037238856245,0.0197718321064333,FALSE,334105,0.275359953768966,"2026-07-03"
"Willie-wagtail","Rhipidura leucophrys","u364a","Rhipidura leucophrys leucophrys",TRUE,FALSE,NA,"Sedentary","local dispersal;nomadic","Invertivore","Carnivore","Insessorial","mid-high",7,"LC","not listed","not listed","new_england",3781,1781,TRUE,0.576275936798798,0.858672829945524,1,"01 Jan",0.979,TRUE,256,95,"13 Sep","05 Apr",TRUE,1.16708023245569,0.0303606846818969,FALSE,334105,0.275359953768966,"2026-07-03"
"Willie-wagtail","Rhipidura leucophrys","u364a","Rhipidura leucophrys leucophrys",TRUE,FALSE,NA,"Sedentary","local dispersal;nomadic","Invertivore","Carnivore","Insessorial","mid-high",7,"LC","not listed","not listed","south_west",1547,583,TRUE,0.267234660620012,0.310929765621864,79,"20 Mar",0,FALSE,NA,NA,NA,NA,FALSE,1.46318603784629,0.02745012365361,FALSE,334105,0.275359953768966,"2026-07-03"
"Laughing Kookaburra","Dacelo novaeguineae","u322b","Dacelo novaeguineae novaeguineae",TRUE,FALSE,NA,"Sedentary","local dispersal","Omnivore","Carnivore","Insessorial","ground",5,"LC","not listed","not listed","statewide",324805,100490,TRUE,0.372572124443465,0.466126553934367,228,"16 Aug",0,FALSE,NA,NA,NA,NA,FALSE,0.636388761701718,0.0380068646404191,FALSE,334105,0.245260958712239,"2026-07-03"
"Laughing Kookaburra","Dacelo novaeguineae","u322b","Dacelo novaeguineae novaeguineae",TRUE,FALSE,NA,"Sedentary","local dispersal","Omnivore","Carnivore","Insessorial","ground",5,"LC","not listed","not listed","central_west",3966,1208,TRUE,0.372845607071156,0.466562527945626,228,"16 Aug",0,FALSE,NA,NA,NA,NA,FALSE,1.04109405121747,0.0314007049439883,FALSE,334105,0.245260958712239,"2026-07-03"
"Laughing Kookaburra","Dacelo novaeguineae","u322b","Dacelo novaeguineae novaeguineae",TRUE,FALSE,NA,"Sedentary","local dispersal","Omnivore","Carnivore","Insessorial","ground",5,"LC","not listed","not listed","new_england",3782,1079,TRUE,0.372766186194672,0.466435899081986,228,"16 Aug",0,FALSE,NA,NA,NA,NA,FALSE,1.23313013703768,0.0334390330667202,FALSE,334105,0.245260958712239,"2026-07-03"
"Laughing Kookaburra","Dacelo novaeguineae","u322b","Dacelo novaeguineae novaeguineae",TRUE,FALSE,NA,"Sedentary","local dispersal","Omnivore","Carnivore","Insessorial","ground",5,"LC","not listed","not listed","south_west",1552,329,TRUE,0.372762816554203,0.466430526872544,228,"16 Aug",0,FALSE,NA,NA,NA,NA,FALSE,0.300664029816922,0.0442601674012891,FALSE,334105,0.245260958712239,"2026-07-03"
"Pied Currawong","Strepera graculina","u694c;u694e","Strepera graculina graculina;Strepera graculina ashbyi",TRUE,TRUE,"multiple_nsw_subspecies","Sedentary","local dispersal;partial migrant","Omnivore","Omnivore","Generalist","ground",3,"LC","VU","VU","statewide",324805,93545,TRUE,0.62741825126422,0.987298805546909,137,"17 May",1,TRUE,89,260,"30 Mar","17 Sep",FALSE,0.695935997442057,0.0367127020952002,FALSE,334104,0.303203030346081,"2026-07-03"
"Pied Currawong","Strepera graculina","u694c;u694e","Strepera graculina graculina;Strepera graculina ashbyi",TRUE,TRUE,"multiple_nsw_subspecies","Sedentary","local dispersal;partial migrant","Omnivore","Omnivore","Generalist","ground",3,"LC","VU","VU","central_west",3971,1313,TRUE,0.627695018790054,0.988041918633622,136,"16 May",1,TRUE,89,260,"30 Mar","17 Sep",FALSE,1.52182730932996,0.033105612143688,FALSE,334104,0.303203030346081,"2026-07-03"
"Pied Currawong","Strepera graculina","u694c;u694e","Strepera graculina graculina;Strepera graculina ashbyi",TRUE,TRUE,"multiple_nsw_subspecies","Sedentary","local dispersal;partial migrant","Omnivore","Omnivore","Generalist","ground",3,"LC","VU","VU","new_england",3776,1346,TRUE,0.685333436315748,1.15624172877942,196,"15 Jul",1,TRUE,93,263,"03 Apr","20 Sep",FALSE,2.37097577057731,0.034971064388867,FALSE,334104,0.303203030346081,"2026-07-03"
"Pied Currawong","Strepera graculina","u694c;u694e","Strepera graculina graculina;Strepera graculina ashbyi",TRUE,TRUE,"multiple_nsw_subspecies","Sedentary","local dispersal;partial migrant","Omnivore","Omnivore","Generalist","ground",3,"LC","VU","VU","south_west",1552,7,FALSE,NA,NA,NA,NA,NA,NA,NA,NA,NA,NA,FALSE,0.000171868077926726,0.0402962081134319,FALSE,334104,0.303203030346081,"2026-07-03"
"Sulphur-crested Cockatoo","Cacatua galerita","u269b","Cacatua galerita galerita",TRUE,FALSE,NA,"Sedentary","local dispersal;partial migrant","Omnivore","Herbivore","Insessorial","ground",3,"LC","not listed","not listed","statewide",324748,93305,TRUE,0.418562832098741,0.542252364621947,185,"04 Jul",0,FALSE,NA,NA,NA,NA,FALSE,2.4911002769373,0.0518904674865345,FALSE,334053,0.230372757229384,"2026-07-03"
"Sulphur-crested Cockatoo","Cacatua galerita","u269b","Cacatua galerita galerita",TRUE,FALSE,NA,"Sedentary","local dispersal;partial migrant","Omnivore","Herbivore","Insessorial","ground",3,"LC","not listed","not listed","central_west",3966,1697,TRUE,0.41935656606788,0.54361842148809,186,"05 Jul",0,FALSE,NA,NA,NA,NA,FALSE,7.01711143824234,0.0412362661608391,FALSE,334053,0.230372757229384,"2026-07-03"
"Sulphur-crested Cockatoo","Cacatua galerita","u269b","Cacatua galerita galerita",TRUE,FALSE,NA,"Sedentary","local dispersal;partial migrant","Omnivore","Herbivore","Insessorial","ground",3,"LC","not listed","not listed","new_england",3781,746,TRUE,0.34181094246276,0.418263067440567,206,"25 Jul",0.001,FALSE,NA,NA,NA,NA,FALSE,2.13315058384534,0.0514569749546446,FALSE,334053,0.230372757229384,"2026-07-03"
"Sulphur-crested Cockatoo","Cacatua galerita","u269b","Cacatua galerita galerita",TRUE,FALSE,NA,"Sedentary","local dispersal;partial migrant","Omnivore","Herbivore","Insessorial","ground",3,"LC","not listed","not listed","south_west",1558,207,TRUE,0.419853496104687,0.544474614414939,185,"04 Jul",0,FALSE,NA,NA,NA,NA,FALSE,1.18645706306081,0.058998063849108,FALSE,334053,0.230372757229384,"2026-07-03"
"Gray Fantail","Rhipidura albiscapa","u361b;u361c","Rhipidura albiscapa albiscapa;Rhipidura albiscapa alisteri",TRUE,FALSE,NA,"Sedentary",NA,"Invertivore","Carnivore","Insessorial",NA,6,"LC",NA,NA,"statewide",324797,92131,TRUE,0.467958364061764,0.631033529661087,124,"04 May",0,FALSE,NA,NA,NA,NA,FALSE,0.664414491142387,0.0383617833018159,FALSE,334105,0.360246836040093,"2026-07-03"
"Gray Fantail","Rhipidura albiscapa","u361b;u361c","Rhipidura albiscapa albiscapa;Rhipidura albiscapa alisteri",TRUE,FALSE,NA,"Sedentary",NA,"Invertivore","Carnivore","Insessorial",NA,6,"LC",NA,NA,"central_west",3970,748,TRUE,0.468063587701607,0.631231322539165,124,"04 May",0,FALSE,NA,NA,NA,NA,FALSE,0.785680784448474,0.0285286429568987,FALSE,334105,0.360246836040093,"2026-07-03"
"Gray Fantail","Rhipidura albiscapa","u361b;u361c","Rhipidura albiscapa albiscapa;Rhipidura albiscapa alisteri",TRUE,FALSE,NA,"Sedentary",NA,"Invertivore","Carnivore","Insessorial",NA,6,"LC",NA,NA,"new_england",3782,1437,TRUE,0.78029280594538,1.51545955522727,76,"17 Mar",1,TRUE,244,110,"01 Sep","20 Apr",TRUE,1.69816057823876,0.0308274597464151,FALSE,334105,0.360246836040093,"2026-07-03"
"Gray Fantail","Rhipidura albiscapa","u361b;u361c","Rhipidura albiscapa albiscapa;Rhipidura albiscapa alisteri",TRUE,FALSE,NA,"Sedentary",NA,"Invertivore","Carnivore","Insessorial",NA,6,"LC",NA,NA,"south_west",1556,101,TRUE,0.926611489748807,2.61198789170201,164,"13 Jun",1,TRUE,96,259,"06 Apr","16 Sep",FALSE,0.118523974061875,0.044181820149365,FALSE,334105,0.360246836040093,"2026-07-03"
"Masked Lapwing","Vanellus miles","u133b","Vanellus miles novaehollandiae",TRUE,FALSE,NA,"Sedentary","local dispersal","Invertivore","Carnivore","Terrestrial","ground",4,"LC","not listed","not listed","statewide",324805,77984,TRUE,0.397781556450718,0.507135036453513,52,"21 Feb",0,FALSE,NA,NA,NA,NA,FALSE,0.598652155313577,0.0410994086788923,FALSE,334102,0.288633631217653,"2026-07-03"
"Masked Lapwing","Vanellus miles","u133b","Vanellus miles novaehollandiae",TRUE,FALSE,NA,"Sedentary","local dispersal","Invertivore","Carnivore","Terrestrial","ground",4,"LC","not listed","not listed","central_west",3970,464,TRUE,0.606722382845723,0.933239511526716,34,"03 Feb",0.992,TRUE,314,107,"10 Nov","17 Apr",TRUE,0.635638341207112,0.0329057481035138,FALSE,334102,0.288633631217653,"2026-07-03"
"Masked Lapwing","Vanellus miles","u133b","Vanellus miles novaehollandiae",TRUE,FALSE,NA,"Sedentary","local dispersal","Invertivore","Carnivore","Terrestrial","ground",4,"LC","not listed","not listed","new_england",3782,905,TRUE,0.205313085145281,0.229807059687204,59,"28 Feb",0,FALSE,NA,NA,NA,NA,FALSE,0.942815368852961,0.0405450088831484,FALSE,334102,0.288633631217653,"2026-07-03"
"Masked Lapwing","Vanellus miles","u133b","Vanellus miles novaehollandiae",TRUE,FALSE,NA,"Sedentary","local dispersal","Invertivore","Carnivore","Terrestrial","ground",4,"LC","not listed","not listed","south_west",1545,121,TRUE,0.398817228512415,0.508856278387544,55,"24 Feb",0,FALSE,NA,NA,NA,NA,FALSE,0.854459555998323,0.0435003032943585,FALSE,334102,0.288633631217653,"2026-07-03"
"Pacific Black Duck","Anas superciliosa","u208","Anas superciliosa",TRUE,FALSE,NA,"Partial migrant","local dispersal;nomadic","Herbivore aquatic","Herbivore","Aquatic","around-water",3,"LC","not listed","not listed","statewide",324750,84067,TRUE,0.270509891319359,0.315409470150781,56,"25 Feb",0,FALSE,NA,NA,NA,NA,FALSE,2.20631068976303,0.0466114544306883,FALSE,334039,0.213119097997681,"2026-07-03"
"Pacific Black Duck","Anas superciliosa","u208","Anas superciliosa",TRUE,FALSE,NA,"Partial migrant","local dispersal;nomadic","Herbivore aquatic","Herbivore","Aquatic","around-water",3,"LC","not listed","not listed","central_west",3968,1079,TRUE,0.269835834577584,0.314485885982053,53,"22 Feb",0,FALSE,NA,NA,NA,NA,FALSE,2.13817871568149,0.0369591350366556,FALSE,334039,0.213119097997681,"2026-07-03"
"Pacific Black Duck","Anas superciliosa","u208","Anas superciliosa",TRUE,FALSE,NA,"Partial migrant","local dispersal;nomadic","Herbivore aquatic","Herbivore","Aquatic","around-water",3,"LC","not listed","not listed","new_england",3778,1519,TRUE,0.186780933486505,0.206754751224527,53,"22 Feb",0,FALSE,NA,NA,NA,NA,FALSE,1.98638357990823,0.0460590023052201,FALSE,334039,0.213119097997681,"2026-07-03"
"Pacific Black Duck","Anas superciliosa","u208","Anas superciliosa",TRUE,FALSE,NA,"Partial migrant","local dispersal;nomadic","Herbivore aquatic","Herbivore","Aquatic","around-water",3,"LC","not listed","not listed","south_west",1543,289,TRUE,0.269883105893685,0.314550628746206,53,"22 Feb",0,FALSE,NA,NA,NA,NA,FALSE,3.22893438166784,0.0506033614182849,FALSE,334039,0.213119097997681,"2026-07-03"
"Galah","Eolophus roseicapilla","u273a","Eolophus roseicapilla albiceps",TRUE,FALSE,NA,"Sedentary","local dispersal","Granivore","Herbivore","Terrestrial","ground",3,"LC","not listed","not listed","statewide",324742,96009,TRUE,0.382071123471634,0.481381914671088,184,"03 Jul",0,FALSE,NA,NA,NA,NA,FALSE,8.49035070755892,0.0356083776622393,FALSE,334035,0.282877833182966,"2026-07-03"
"Galah","Eolophus roseicapilla","u273a","Eolophus roseicapilla albiceps",TRUE,FALSE,NA,"Sedentary","local dispersal","Granivore","Herbivore","Terrestrial","ground",3,"LC","not listed","not listed","central_west",3963,2183,TRUE,0.569279570481045,0.842296054754786,155,"04 Jun",0.968,TRUE,69,224,"10 Mar","12 Aug",FALSE,9.54693215382636,0.029717525436542,FALSE,334035,0.282877833182966,"2026-07-03"
"Galah","Eolophus roseicapilla","u273a","Eolophus roseicapilla albiceps",TRUE,FALSE,NA,"Sedentary","local dispersal","Granivore","Herbivore","Terrestrial","ground",3,"LC","not listed","not listed","new_england",3780,1605,TRUE,0.295106693687372,0.349708826186352,181,"30 Jun",0,FALSE,NA,NA,NA,NA,FALSE,4.3599258096014,0.0400905245923514,FALSE,334035,0.282877833182966,"2026-07-03"
"Galah","Eolophus roseicapilla","u273a","Eolophus roseicapilla albiceps",TRUE,FALSE,NA,"Sedentary","local dispersal","Granivore","Herbivore","Terrestrial","ground",3,"LC","not listed","not listed","south_west",1550,688,TRUE,0.381123159532573,0.479848991412947,185,"04 Jul",0,FALSE,NA,NA,NA,NA,FALSE,12.2197274207832,0.0380208990529704,FALSE,334035,0.282877833182966,"2026-07-03"
"Gray Butcherbird","Cracticus torquatus","u702b;u702c","Cracticus torquatus torquatus;Cracticus torquatus leucopterus",TRUE,TRUE,"multiple_nsw_subspecies","Sedentary","local dispersal","Omnivore","Omnivore","Insessorial","ground",2,"LC","not listed","not listed","statewide",324804,68179,TRUE,0.367489305785366,0.458058150674174,82,"23 Mar",0,FALSE,NA,NA,NA,NA,FALSE,0.559491369608817,0.0376462312502604,FALSE,334105,0.257343411333189,"2026-07-03"
"Gray Butcherbird","Cracticus torquatus","u702b;u702c","Cracticus torquatus torquatus;Cracticus torquatus leucopterus",TRUE,TRUE,"multiple_nsw_subspecies","Sedentary","local dispersal","Omnivore","Omnivore","Insessorial","ground",2,"LC","not listed","not listed","central_west",3962,652,TRUE,0.367286605113854,0.457737732062179,82,"23 Mar",0,FALSE,NA,NA,NA,NA,FALSE,0.52107110141878,0.0285696866930084,FALSE,334105,0.257343411333189,"2026-07-03"
"Gray Butcherbird","Cracticus torquatus","u702b;u702c","Cracticus torquatus torquatus;Cracticus torquatus leucopterus",TRUE,TRUE,"multiple_nsw_subspecies","Sedentary","local dispersal","Omnivore","Omnivore","Insessorial","ground",2,"LC","not listed","not listed","new_england",3784,873,TRUE,0.367503470764982,0.458080545770983,82,"23 Mar",0,FALSE,NA,NA,NA,NA,FALSE,0.498557399839948,0.037951918339169,FALSE,334105,0.257343411333189,"2026-07-03"
"Gray Butcherbird","Cracticus torquatus","u702b;u702c","Cracticus torquatus torquatus;Cracticus torquatus leucopterus",TRUE,TRUE,"multiple_nsw_subspecies","Sedentary","local dispersal","Omnivore","Omnivore","Insessorial","ground",2,"LC","not listed","not listed","south_west",1555,189,TRUE,0.367373943016996,0.457875778660113,82,"23 Mar",0,FALSE,NA,NA,NA,NA,FALSE,0.54917991456119,0.0375062153827024,FALSE,334105,0.257343411333189,"2026-07-03"
"Crested Pigeon","Ocyphaps lophotes","u43a","Ocyphaps lophotes lophotes",TRUE,FALSE,NA,"Sedentary","local dispersal","Omnivore","Herbivore","Terrestrial","ground",3,"LC","not listed","not listed","statewide",324801,80428,TRUE,0.370766125677912,0.463252272117353,160,"09 Jun",0,FALSE,NA,NA,NA,NA,FALSE,2.99800939473802,0.036129009056451,FALSE,334102,0.280758734366492,"2026-07-03"
"Crested Pigeon","Ocyphaps lophotes","u43a","Ocyphaps lophotes lophotes",TRUE,FALSE,NA,"Sedentary","local dispersal","Omnivore","Herbivore","Terrestrial","ground",3,"LC","not listed","not listed","central_west",3968,1349,TRUE,0.371717138216548,0.464764797068528,161,"10 Jun",0,FALSE,NA,NA,NA,NA,FALSE,2.37876365625518,0.0301549866098889,FALSE,334102,0.280758734366492,"2026-07-03"
"Crested Pigeon","Ocyphaps lophotes","u43a","Ocyphaps lophotes lophotes",TRUE,FALSE,NA,"Sedentary","local dispersal","Omnivore","Herbivore","Terrestrial","ground",3,"LC","not listed","not listed","new_england",3784,1161,TRUE,0.371623217058015,0.464615319588128,156,"05 Jun",0,FALSE,NA,NA,NA,NA,FALSE,0.71095137855801,0.0485373040074542,FALSE,334102,0.280758734366492,"2026-07-03"
"Crested Pigeon","Ocyphaps lophotes","u43a","Ocyphaps lophotes lophotes",TRUE,FALSE,NA,"Sedentary","local dispersal","Omnivore","Herbivore","Terrestrial","ground",3,"LC","not listed","not listed","south_west",1549,515,TRUE,0.371377303394957,0.46422404867641,158,"07 Jun",0,FALSE,NA,NA,NA,NA,FALSE,3.5109042760186,0.0377756953992071,FALSE,334102,0.280758734366492,"2026-07-03"
"Australian Ibis","Threskiornis molucca","u179","Threskiornis moluccus moluccus",TRUE,FALSE,NA,"Sedentary",NA,"Aquatic predator","Carnivore","Terrestrial","around-water",4,"LC",NA,NA,"statewide",324691,59537,TRUE,0.28352492918585,0.333411825321086,57,"26 Feb",0,FALSE,NA,NA,NA,NA,FALSE,0.375668882987511,0.062988840732236,FALSE,333983,0.343725259072688,"2026-07-03"
"Australian Ibis","Threskiornis molucca","u179","Threskiornis moluccus moluccus",TRUE,FALSE,NA,"Sedentary",NA,"Aquatic predator","Carnivore","Terrestrial","around-water",4,"LC",NA,NA,"central_west",3964,550,TRUE,0.282939070370475,0.332594463430194,59,"28 Feb",0,FALSE,NA,NA,NA,NA,FALSE,0.185023873314311,0.0499416399337073,FALSE,333983,0.343725259072688,"2026-07-03"
"Australian Ibis","Threskiornis molucca","u179","Threskiornis moluccus moluccus",TRUE,FALSE,NA,"Sedentary",NA,"Aquatic predator","Carnivore","Terrestrial","around-water",4,"LC",NA,NA,"new_england",3776,354,TRUE,0.283100863320744,0.332820122365554,61,"02 Mar",0,FALSE,NA,NA,NA,NA,FALSE,0.105390121220957,0.0793513688411004,FALSE,333983,0.343725259072688,"2026-07-03"
"Australian Ibis","Threskiornis molucca","u179","Threskiornis moluccus moluccus",TRUE,FALSE,NA,"Sedentary",NA,"Aquatic predator","Carnivore","Terrestrial","around-water",4,"LC",NA,NA,"south_west",1552,134,TRUE,0.93129801756693,2.6779772237936,48,"17 Feb",1,TRUE,331,113,"27 Nov","23 Apr",TRUE,0.733169231588971,0.0672286683177546,FALSE,333983,0.343725259072688,"2026-07-03"
"Red Wattlebird","Anthochaera carunculata","u638a;u638c","Anthochaera carunculata carunculata;Anthochaera carunculata woodwardi",TRUE,FALSE,NA,"Partial migrant","local dispersal;partial migrant;nomadic","Nectarivore","Herbivore","Insessorial","mid-high",3,"LC","not listed","not listed","statewide",324800,67353,TRUE,0.642463513009283,1.0285178605435,159,"08 Jun",1,TRUE,104,282,"14 Apr","09 Oct",FALSE,0.520504880186035,0.0348055668730312,FALSE,334103,0.435367557548755,"2026-07-03"
"Red Wattlebird","Anthochaera carunculata","u638a;u638c","Anthochaera carunculata carunculata;Anthochaera carunculata woodwardi",TRUE,FALSE,NA,"Partial migrant","local dispersal;partial migrant;nomadic","Nectarivore","Herbivore","Insessorial","mid-high",3,"LC","not listed","not listed","central_west",3967,992,TRUE,0.642130765185601,1.02758762518884,158,"07 Jun",1,TRUE,104,282,"14 Apr","09 Oct",FALSE,0.596559452355912,0.0322938115585326,FALSE,334103,0.435367557548755,"2026-07-03"
"Red Wattlebird","Anthochaera carunculata","u638a;u638c","Anthochaera carunculata carunculata;Anthochaera carunculata woodwardi",TRUE,FALSE,NA,"Partial migrant","local dispersal;partial migrant;nomadic","Nectarivore","Herbivore","Insessorial","mid-high",3,"LC","not listed","not listed","new_england",3780,1151,TRUE,0.606643313402314,0.933038479247045,154,"03 Jun",1,TRUE,104,288,"14 Apr","15 Oct",FALSE,1.56565862321223,0.0391328752778477,FALSE,334103,0.435367557548755,"2026-07-03"
"Red Wattlebird","Anthochaera carunculata","u638a;u638c","Anthochaera carunculata carunculata;Anthochaera carunculata woodwardi",TRUE,FALSE,NA,"Partial migrant","local dispersal;partial migrant;nomadic","Nectarivore","Herbivore","Insessorial","mid-high",3,"LC","not listed","not listed","south_west",1556,109,TRUE,0.642372893079794,1.02826443620606,160,"09 Jun",1,TRUE,104,282,"14 Apr","09 Oct",FALSE,0.106747134140313,0.0390648653497592,FALSE,334103,0.435367557548755,"2026-07-03"
"Lewin's Honeyeater","Meliphaga lewinii","u605b","Meliphaga lewinii lewinii",TRUE,FALSE,NA,"Sedentary","local dispersal","Omnivore","Herbivore","Insessorial","mid-high",5,"LC","not listed","not listed","statewide",324813,57698,TRUE,0.352280790167435,0.434297994698927,138,"18 May",0,FALSE,NA,NA,NA,NA,FALSE,0.214208956536155,0.0425138553800288,FALSE,334105,0.616052492861632,"2026-07-03"
"Lewin's Honeyeater","Meliphaga lewinii","u605b","Meliphaga lewinii lewinii",TRUE,FALSE,NA,"Sedentary","local dispersal","Omnivore","Herbivore","Insessorial","mid-high",5,"LC","not listed","not listed","central_west",3969,2,FALSE,NA,NA,NA,NA,NA,NA,NA,NA,NA,NA,FALSE,0.000441591944334207,0.0418365694906401,FALSE,334105,0.616052492861632,"2026-07-03"
"Lewin's Honeyeater","Meliphaga lewinii","u605b","Meliphaga lewinii lewinii",TRUE,FALSE,NA,"Sedentary","local dispersal","Omnivore","Herbivore","Insessorial","mid-high",5,"LC","not listed","not listed","new_england",3776,18,FALSE,NA,NA,NA,NA,NA,NA,NA,NA,NA,NA,FALSE,0.0961105687564685,0.0586367633613845,FALSE,334105,0.616052492861632,"2026-07-03"
"Lewin's Honeyeater","Meliphaga lewinii","u605b","Meliphaga lewinii lewinii",TRUE,FALSE,NA,"Sedentary","local dispersal","Omnivore","Herbivore","Insessorial","mid-high",5,"LC","not listed","not listed","south_west",1547,0,FALSE,NA,NA,NA,NA,NA,NA,NA,NA,NA,NA,FALSE,0,0,TRUE,334105,0.616052492861632,"2026-07-03"
"Maned Duck","Chenonetta jubata","u202","Chenonetta jubata",TRUE,FALSE,NA,"Sedentary","local dispersal;nomadic","Herbivore terrestrial","Herbivore","Terrestrial","ground",4,"LC","not listed","not listed","statewide",324785,70275,TRUE,0.27604832080523,0.323030630267418,76,"17 Mar",0,FALSE,NA,NA,NA,NA,FALSE,2.57457215747299,0.0517002910585062,FALSE,334077,0.133059466325819,"2026-07-03"
"Maned Duck","Chenonetta jubata","u202","Chenonetta jubata",TRUE,FALSE,NA,"Sedentary","local dispersal;nomadic","Herbivore terrestrial","Herbivore","Terrestrial","ground",4,"LC","not listed","not listed","central_west",3970,976,TRUE,0.422505477439886,0.54905632137556,63,"04 Mar",0.049,FALSE,NA,NA,NA,NA,FALSE,2.74605127400695,0.0399728252524596,FALSE,334077,0.133059466325819,"2026-07-03"
"Maned Duck","Chenonetta jubata","u202","Chenonetta jubata",TRUE,FALSE,NA,"Sedentary","local dispersal;nomadic","Herbivore terrestrial","Herbivore","Terrestrial","ground",4,"LC","not listed","not listed","new_england",3783,1097,TRUE,0.275956791346318,0.322904207916342,73,"14 Mar",0,FALSE,NA,NA,NA,NA,FALSE,2.58982296281246,0.0407628938724895,FALSE,334077,0.133059466325819,"2026-07-03"
"Maned Duck","Chenonetta jubata","u202","Chenonetta jubata",TRUE,FALSE,NA,"Sedentary","local dispersal;nomadic","Herbivore terrestrial","Herbivore","Terrestrial","ground",4,"LC","not listed","not listed","south_west",1539,432,TRUE,0.274804944515007,0.321314618264517,72,"13 Mar",0,FALSE,NA,NA,NA,NA,FALSE,2.69008804680978,0.059375471213392,FALSE,334077,0.133059466325819,"2026-07-03"
"Common Myna","Acridotheres tristis",NA,NA,FALSE,FALSE,NA,"Partial migrant","local dispersal","Omnivore","Carnivore","Terrestrial","ground",6,"LC","not listed","not listed","statewide",324808,48449,TRUE,0.177625957635963,0.195559948052669,23,"23 Jan",0,FALSE,NA,NA,NA,NA,FALSE,0.239219831836502,0.0528969240792112,FALSE,334105,0.342007856871504,"2026-07-03"
"Common Myna","Acridotheres tristis",NA,NA,FALSE,FALSE,NA,"Partial migrant","local dispersal","Omnivore","Carnivore","Terrestrial","ground",6,"LC","not listed","not listed","central_west",3972,176,TRUE,0.325111764947417,0.393208179518984,175,"24 Jun",0.002,FALSE,NA,NA,NA,NA,FALSE,0.486625583730984,0.0454472503386642,FALSE,334105,0.342007856871504,"2026-07-03"
"Common Myna","Acridotheres tristis",NA,NA,FALSE,FALSE,NA,"Partial migrant","local dispersal","Omnivore","Carnivore","Terrestrial","ground",6,"LC","not listed","not listed","new_england",3777,454,TRUE,0.180377413246474,0.198911304732685,22,"22 Jan",0,FALSE,NA,NA,NA,NA,FALSE,0.209348323632735,0.0634726181341471,FALSE,334105,0.342007856871504,"2026-07-03"
"Common Myna","Acridotheres tristis",NA,NA,FALSE,FALSE,NA,"Partial migrant","local dispersal","Omnivore","Carnivore","Terrestrial","ground",6,"LC","not listed","not listed","south_west",1548,20,TRUE,0.177151197248338,0.194982809943734,15,"15 Jan",0,FALSE,NA,NA,NA,NA,FALSE,0.078053184314901,0.0755340381519778,FALSE,334105,0.342007856871504,"2026-07-03"
"White-faced Heron","Egretta novaehollandiae",NA,NA,FALSE,FALSE,NA,"Sedentary","local dispersal;nomadic","Aquatic predator","Carnivore","Terrestrial","around-water",5,"LC","not listed","not listed","statewide",324799,51468,TRUE,0.457169579143897,0.610958308273309,77,"18 Mar",0,FALSE,NA,NA,NA,NA,FALSE,0.417887123844836,0.0460578824668227,FALSE,334103,0.315373138762387,"2026-07-03"
"White-faced Heron","Egretta novaehollandiae",NA,NA,FALSE,FALSE,NA,"Sedentary","local dispersal;nomadic","Aquatic predator","Carnivore","Terrestrial","around-water",5,"LC","not listed","not listed","central_west",3965,532,TRUE,0.458098078387097,0.61267025035084,77,"18 Mar",0,FALSE,NA,NA,NA,NA,FALSE,0.429202965639683,0.0366706079516871,FALSE,334103,0.315373138762387,"2026-07-03"
"White-faced Heron","Egretta novaehollandiae",NA,NA,FALSE,FALSE,NA,"Sedentary","local dispersal;nomadic","Aquatic predator","Carnivore","Terrestrial","around-water",5,"LC","not listed","not listed","new_england",3780,724,TRUE,0.457486046719279,0.611541473565158,78,"19 Mar",0,FALSE,NA,NA,NA,NA,FALSE,0.430507433550816,0.0525057111614218,FALSE,334103,0.315373138762387,"2026-07-03"
"White-faced Heron","Egretta novaehollandiae",NA,NA,FALSE,FALSE,NA,"Sedentary","local dispersal;nomadic","Aquatic predator","Carnivore","Terrestrial","around-water",5,"LC","not listed","not listed","south_west",1559,224,TRUE,0.563431212716219,0.828809327839214,71,"12 Mar",0.89,FALSE,NA,NA,NA,NA,FALSE,0.77042689133296,0.0435290434226817,FALSE,334103,0.315373138762387,"2026-07-03"
"Eastern Yellow Robin","Eopsaltria australis","u392a;u392b","Eopsaltria australis australis;Eopsaltria australis chrysorrhos",TRUE,TRUE,"multiple_nsw_subspecies","Sedentary","local dispersal","Invertivore","Carnivore","Insessorial","ground",3,"LC","not listed","not listed","statewide",324806,57835,TRUE,0.184566859687466,0.204035846410215,215,"03 Aug",0,FALSE,NA,NA,NA,NA,FALSE,0.331598679986486,0.0546755558320504,FALSE,334105,0.478514520300225,"2026-07-03"
"Eastern Yellow Robin","Eopsaltria australis","u392a;u392b","Eopsaltria australis australis;Eopsaltria australis chrysorrhos",TRUE,TRUE,"multiple_nsw_subspecies","Sedentary","local dispersal","Invertivore","Carnivore","Insessorial","ground",3,"LC","not listed","not listed","central_west",3969,622,TRUE,0.23324271397748,0.265584973558167,210,"29 Jul",0,FALSE,NA,NA,NA,NA,FALSE,0.372012729199469,0.0490982823085497,FALSE,334105,0.478514520300225,"2026-07-03"
"Eastern Yellow Robin","Eopsaltria australis","u392a;u392b","Eopsaltria australis australis;Eopsaltria australis chrysorrhos",TRUE,TRUE,"multiple_nsw_subspecies","Sedentary","local dispersal","Invertivore","Carnivore","Insessorial","ground",3,"LC","not listed","not listed","new_england",3779,405,TRUE,0.184968790745573,0.204528872910741,215,"03 Aug",0,FALSE,NA,NA,NA,NA,FALSE,0.397996437144368,0.0497881045977802,FALSE,334105,0.478514520300225,"2026-07-03"
"Eastern Yellow Robin","Eopsaltria australis","u392a;u392b","Eopsaltria australis australis;Eopsaltria australis chrysorrhos",TRUE,TRUE,"multiple_nsw_subspecies","Sedentary","local dispersal","Invertivore","Carnivore","Insessorial","ground",3,"LC","not listed","not listed","south_west",1551,2,FALSE,NA,NA,NA,NA,NA,NA,NA,NA,NA,NA,FALSE,0,0,TRUE,334105,0.478514520300225,"2026-07-03"
"Little Pied Cormorant","Microcarbo melanoleucos","u100","Microcarbo melanoleucos melanoleucos",TRUE,FALSE,NA,"Sedentary","total migrant","Aquatic predator","Carnivore","Aquatic","below-water",4,"LC","not listed","not listed","statewide",324808,53908,TRUE,0.384242152982137,0.484901498225319,90,"31 Mar",0,FALSE,NA,NA,NA,NA,FALSE,0.301841167655771,0.046798722804581,FALSE,334098,0.280774168437314,"2026-07-03"
"Little Pied Cormorant","Microcarbo melanoleucos","u100","Microcarbo melanoleucos melanoleucos",TRUE,FALSE,NA,"Sedentary","total migrant","Aquatic predator","Carnivore","Aquatic","below-water",4,"LC","not listed","not listed","central_west",3967,520,TRUE,0.384356101876778,0.485086570067901,93,"03 Apr",0,FALSE,NA,NA,NA,NA,FALSE,0.30307784767475,0.0374536556701591,FALSE,334098,0.280774168437314,"2026-07-03"
"Little Pied Cormorant","Microcarbo melanoleucos","u100","Microcarbo melanoleucos melanoleucos",TRUE,FALSE,NA,"Sedentary","total migrant","Aquatic predator","Carnivore","Aquatic","below-water",4,"LC","not listed","not listed","new_england",3777,768,TRUE,0.680651034580996,1.14147083862593,73,"14 Mar",1,TRUE,360,162,"26 Dec","11 Jun",TRUE,0.482495214887383,0.051150405551765,FALSE,334098,0.280774168437314,"2026-07-03"
"Little Pied Cormorant","Microcarbo melanoleucos","u100","Microcarbo melanoleucos melanoleucos",TRUE,FALSE,NA,"Sedentary","total migrant","Aquatic predator","Carnivore","Aquatic","below-water",4,"LC","not listed","not listed","south_west",1546,197,TRUE,0.384434846754901,0.485214484784158,89,"30 Mar",0,FALSE,NA,NA,NA,NA,FALSE,0.490093988027049,0.0491632336012559,FALSE,334098,0.280774168437314,"2026-07-03"
"Eastern Whipbird","Psophodes olivaceus","u421b","Psophodes olivaceus olivaceus",TRUE,FALSE,NA,"Sedentary","local dispersal","Invertivore","Carnivore","Generalist","ground",2,"LC","not listed","not listed","statewide",324802,50904,TRUE,0.380792418432049,0.479314712647291,254,"11 Sep",0,FALSE,NA,NA,NA,NA,FALSE,0.262021228788345,0.0487660252344383,FALSE,334105,0.556377931589178,"2026-07-03"
"Eastern Whipbird","Psophodes olivaceus","u421b","Psophodes olivaceus olivaceus",TRUE,FALSE,NA,"Sedentary","local dispersal","Invertivore","Carnivore","Generalist","ground",2,"LC","not listed","not listed","central_west",3968,5,FALSE,NA,NA,NA,NA,NA,NA,NA,NA,NA,NA,FALSE,0.00236839734657513,0.0488041246346399,FALSE,334105,0.556377931589178,"2026-07-03"
"Eastern Whipbird","Psophodes olivaceus","u421b","Psophodes olivaceus olivaceus",TRUE,FALSE,NA,"Sedentary","local dispersal","Invertivore","Carnivore","Generalist","ground",2,"LC","not listed","not listed","new_england",3783,23,TRUE,0.381077321595803,0.479774927824955,251,"08 Sep",0,FALSE,NA,NA,NA,NA,FALSE,0.171133773713406,0.0532354520728237,FALSE,334105,0.556377931589178,"2026-07-03"
"Eastern Whipbird","Psophodes olivaceus","u421b","Psophodes olivaceus olivaceus",TRUE,FALSE,NA,"Sedentary","local dispersal","Invertivore","Carnivore","Generalist","ground",2,"LC","not listed","not listed","south_west",1552,0,FALSE,NA,NA,NA,NA,NA,NA,NA,NA,NA,NA,FALSE,0,0,TRUE,334105,0.556377931589178,"2026-07-03"
"Crimson Rosella","Platycercus elegans","u282a;u282c","Platycercus elegans elegans;Platycercus elegans flaveolus",TRUE,TRUE,"multiple_nsw_subspecies","Sedentary","local dispersal","Omnivore","Herbivore","Insessorial","mid-high",4,"LC","not listed","not listed","statewide",324795,64977,TRUE,0.374721094402011,0.469557479828408,172,"21 Jun",0,FALSE,NA,NA,NA,NA,FALSE,0.711489854167325,0.0411623369920326,FALSE,334104,0.518922380574818,"2026-07-03"
"Crimson Rosella","Platycercus elegans","u282a;u282c","Platycercus elegans elegans;Platycercus elegans flaveolus",TRUE,TRUE,"multiple_nsw_subspecies","Sedentary","local dispersal","Omnivore","Herbivore","Insessorial","mid-high",4,"LC","not listed","not listed","central_west",3970,179,TRUE,0.373874929546537,0.468205134781363,177,"26 Jun",0,FALSE,NA,NA,NA,NA,FALSE,0.65038626150466,0.0368485663619635,FALSE,334104,0.518922380574818,"2026-07-03"
"Crimson Rosella","Platycercus elegans","u282a;u282c","Platycercus elegans elegans;Platycercus elegans flaveolus",TRUE,TRUE,"multiple_nsw_subspecies","Sedentary","local dispersal","Omnivore","Herbivore","Insessorial","mid-high",4,"LC","not listed","not listed","new_england",3782,1643,TRUE,0.374412923482033,0.469064747704233,175,"24 Jun",0,FALSE,NA,NA,NA,NA,FALSE,3.5161434958683,0.0335246355540976,FALSE,334104,0.518922380574818,"2026-07-03"
"Crimson Rosella","Platycercus elegans","u282a;u282c","Platycercus elegans elegans;Platycercus elegans flaveolus",TRUE,TRUE,"multiple_nsw_subspecies","Sedentary","local dispersal","Omnivore","Herbivore","Insessorial","mid-high",4,"LC","not listed","not listed","south_west",1557,531,TRUE,0.313409581674232,0.376017353305312,166,"15 Jun",0,FALSE,NA,NA,NA,NA,FALSE,0.462529601291908,0.0532747143032135,FALSE,334104,0.518922380574818,"2026-07-03"
"Silver Gull","Chroicocephalus novaehollandiae","u125","Larus novaehollandiae novaehollandiae",TRUE,FALSE,NA,"Sedentary","local dispersal;partial migrant","Omnivore","Carnivore","Generalist","around-water",4,"LC","not listed","not listed","statewide",324499,37531,TRUE,0.177651567847679,0.195591090342161,45,"14 Feb",0,FALSE,NA,NA,NA,NA,FALSE,0.167147480045141,0.0746271364264453,FALSE,333802,0.568684563538386,"2026-07-03"
"Silver Gull","Chroicocephalus novaehollandiae","u125","Larus novaehollandiae novaehollandiae",TRUE,FALSE,NA,"Sedentary","local dispersal;partial migrant","Omnivore","Carnivore","Generalist","around-water",4,"LC","not listed","not listed","central_west",3971,96,TRUE,0.178274613326856,0.196349019215997,43,"12 Feb",0,FALSE,NA,NA,NA,NA,FALSE,0.00838000947563442,0.0562489307515181,FALSE,333802,0.568684563538386,"2026-07-03"
"Silver Gull","Chroicocephalus novaehollandiae","u125","Larus novaehollandiae novaehollandiae",TRUE,FALSE,NA,"Sedentary","local dispersal;partial migrant","Omnivore","Carnivore","Generalist","around-water",4,"LC","not listed","not listed","new_england",3779,12,FALSE,NA,NA,NA,NA,NA,NA,NA,NA,NA,NA,FALSE,0,0,TRUE,333802,0.568684563538386,"2026-07-03"
"Silver Gull","Chroicocephalus novaehollandiae","u125","Larus novaehollandiae novaehollandiae",TRUE,FALSE,NA,"Sedentary","local dispersal;partial migrant","Omnivore","Carnivore","Generalist","around-water",4,"LC","not listed","not listed","south_west",1553,55,TRUE,0.176565734516703,0.194271555885895,46,"15 Feb",0,FALSE,NA,NA,NA,NA,FALSE,0.0951839541826152,0.0673826674097463,FALSE,333802,0.568684563538386,"2026-07-03"
"Black-faced Cuckooshrike","Coracina novaehollandiae","u424a","Coracina novaehollandiae melanops",TRUE,FALSE,NA,"Sedentary","local dispersal;partial migrant","Invertivore","Carnivore","Insessorial","ground",6,"LC","not listed","not listed","statewide",324810,68469,TRUE,0.512980526458063,0.719451169959906,299,"26 Oct",0.959,TRUE,249,34,"06 Sep","03 Feb",TRUE,0.802992227636095,0.0336801575904473,FALSE,334105,0.230245669448136,"2026-07-03"
"Black-faced Cuckooshrike","Coracina novaehollandiae","u424a","Coracina novaehollandiae melanops",TRUE,FALSE,NA,"Sedentary","local dispersal;partial migrant","Invertivore","Carnivore","Insessorial","ground",6,"LC","not listed","not listed","central_west",3970,1071,TRUE,0.528955031781014,0.752801715597404,305,"01 Nov",0.88,FALSE,NA,NA,NA,NA,FALSE,1.04656198945559,0.0260894195515702,FALSE,334105,0.230245669448136,"2026-07-03"
"Black-faced Cuckooshrike","Coracina novaehollandiae","u424a","Coracina novaehollandiae melanops",TRUE,FALSE,NA,"Sedentary","local dispersal;partial migrant","Invertivore","Carnivore","Insessorial","ground",6,"LC","not listed","not listed","new_england",3780,970,TRUE,0.624443144704158,0.979345407000363,345,"11 Dec",0.998,TRUE,264,96,"21 Sep","06 Apr",TRUE,0.776411246728291,0.0262722070840653,FALSE,334105,0.230245669448136,"2026-07-03"
"Black-faced Cuckooshrike","Coracina novaehollandiae","u424a","Coracina novaehollandiae melanops",TRUE,FALSE,NA,"Sedentary","local dispersal;partial migrant","Invertivore","Carnivore","Insessorial","ground",6,"LC","not listed","not listed","south_west",1545,242,TRUE,0.608149472384448,0.936874819010897,278,"05 Oct",0.937,FALSE,NA,NA,NA,NA,FALSE,0.54442453756005,0.0408656961119738,FALSE,334105,0.230245669448136,"2026-07-03"
"Yellow-faced Honeyeater","Caligavis chrysops","u614b","Caligavis chrysops chrysops",TRUE,FALSE,NA,"Migratory","local dispersal;partial migrant","Omnivore","Herbivore","Insessorial","canopy",6,"LC","not listed","not listed","statewide",324730,61185,TRUE,0.890316228511319,2.21015385802568,127,"07 May",1,TRUE,92,266,"02 Apr","23 Sep",FALSE,2.27558414045736,0.0438980061677616,FALSE,334016,0.422625878630889,"2026-07-03"
"Yellow-faced Honeyeater","Caligavis chrysops","u614b","Caligavis chrysops chrysops",TRUE,FALSE,NA,"Migratory","local dispersal;partial migrant","Omnivore","Herbivore","Insessorial","canopy",6,"LC","not listed","not listed","central_west",3966,719,TRUE,0.819770069972103,1.71352185421532,125,"05 May",1,TRUE,96,292,"06 Apr","19 Oct",FALSE,2.41482446450662,0.0435374710754366,FALSE,334016,0.422625878630889,"2026-07-03"
"Yellow-faced Honeyeater","Caligavis chrysops","u614b","Caligavis chrysops chrysops",TRUE,FALSE,NA,"Migratory","local dispersal;partial migrant","Omnivore","Herbivore","Insessorial","canopy",6,"LC","not listed","not listed","new_england",3774,1128,TRUE,0.65182184475881,1.05504098985617,116,"26 Apr",1,TRUE,87,137,"28 Mar","17 May",FALSE,7.64985491840218,0.0371972874854163,FALSE,334016,0.422625878630889,"2026-07-03"
"Yellow-faced Honeyeater","Caligavis chrysops","u614b","Caligavis chrysops chrysops",TRUE,FALSE,NA,"Migratory","local dispersal;partial migrant","Omnivore","Herbivore","Insessorial","canopy",6,"LC","not listed","not listed","south_west",1546,1,FALSE,NA,NA,NA,NA,NA,NA,NA,NA,NA,NA,FALSE,0,0,TRUE,334016,0.422625878630889,"2026-07-03"
"Brown Thornbill","Acanthiza pusilla","u475b;u475d","Acanthiza pusilla dawsonensis;Acanthiza pusilla pusilla",TRUE,TRUE,"multiple_nsw_subspecies","Sedentary","local dispersal","Invertivore","Carnivore","Insessorial","ground",5,"LC","EN","not listed","statewide",324809,53501,TRUE,0.301725793011708,0.359143406675723,186,"05 Jul",0,FALSE,NA,NA,NA,NA,FALSE,0.386367934605427,0.0412973978700883,FALSE,334105,0.46322607090425,"2026-07-03"
"Brown Thornbill","Acanthiza pusilla","u475b;u475d","Acanthiza pusilla dawsonensis;Acanthiza pusilla pusilla",TRUE,TRUE,"multiple_nsw_subspecies","Sedentary","local dispersal","Invertivore","Carnivore","Insessorial","ground",5,"LC","EN","not listed","central_west",3969,266,TRUE,0.301500041201746,0.358820159271158,186,"05 Jul",0,FALSE,NA,NA,NA,NA,FALSE,0.201440633041384,0.0442087945853933,FALSE,334105,0.46322607090425,"2026-07-03"
"Brown Thornbill","Acanthiza pusilla","u475b;u475d","Acanthiza pusilla dawsonensis;Acanthiza pusilla pusilla",TRUE,TRUE,"multiple_nsw_subspecies","Sedentary","local dispersal","Invertivore","Carnivore","Insessorial","ground",5,"LC","EN","not listed","new_england",3778,623,TRUE,0.301211116356939,0.358406608629159,188,"07 Jul",0,FALSE,NA,NA,NA,NA,FALSE,1.14946152098802,0.0411566425788197,FALSE,334105,0.46322607090425,"2026-07-03"
"Brown Thornbill","Acanthiza pusilla","u475b;u475d","Acanthiza pusilla dawsonensis;Acanthiza pusilla pusilla",TRUE,TRUE,"multiple_nsw_subspecies","Sedentary","local dispersal","Invertivore","Carnivore","Insessorial","ground",5,"LC","EN","not listed","south_west",1549,0,FALSE,NA,NA,NA,NA,NA,NA,NA,NA,NA,NA,FALSE,0,0,TRUE,334105,0.46322607090425,"2026-07-03"
"Little Wattlebird","Anthochaera chrysoptera","u710a","Anthochaera chrysoptera chrysoptera",TRUE,FALSE,NA,"Sedentary","local dispersal;partial migrant","Nectarivore","Herbivore","Insessorial","understory",3,"LC","not listed","not listed","statewide",324800,32922,TRUE,0.458121656118128,0.612713760519434,257,"14 Sep",0,FALSE,NA,NA,NA,NA,FALSE,0.0572239558633133,0.0491796107878627,FALSE,334105,0.592410563687261,"2026-07-03"
"Little Wattlebird","Anthochaera chrysoptera","u710a","Anthochaera chrysoptera chrysoptera",TRUE,FALSE,NA,"Sedentary","local dispersal;partial migrant","Nectarivore","Herbivore","Insessorial","understory",3,"LC","not listed","not listed","central_west",3965,0,FALSE,NA,NA,NA,NA,NA,NA,NA,NA,NA,NA,FALSE,0,0,TRUE,334105,0.592410563687261,"2026-07-03"
"Little Wattlebird","Anthochaera chrysoptera","u710a","Anthochaera chrysoptera chrysoptera",TRUE,FALSE,NA,"Sedentary","local dispersal;partial migrant","Nectarivore","Herbivore","Insessorial","understory",3,"LC","not listed","not listed","new_england",3780,1,FALSE,NA,NA,NA,NA,NA,NA,NA,NA,NA,NA,FALSE,0,0,TRUE,334105,0.592410563687261,"2026-07-03"
"Little Wattlebird","Anthochaera chrysoptera","u710a","Anthochaera chrysoptera chrysoptera",TRUE,FALSE,NA,"Sedentary","local dispersal;partial migrant","Nectarivore","Herbivore","Insessorial","understory",3,"LC","not listed","not listed","south_west",1560,0,FALSE,NA,NA,NA,NA,NA,NA,NA,NA,NA,NA,FALSE,0,0,TRUE,334105,0.592410563687261,"2026-07-03"
"Silvereye","Zosterops lateralis","u574c;u574f;u574i","Zosterops lateralis cornwalli;Zosterops lateralis pinarochrous;Zosterops lateralis westernensis",TRUE,TRUE,"multiple_nsw_subspecies","Sedentary","local dispersal;partial migrant","Omnivore","Omnivore","Insessorial","understory",3,"LC","not listed","VU","statewide",324806,54865,TRUE,0.647486935622031,1.04266759535143,131,"11 May",1,TRUE,74,235,"15 Mar","23 Aug",FALSE,0.75167767789849,0.0541691400819332,FALSE,334101,0.252722052876282,"2026-07-03"
"Silvereye","Zosterops lateralis","u574c;u574f;u574i","Zosterops lateralis cornwalli;Zosterops lateralis pinarochrous;Zosterops lateralis westernensis",TRUE,TRUE,"multiple_nsw_subspecies","Sedentary","local dispersal;partial migrant","Omnivore","Omnivore","Insessorial","understory",3,"LC","not listed","VU","central_west",3968,350,TRUE,0.648260158818433,1.04486346419626,132,"12 May",1,TRUE,74,235,"15 Mar","23 Aug",FALSE,1.30669465964809,0.0481779316046708,FALSE,334101,0.252722052876282,"2026-07-03"
"Silvereye","Zosterops lateralis","u574c;u574f;u574i","Zosterops lateralis cornwalli;Zosterops lateralis pinarochrous;Zosterops lateralis westernensis",TRUE,TRUE,"multiple_nsw_subspecies","Sedentary","local dispersal;partial migrant","Omnivore","Omnivore","Insessorial","understory",3,"LC","not listed","VU","new_england",3782,733,TRUE,0.647476745603459,1.04263868898647,130,"10 May",1,TRUE,74,234,"15 Mar","22 Aug",FALSE,1.69271342360248,0.0501638300459727,FALSE,334101,0.252722052876282,"2026-07-03"
"Silvereye","Zosterops lateralis","u574c;u574f;u574i","Zosterops lateralis cornwalli;Zosterops lateralis pinarochrous;Zosterops lateralis westernensis",TRUE,TRUE,"multiple_nsw_subspecies","Sedentary","local dispersal;partial migrant","Omnivore","Omnivore","Insessorial","understory",3,"LC","not listed","VU","south_west",1545,20,TRUE,0.614143098403463,0.952288699503913,127,"07 May",0.973,TRUE,70,230,"11 Mar","18 Aug",FALSE,0.00590255276249684,0.0692497831834874,FALSE,334101,0.252722052876282,"2026-07-03"
"Eastern Rosella","Platycercus eximius","u288b;u288c","Platycercus eximius elecica;Platycercus eximius eximius",TRUE,TRUE,"multiple_nsw_subspecies","Sedentary","local dispersal","Omnivore","Herbivore","Insessorial","ground",5,"LC","not listed","not listed","statewide",324808,54586,TRUE,0.222694762149443,0.251922164250004,196,"15 Jul",0,FALSE,NA,NA,NA,NA,FALSE,0.877662909830848,0.0434349346336931,FALSE,334105,0.375900861784741,"2026-07-03"
"Eastern Rosella","Platycercus eximius","u288b;u288c","Platycercus eximius elecica;Platycercus eximius eximius",TRUE,TRUE,"multiple_nsw_subspecies","Sedentary","local dispersal","Omnivore","Herbivore","Insessorial","ground",5,"LC","not listed","not listed","central_west",3973,1815,TRUE,0.22143180238283,0.250298690238278,196,"15 Jul",0,FALSE,NA,NA,NA,NA,FALSE,2.62825562392838,0.0348940267505802,FALSE,334105,0.375900861784741,"2026-07-03"
"Eastern Rosella","Platycercus eximius","u288b;u288c","Platycercus eximius elecica;Platycercus eximius eximius",TRUE,TRUE,"multiple_nsw_subspecies","Sedentary","local dispersal","Omnivore","Herbivore","Insessorial","ground",5,"LC","not listed","not listed","new_england",3778,1589,TRUE,0.222207941553161,0.251296067589243,200,"19 Jul",0,FALSE,NA,NA,NA,NA,FALSE,2.31911042834768,0.0470414440249931,FALSE,334105,0.375900861784741,"2026-07-03"
"Eastern Rosella","Platycercus eximius","u288b;u288c","Platycercus eximius elecica;Platycercus eximius eximius",TRUE,TRUE,"multiple_nsw_subspecies","Sedentary","local dispersal","Omnivore","Herbivore","Insessorial","ground",5,"LC","not listed","not listed","south_west",1546,74,TRUE,0.222162814368496,0.251238049671607,203,"22 Jul",0,FALSE,NA,NA,NA,NA,FALSE,0.486090469912404,0.0622316544996097,FALSE,334105,0.375900861784741,"2026-07-03"
"Eastern Spinebill","Acanthorhynchus tenuirostris","u591d","Acanthorhynchus tenuirostris tenuirostris",TRUE,FALSE,NA,"Sedentary","local dispersal;partial migrant","Nectarivore","Omnivore","Insessorial","understory",5,"LC","not listed","not listed","statewide",324802,39969,TRUE,0.596337353389341,0.907175782997299,182,"01 Jul",1,TRUE,107,255,"17 Apr","12 Sep",FALSE,0.250790134525567,0.057929952922671,FALSE,334105,0.494320681333669,"2026-07-03"
"Eastern Spinebill","Acanthorhynchus tenuirostris","u591d","Acanthorhynchus tenuirostris tenuirostris",TRUE,FALSE,NA,"Sedentary","local dispersal;partial migrant","Nectarivore","Omnivore","Insessorial","understory",5,"LC","not listed","not listed","central_west",3969,242,TRUE,0.59553715698812,0.905195405758813,184,"03 Jul",1,TRUE,107,255,"17 Apr","12 Sep",FALSE,0.154337954540247,0.0680288125832813,FALSE,334105,0.494320681333669,"2026-07-03"
"Eastern Spinebill","Acanthorhynchus tenuirostris","u591d","Acanthorhynchus tenuirostris tenuirostris",TRUE,FALSE,NA,"Sedentary","local dispersal;partial migrant","Nectarivore","Omnivore","Insessorial","understory",5,"LC","not listed","not listed","new_england",3780,567,TRUE,0.429650563599355,0.56150605967275,196,"15 Jul",0.103,FALSE,NA,NA,NA,NA,FALSE,0.626213654891404,0.0502600291089157,FALSE,334105,0.494320681333669,"2026-07-03"
"Eastern Spinebill","Acanthorhynchus tenuirostris","u591d","Acanthorhynchus tenuirostris tenuirostris",TRUE,FALSE,NA,"Sedentary","local dispersal;partial migrant","Nectarivore","Omnivore","Insessorial","understory",5,"LC","not listed","not listed","south_west",1554,0,FALSE,NA,NA,NA,NA,NA,NA,NA,NA,NA,NA,FALSE,0,0,TRUE,334105,0.494320681333669,"2026-07-03"
"Dusky Moorhen","Gallinula tenebrosa","u56","Gallinula tenebrosa tenebrosa",TRUE,FALSE,NA,"Sedentary","local dispersal;nomadic","Omnivore","Herbivore","Terrestrial","ground",4,"LC","not listed","not listed","statewide",324807,48668,TRUE,0.211323174302609,0.237398641921769,131,"11 May",0,FALSE,NA,NA,NA,NA,FALSE,0.236473476231345,0.0713117398527105,FALSE,334105,0.328304588880298,"2026-07-03"
"Dusky Moorhen","Gallinula tenebrosa","u56","Gallinula tenebrosa tenebrosa",TRUE,FALSE,NA,"Sedentary","local dispersal;nomadic","Omnivore","Herbivore","Terrestrial","ground",4,"LC","not listed","not listed","central_west",3964,734,TRUE,0.211544396710164,0.237679179440293,130,"10 May",0,FALSE,NA,NA,NA,NA,FALSE,0.483706526731033,0.0476633492983998,FALSE,334105,0.328304588880298,"2026-07-03"
"Dusky Moorhen","Gallinula tenebrosa","u56","Gallinula tenebrosa tenebrosa",TRUE,FALSE,NA,"Sedentary","local dispersal;nomadic","Omnivore","Herbivore","Terrestrial","ground",4,"LC","not listed","not listed","new_england",3779,921,TRUE,0.210920452491683,0.236888142548721,134,"14 May",0,FALSE,NA,NA,NA,NA,FALSE,0.681415851816677,0.0600370652415366,FALSE,334105,0.328304588880298,"2026-07-03"
"Dusky Moorhen","Gallinula tenebrosa","u56","Gallinula tenebrosa tenebrosa",TRUE,FALSE,NA,"Sedentary","local dispersal;nomadic","Omnivore","Herbivore","Terrestrial","ground",4,"LC","not listed","not listed","south_west",1555,51,TRUE,0.211433172454431,0.237538123417573,126,"06 May",0,FALSE,NA,NA,NA,NA,FALSE,0.131132437181327,0.070266326485838,FALSE,334105,0.328304588880298,"2026-07-03"
"Gray Shrikethrush","Colluricincla harmonica","u408b","Colluricincla harmonica harmonica",TRUE,FALSE,NA,"Sedentary","local dispersal;partial migrant","Invertivore","Carnivore","Insessorial","mid-high",4,"LC","not listed","not listed","statewide",324813,69264,TRUE,0.414463853114983,0.535227361069442,245,"02 Sep",0,FALSE,NA,NA,NA,NA,FALSE,0.541337447867054,0.0368692624835359,FALSE,334105,0.366334280397384,"2026-07-03"
"Gray Shrikethrush","Colluricincla harmonica","u408b","Colluricincla harmonica harmonica",TRUE,FALSE,NA,"Sedentary","local dispersal;partial migrant","Invertivore","Carnivore","Insessorial","mid-high",4,"LC","not listed","not listed","central_west",3964,1062,TRUE,0.414505731257538,0.535298884647334,243,"31 Aug",0,FALSE,NA,NA,NA,NA,FALSE,0.656298265841853,0.0276819569199263,FALSE,334105,0.366334280397384,"2026-07-03"
"Gray Shrikethrush","Colluricincla harmonica","u408b","Colluricincla harmonica harmonica",TRUE,FALSE,NA,"Sedentary","local dispersal;partial migrant","Invertivore","Carnivore","Insessorial","mid-high",4,"LC","not listed","not listed","new_england",3778,883,TRUE,0.41404232983828,0.534507727233121,244,"01 Sep",0,FALSE,NA,NA,NA,NA,FALSE,0.725725482076704,0.025130663885076,FALSE,334105,0.366334280397384,"2026-07-03"
"Gray Shrikethrush","Colluricincla harmonica","u408b","Colluricincla harmonica harmonica",TRUE,FALSE,NA,"Sedentary","local dispersal;partial migrant","Invertivore","Carnivore","Insessorial","mid-high",4,"LC","not listed","not listed","south_west",1550,256,TRUE,0.414815146894415,0.535827493449367,244,"01 Sep",0,FALSE,NA,NA,NA,NA,FALSE,0.334846311228522,0.0484355741670382,FALSE,334105,0.366334280397384,"2026-07-03"
"White-browed Scrubwren","Sericornis frontalis","u488d;u488f;u488j","Sericornis frontalis frontalis;Sericornis frontalis laevigaster;Sericornis frontalis tweedi",TRUE,TRUE,"multiple_nsw_subspecies","Sedentary","local dispersal","Invertivore","Omnivore","Insessorial","ground",2,"LC","not listed","not listed","statewide",324810,47941,TRUE,0.186047905400844,0.205853766555223,274,"01 Oct",0,FALSE,NA,NA,NA,NA,FALSE,0.311878673730607,0.0416608089799374,FALSE,334105,0.398810922229619,"2026-07-03"
"White-browed Scrubwren","Sericornis frontalis","u488d;u488f;u488j","Sericornis frontalis frontalis;Sericornis frontalis laevigaster;Sericornis frontalis tweedi",TRUE,TRUE,"multiple_nsw_subspecies","Sedentary","local dispersal","Invertivore","Omnivore","Insessorial","ground",2,"LC","not listed","not listed","central_west",3971,345,TRUE,0.1858684194733,0.205633279204341,267,"24 Sep",0,FALSE,NA,NA,NA,NA,FALSE,0.257793118041322,0.0409205050352426,FALSE,334105,0.398810922229619,"2026-07-03"
"White-browed Scrubwren","Sericornis frontalis","u488d;u488f;u488j","Sericornis frontalis frontalis;Sericornis frontalis laevigaster;Sericornis frontalis tweedi",TRUE,TRUE,"multiple_nsw_subspecies","Sedentary","local dispersal","Invertivore","Omnivore","Insessorial","ground",2,"LC","not listed","not listed","new_england",3773,390,TRUE,0.185023133518284,0.204595550829139,272,"29 Sep",0,FALSE,NA,NA,NA,NA,FALSE,0.900920055779568,0.0461900749266635,FALSE,334105,0.398810922229619,"2026-07-03"
"White-browed Scrubwren","Sericornis frontalis","u488d;u488f;u488j","Sericornis frontalis frontalis;Sericornis frontalis laevigaster;Sericornis frontalis tweedi",TRUE,TRUE,"multiple_nsw_subspecies","Sedentary","local dispersal","Invertivore","Omnivore","Insessorial","ground",2,"LC","not listed","not listed","south_west",1551,0,FALSE,NA,NA,NA,NA,NA,NA,NA,NA,NA,NA,FALSE,0,0,TRUE,334105,0.398810922229619,"2026-07-03"
"Little Black Cormorant","Phalacrocorax sulcirostris","u97","Phalacrocorax sulcirostris",TRUE,FALSE,NA,"Sedentary","nomadic;irruptive","Aquatic predator","Carnivore","Aquatic","below-water",3,"LC","not listed","not listed","statewide",324657,42073,TRUE,0.319481057405334,0.384899620989037,59,"28 Feb",0,FALSE,NA,NA,NA,NA,FALSE,0.385872176669858,0.0660154051625854,FALSE,333969,0.308170240042265,"2026-07-03"
"Little Black Cormorant","Phalacrocorax sulcirostris","u97","Phalacrocorax sulcirostris",TRUE,FALSE,NA,"Sedentary","nomadic;irruptive","Aquatic predator","Carnivore","Aquatic","below-water",3,"LC","not listed","not listed","central_west",3968,375,TRUE,0.494634936494362,0.682474212840736,53,"22 Feb",0.462,FALSE,NA,NA,NA,NA,FALSE,0.220899085957018,0.0529984764435987,FALSE,333969,0.308170240042265,"2026-07-03"
"Little Black Cormorant","Phalacrocorax sulcirostris","u97","Phalacrocorax sulcirostris",TRUE,FALSE,NA,"Sedentary","nomadic;irruptive","Aquatic predator","Carnivore","Aquatic","below-water",3,"LC","not listed","not listed","new_england",3779,346,TRUE,0.708070133523874,1.23124168886342,58,"27 Feb",0.999,TRUE,333,127,"29 Nov","07 May",TRUE,0.242116882591817,0.0721070067191934,FALSE,333969,0.308170240042265,"2026-07-03"
"Little Black Cormorant","Phalacrocorax sulcirostris","u97","Phalacrocorax sulcirostris",TRUE,FALSE,NA,"Sedentary","nomadic;irruptive","Aquatic predator","Carnivore","Aquatic","below-water",3,"LC","not listed","not listed","south_west",1565,173,TRUE,0.693524404496359,1.18261714992885,109,"19 Apr",0.983,TRUE,40,217,"09 Feb","05 Aug",FALSE,0.341694575909435,0.0654148839242958,FALSE,333969,0.308170240042265,"2026-07-03"
"Red-browed Firetail","Neochmia temporalis","u662b","Neochmia temporalis temporalis",TRUE,FALSE,NA,"Sedentary","local dispersal;partial migrant","Granivore","Herbivore","Terrestrial","ground",3,"LC","not listed","not listed","statewide",324809,45052,TRUE,0.617646355279541,0.961409327118193,216,"04 Aug",1,TRUE,61,271,"02 Mar","28 Sep",FALSE,0.606362374319419,0.0586897563452174,FALSE,334105,0.260972084899757,"2026-07-03"
"Red-browed Firetail","Neochmia temporalis","u662b","Neochmia temporalis temporalis",TRUE,FALSE,NA,"Sedentary","local dispersal;partial migrant","Granivore","Herbivore","Terrestrial","ground",3,"LC","not listed","not listed","central_west",3968,754,TRUE,0.617232014000385,0.960326254040599,212,"31 Jul",1,TRUE,61,270,"02 Mar","27 Sep",FALSE,1.48950263317809,0.0545849132983006,FALSE,334105,0.260972084899757,"2026-07-03"
"Red-browed Firetail","Neochmia temporalis","u662b","Neochmia temporalis temporalis",TRUE,FALSE,NA,"Sedentary","local dispersal;partial migrant","Granivore","Herbivore","Terrestrial","ground",3,"LC","not listed","not listed","new_england",3780,652,TRUE,0.616980400811574,0.959669118295042,218,"06 Aug",1,TRUE,61,271,"02 Mar","28 Sep",FALSE,1.80223658624072,0.0637536799969942,FALSE,334105,0.260972084899757,"2026-07-03"
"Red-browed Firetail","Neochmia temporalis","u662b","Neochmia temporalis temporalis",TRUE,FALSE,NA,"Sedentary","local dispersal;partial migrant","Granivore","Herbivore","Terrestrial","ground",3,"LC","not listed","not listed","south_west",1548,2,FALSE,NA,NA,NA,NA,NA,NA,NA,NA,NA,NA,FALSE,0,0,TRUE,334105,0.260972084899757,"2026-07-03"
"Eurasian Coot","Fulica atra","u59","Fulica atra australis",TRUE,FALSE,NA,"Sedentary","nomadic;irruptive","Herbivore aquatic","Herbivore","Generalist","below-water",3,"LC","not listed","not listed","statewide",324229,40721,TRUE,0.183890544334537,0.203206796168642,171,"20 Jun",0,FALSE,NA,NA,NA,NA,FALSE,1.80732271628026,0.0784558355638843,FALSE,333493,0.216101926019796,"2026-07-03"
"Eurasian Coot","Fulica atra","u59","Fulica atra australis",TRUE,FALSE,NA,"Sedentary","nomadic;irruptive","Herbivore aquatic","Herbivore","Generalist","below-water",3,"LC","not listed","not listed","central_west",3964,536,TRUE,0.183946409175484,0.203275251144496,172,"21 Jun",0,FALSE,NA,NA,NA,NA,FALSE,2.39552578532888,0.0615588216121949,FALSE,333493,0.216101926019796,"2026-07-03"
"Eurasian Coot","Fulica atra","u59","Fulica atra australis",TRUE,FALSE,NA,"Sedentary","nomadic;irruptive","Herbivore aquatic","Herbivore","Generalist","below-water",3,"LC","not listed","not listed","new_england",3744,979,TRUE,0.183141312480651,0.202289164174917,172,"21 Jun",0,FALSE,NA,NA,NA,NA,FALSE,4.74228538219884,0.0737055727125456,FALSE,333493,0.216101926019796,"2026-07-03"
"Eurasian Coot","Fulica atra","u59","Fulica atra australis",TRUE,FALSE,NA,"Sedentary","nomadic;irruptive","Herbivore aquatic","Herbivore","Generalist","below-water",3,"LC","not listed","not listed","south_west",1556,78,TRUE,0.18409009201424,0.203451336993514,167,"16 Jun",0,FALSE,NA,NA,NA,NA,FALSE,3.81775388044818,0.0921685531458725,FALSE,333493,0.216101926019796,"2026-07-03"
"Golden Whistler","Pachycephala pectoralis","u398d;u398g","Pachycephala pectoralis pectoralis;Pachycephala pectoralis youngi",TRUE,TRUE,"multiple_nsw_subspecies","Partial migrant","local dispersal;partial migrant","Invertivore","Carnivore","Insessorial","ground",3,"LC","VU","VU","statewide",324814,44806,TRUE,0.747817369391829,1.3776017293212,129,"09 May",1,TRUE,86,276,"27 Mar","03 Oct",FALSE,0.243338475388346,0.0543785770995237,FALSE,334105,0.445407039938622,"2026-07-03"
"Golden Whistler","Pachycephala pectoralis","u398d;u398g","Pachycephala pectoralis pectoralis;Pachycephala pectoralis youngi",TRUE,TRUE,"multiple_nsw_subspecies","Partial migrant","local dispersal;partial migrant","Invertivore","Carnivore","Insessorial","ground",3,"LC","VU","VU","central_west",3965,260,TRUE,0.971366395707196,3.55317427562667,151,"31 May",1,TRUE,98,251,"08 Apr","08 Sep",FALSE,0.18965766754036,0.0418136302412489,FALSE,334105,0.445407039938622,"2026-07-03"
"Golden Whistler","Pachycephala pectoralis","u398d;u398g","Pachycephala pectoralis pectoralis;Pachycephala pectoralis youngi",TRUE,TRUE,"multiple_nsw_subspecies","Partial migrant","local dispersal;partial migrant","Invertivore","Carnivore","Insessorial","ground",3,"LC","VU","VU","new_england",3781,243,TRUE,0.908535705770011,2.39180660985369,144,"24 May",1,TRUE,92,255,"02 Apr","12 Sep",FALSE,0.310425275854249,0.0482742619902897,FALSE,334105,0.445407039938622,"2026-07-03"
"Golden Whistler","Pachycephala pectoralis","u398d;u398g","Pachycephala pectoralis pectoralis;Pachycephala pectoralis youngi",TRUE,TRUE,"multiple_nsw_subspecies","Partial migrant","local dispersal;partial migrant","Invertivore","Carnivore","Insessorial","ground",3,"LC","VU","VU","south_west",1545,12,FALSE,NA,NA,NA,NA,NA,NA,NA,NA,NA,NA,FALSE,0.00976725459241031,0.10734793806884,FALSE,334105,0.445407039938622,"2026-07-03"
"Australian Pelican","Pelecanus conspicillatus","u106","Pelecanus conspicillatus",TRUE,FALSE,NA,"Sedentary","nomadic;irruptive","Aquatic predator","Carnivore","Aquatic","below-water",3,"LC","not listed","not listed","statewide",324709,39435,TRUE,0.101617790830907,0.107159678548846,225,"13 Aug",0,FALSE,NA,NA,NA,NA,FALSE,0.463702802847821,0.0651869436033636,FALSE,334009,0.38623349009137,"2026-07-03"
"Australian Pelican","Pelecanus conspicillatus","u106","Pelecanus conspicillatus",TRUE,FALSE,NA,"Sedentary","nomadic;irruptive","Aquatic predator","Carnivore","Aquatic","below-water",3,"LC","not listed","not listed","central_west",3967,266,TRUE,0.100089367293524,0.105459817580904,220,"08 Aug",0,FALSE,NA,NA,NA,NA,FALSE,0.21820954168225,0.0517151214082489,FALSE,334009,0.38623349009137,"2026-07-03"
"Australian Pelican","Pelecanus conspicillatus","u106","Pelecanus conspicillatus",TRUE,FALSE,NA,"Sedentary","nomadic;irruptive","Aquatic predator","Carnivore","Aquatic","below-water",3,"LC","not listed","not listed","new_england",3781,136,TRUE,0.77484627372235,1.49097188217098,27,"27 Jan",1,TRUE,310,94,"06 Nov","04 Apr",TRUE,0.0727785650412759,0.0798315510871083,FALSE,334009,0.38623349009137,"2026-07-03"
"Australian Pelican","Pelecanus conspicillatus","u106","Pelecanus conspicillatus",TRUE,FALSE,NA,"Sedentary","nomadic;irruptive","Aquatic predator","Carnivore","Aquatic","below-water",3,"LC","not listed","not listed","south_west",1552,298,TRUE,0.187544444433092,0.207694067115119,39,"08 Feb",0,FALSE,NA,NA,NA,NA,FALSE,0.622429609788147,0.0645877267522613,FALSE,334009,0.38623349009137,"2026-07-03"
"Australasian Swamphen","Porphyrio melanotus","u58b","Porphyrio porphyrio melanotus",TRUE,FALSE,NA,"Sedentary",NA,"Herbivore aquatic","Herbivore","Terrestrial",NA,2,NA,NA,NA,"statewide",324795,43016,TRUE,0.233811803264224,0.266327451773197,183,"02 Jul",0,FALSE,NA,NA,NA,NA,FALSE,0.334639595730902,0.0708394914429286,FALSE,334091,0.301879499824547,"2026-07-03"
"Australasian Swamphen","Porphyrio melanotus","u58b","Porphyrio porphyrio melanotus",TRUE,FALSE,NA,"Sedentary",NA,"Herbivore aquatic","Herbivore","Terrestrial",NA,2,NA,NA,NA,"central_west",3966,470,TRUE,0.233084958235852,0.265379250680696,175,"24 Jun",0,FALSE,NA,NA,NA,NA,FALSE,0.098399660461936,0.0586410633336876,FALSE,334091,0.301879499824547,"2026-07-03"
"Australasian Swamphen","Porphyrio melanotus","u58b","Porphyrio porphyrio melanotus",TRUE,FALSE,NA,"Sedentary",NA,"Herbivore aquatic","Herbivore","Terrestrial",NA,2,NA,NA,NA,"new_england",3773,827,TRUE,0.291472440747289,0.344566322580089,181,"30 Jun",0,FALSE,NA,NA,NA,NA,FALSE,1.23449467482247,0.0651410625896306,FALSE,334091,0.301879499824547,"2026-07-03"
"Australasian Swamphen","Porphyrio melanotus","u58b","Porphyrio porphyrio melanotus",TRUE,FALSE,NA,"Sedentary",NA,"Herbivore aquatic","Herbivore","Terrestrial",NA,2,NA,NA,NA,"south_west",1557,52,TRUE,0.234537562177621,0.267275133902971,173,"22 Jun",0,FALSE,NA,NA,NA,NA,FALSE,1.55257622564851,0.0814679993415794,FALSE,334091,0.301879499824547,"2026-07-03"
"White-throated Treecreeper","Cormobates leucophaea","u558c;u558d","Cormobates leucophaea leucophaea;Cormobates leucophaea metastasis",TRUE,TRUE,"multiple_nsw_subspecies","Sedentary","local dispersal","Invertivore","Carnivore","Insessorial","understory",7,"LC","not listed","not listed","statewide",324796,51510,TRUE,0.273643825987975,0.319714786648396,43,"12 Feb",0,FALSE,NA,NA,NA,NA,FALSE,0.373499422418831,0.046019363166526,FALSE,334105,0.526360098228009,"2026-07-03"
"White-throated Treecreeper","Cormobates leucophaea","u558c;u558d","Cormobates leucophaea leucophaea;Cormobates leucophaea metastasis",TRUE,TRUE,"multiple_nsw_subspecies","Sedentary","local dispersal","Invertivore","Carnivore","Insessorial","understory",7,"LC","not listed","not listed","central_west",3974,913,TRUE,0.273546449822121,0.319580734453703,44,"13 Feb",0,FALSE,NA,NA,NA,NA,FALSE,0.499736860370546,0.0447637893070985,FALSE,334105,0.526360098228009,"2026-07-03"
"White-throated Treecreeper","Cormobates leucophaea","u558c;u558d","Cormobates leucophaea leucophaea;Cormobates leucophaea metastasis",TRUE,TRUE,"multiple_nsw_subspecies","Sedentary","local dispersal","Invertivore","Carnivore","Insessorial","understory",7,"LC","not listed","not listed","new_england",3778,892,TRUE,0.272940111718495,0.31874642756289,43,"12 Feb",0,FALSE,NA,NA,NA,NA,FALSE,1.01675363261884,0.0391920122422014,FALSE,334105,0.526360098228009,"2026-07-03"
"White-throated Treecreeper","Cormobates leucophaea","u558c;u558d","Cormobates leucophaea leucophaea;Cormobates leucophaea metastasis",TRUE,TRUE,"multiple_nsw_subspecies","Sedentary","local dispersal","Invertivore","Carnivore","Insessorial","understory",7,"LC","not listed","not listed","south_west",1557,0,FALSE,NA,NA,NA,NA,NA,NA,NA,NA,NA,NA,FALSE,0.000199143186944708,0.135206400139912,FALSE,334105,0.526360098228009,"2026-07-03"
"Spotted Dove","Spilopelia chinensis",NA,NA,FALSE,FALSE,NA,"Sedentary","local dispersal","Granivore","Herbivore","Terrestrial","ground",4,"LC","not listed","not listed","statewide",324804,33264,TRUE,0.0273248601906357,0.0277051273552553,39,"08 Feb",0,FALSE,NA,NA,NA,NA,FALSE,0.0179649986051347,0.054709324123768,FALSE,334105,0.471231006280929,"2026-07-03"
"Spotted Dove","Spilopelia chinensis",NA,NA,FALSE,FALSE,NA,"Sedentary","local dispersal","Granivore","Herbivore","Terrestrial","ground",4,"LC","not listed","not listed","central_west",3968,41,TRUE,0.0277247592070772,0.0281163450665811,32,"01 Feb",0,FALSE,NA,NA,NA,NA,FALSE,0,0,TRUE,334105,0.471231006280929,"2026-07-03"
"Spotted Dove","Spilopelia chinensis",NA,NA,FALSE,FALSE,NA,"Sedentary","local dispersal","Granivore","Herbivore","Terrestrial","ground",4,"LC","not listed","not listed","new_england",3781,138,TRUE,0.0302324033797374,0.030698827304376,12,"12 Jan",0,FALSE,NA,NA,NA,NA,FALSE,0,0,TRUE,334105,0.471231006280929,"2026-07-03"
"Spotted Dove","Spilopelia chinensis",NA,NA,FALSE,FALSE,NA,"Sedentary","local dispersal","Granivore","Herbivore","Terrestrial","ground",4,"LC","not listed","not listed","south_west",1552,1,FALSE,NA,NA,NA,NA,NA,NA,NA,NA,NA,NA,FALSE,0,0,TRUE,334105,0.471231006280929,"2026-07-03"
"Spotted Pardalote","Pardalotus punctatus","u565b;u565c","Pardalotus punctatus punctatus;Pardalotus punctatus xanthopyge",TRUE,TRUE,"multiple_nsw_subspecies","Sedentary","local dispersal;partial migrant","Invertivore","Omnivore","Insessorial","canopy",3,"LC","not listed","not listed","statewide",324811,48464,TRUE,0.73908457265966,1.34355895734831,196,"15 Jul",1,TRUE,77,261,"18 Mar","18 Sep",FALSE,0.507260280383089,0.0457697978502995,FALSE,334105,0.450271701413137,"2026-07-03"
"Spotted Pardalote","Pardalotus punctatus","u565b;u565c","Pardalotus punctatus punctatus;Pardalotus punctatus xanthopyge",TRUE,TRUE,"multiple_nsw_subspecies","Sedentary","local dispersal;partial migrant","Invertivore","Omnivore","Insessorial","canopy",3,"LC","not listed","not listed","central_west",3968,638,TRUE,0.738971468680758,1.34312556223454,197,"16 Jul",1,TRUE,77,260,"18 Mar","17 Sep",FALSE,0.740866802408062,0.0372136529085562,FALSE,334105,0.450271701413137,"2026-07-03"
"Spotted Pardalote","Pardalotus punctatus","u565b;u565c","Pardalotus punctatus punctatus;Pardalotus punctatus xanthopyge",TRUE,TRUE,"multiple_nsw_subspecies","Sedentary","local dispersal;partial migrant","Invertivore","Omnivore","Insessorial","canopy",3,"LC","not listed","not listed","new_england",3782,640,TRUE,0.59729947878179,0.909562116816628,108,"18 Apr",0.982,TRUE,71,291,"12 Mar","18 Oct",FALSE,0.955437600744599,0.0454323321680702,FALSE,334105,0.450271701413137,"2026-07-03"
"Spotted Pardalote","Pardalotus punctatus","u565b;u565c","Pardalotus punctatus punctatus;Pardalotus punctatus xanthopyge",TRUE,TRUE,"multiple_nsw_subspecies","Sedentary","local dispersal;partial migrant","Invertivore","Omnivore","Insessorial","canopy",3,"LC","not listed","not listed","south_west",1544,66,TRUE,0.738845631263892,1.34264359540151,196,"15 Jul",1,TRUE,77,260,"18 Mar","17 Sep",FALSE,0.223037252338611,0.0596223429489114,FALSE,334105,0.450271701413137,"2026-07-03"
"European Starling","Sturnus vulgaris",NA,NA,FALSE,FALSE,NA,"Partial migrant","local dispersal;nomadic","Omnivore","Omnivore","Insessorial","ground",6,"LC","not listed","not listed","statewide",324691,38094,TRUE,0.227237420853173,0.257783419685286,151,"31 May",0,FALSE,NA,NA,NA,NA,FALSE,2.72497778616722,0.065263145091134,FALSE,333982,0.398652622510193,"2026-07-03"
"European Starling","Sturnus vulgaris",NA,NA,FALSE,FALSE,NA,"Partial migrant","local dispersal;nomadic","Omnivore","Omnivore","Insessorial","ground",6,"LC","not listed","not listed","central_west",3965,1093,TRUE,0.226758028596533,0.257163250395572,153,"02 Jun",0,FALSE,NA,NA,NA,NA,FALSE,4.53057963719054,0.0549373893216432,FALSE,333982,0.398652622510193,"2026-07-03"
"European Starling","Sturnus vulgaris",NA,NA,FALSE,FALSE,NA,"Partial migrant","local dispersal;nomadic","Omnivore","Omnivore","Insessorial","ground",6,"LC","not listed","not listed","new_england",3777,708,TRUE,0.322766812568347,0.389739623084536,90,"31 Mar",0.002,FALSE,NA,NA,NA,NA,FALSE,1.57463106369096,0.075620557119449,FALSE,333982,0.398652622510193,"2026-07-03"
"European Starling","Sturnus vulgaris",NA,NA,FALSE,FALSE,NA,"Partial migrant","local dispersal;nomadic","Omnivore","Omnivore","Insessorial","ground",6,"LC","not listed","not listed","south_west",1549,251,TRUE,0.226167351805664,0.256399645573817,150,"30 May",0,FALSE,NA,NA,NA,NA,FALSE,5.3022718544651,0.0697192680841732,FALSE,333982,0.398652622510193,"2026-07-03"
"Little Corella","Cacatua sanguinea","u271a","Cacatua sanguinea gymnopis",TRUE,FALSE,NA,"Sedentary","local dispersal;partial migrant","Granivore","Herbivore","Terrestrial","ground",2,"LC","not listed","not listed","statewide",324461,38925,TRUE,0.29237786802632,0.345845039664892,143,"23 May",0,FALSE,NA,NA,NA,NA,FALSE,2.97200217340839,0.0806344379973645,FALSE,333747,0.200836017448913,"2026-07-03"
"Little Corella","Cacatua sanguinea","u271a","Cacatua sanguinea gymnopis",TRUE,FALSE,NA,"Sedentary","local dispersal;partial migrant","Granivore","Herbivore","Terrestrial","ground",2,"LC","not listed","not listed","central_west",3965,516,TRUE,0.291606531086054,0.344755592605024,146,"26 May",0,FALSE,NA,NA,NA,NA,FALSE,4.40638038587759,0.0660791338289182,FALSE,333747,0.200836017448913,"2026-07-03"
"Little Corella","Cacatua sanguinea","u271a","Cacatua sanguinea gymnopis",TRUE,FALSE,NA,"Sedentary","local dispersal;partial migrant","Granivore","Herbivore","Terrestrial","ground",2,"LC","not listed","not listed","new_england",3774,544,TRUE,0.208927817903296,0.234366061146919,98,"08 Apr",0,FALSE,NA,NA,NA,NA,FALSE,0.99293562008633,0.0843581762472424,FALSE,333747,0.200836017448913,"2026-07-03"
"Little Corella","Cacatua sanguinea","u271a","Cacatua sanguinea gymnopis",TRUE,FALSE,NA,"Sedentary","local dispersal;partial migrant","Granivore","Herbivore","Terrestrial","ground",2,"LC","not listed","not listed","south_west",1547,176,TRUE,0.291016792582186,0.343923437613697,141,"21 May",0,FALSE,NA,NA,NA,NA,FALSE,1.82590250242049,0.082803176301461,FALSE,333747,0.200836017448913,"2026-07-03"
"Australian King-Parrot","Alisterus scapularis","u281b","Alisterus scapularis scapularis",TRUE,FALSE,NA,"Sedentary","local dispersal;partial migrant","Frugivore","Herbivore","Insessorial","understory",4,"LC","not listed","not listed","statewide",324809,34695,TRUE,0.457240546626963,0.611089052829519,162,"11 Jun",0,FALSE,NA,NA,NA,NA,FALSE,0.310989030736045,0.0620877397324079,FALSE,334105,0.332029452914681,"2026-07-03"
"Australian King-Parrot","Alisterus scapularis","u281b","Alisterus scapularis scapularis",TRUE,FALSE,NA,"Sedentary","local dispersal;partial migrant","Frugivore","Herbivore","Insessorial","understory",4,"LC","not listed","not listed","central_west",3966,547,TRUE,0.456644864604349,0.609992148159423,162,"11 Jun",0.001,FALSE,NA,NA,NA,NA,FALSE,0.64907346425521,0.0605765268642151,FALSE,334105,0.332029452914681,"2026-07-03"
"Australian King-Parrot","Alisterus scapularis","u281b","Alisterus scapularis scapularis",TRUE,FALSE,NA,"Sedentary","local dispersal;partial migrant","Frugivore","Herbivore","Insessorial","understory",4,"LC","not listed","not listed","new_england",3777,507,TRUE,0.486479683015994,0.666465684701958,165,"14 Jun",0.313,FALSE,NA,NA,NA,NA,FALSE,1.08319254627758,0.060179006233879,FALSE,334105,0.332029452914681,"2026-07-03"
"Australian King-Parrot","Alisterus scapularis","u281b","Alisterus scapularis scapularis",TRUE,FALSE,NA,"Sedentary","local dispersal;partial migrant","Frugivore","Herbivore","Insessorial","understory",4,"LC","not listed","not listed","south_west",1553,0,FALSE,NA,NA,NA,NA,NA,NA,NA,NA,NA,NA,FALSE,0,0,TRUE,334105,0.332029452914681,"2026-07-03"
"Satin Bowerbird","Ptilonorhynchus violaceus","u679b","Ptilonorhynchus violaceus violaceus",TRUE,FALSE,NA,"Sedentary","local dispersal;partial migrant;nomadic","Omnivore","Omnivore","Insessorial","canopy",3,"LC","not listed","not listed","statewide",324811,27189,TRUE,0.3039507898332,0.362334916884503,207,"26 Jul",0,FALSE,NA,NA,NA,NA,FALSE,0.138445228609318,0.0628944514989724,FALSE,334105,0.460684971851161,"2026-07-03"
"Satin Bowerbird","Ptilonorhynchus violaceus","u679b","Ptilonorhynchus violaceus violaceus",TRUE,FALSE,NA,"Sedentary","local dispersal;partial migrant;nomadic","Omnivore","Omnivore","Insessorial","canopy",3,"LC","not listed","not listed","central_west",3967,22,TRUE,0.304527322551496,0.363163553151622,201,"20 Jul",0,FALSE,NA,NA,NA,NA,FALSE,0.0228481254410802,0.0538574604930856,FALSE,334105,0.460684971851161,"2026-07-03"
"Satin Bowerbird","Ptilonorhynchus violaceus","u679b","Ptilonorhynchus violaceus violaceus",TRUE,FALSE,NA,"Sedentary","local dispersal;partial migrant;nomadic","Omnivore","Omnivore","Insessorial","canopy",3,"LC","not listed","not listed","new_england",3781,124,TRUE,0.920104766700662,2.52703908632073,208,"27 Jul",1,TRUE,145,266,"25 May","23 Sep",FALSE,0.267322581446857,0.0714914621845088,FALSE,334105,0.460684971851161,"2026-07-03"
"Satin Bowerbird","Ptilonorhynchus violaceus","u679b","Ptilonorhynchus violaceus violaceus",TRUE,FALSE,NA,"Sedentary","local dispersal;partial migrant;nomadic","Omnivore","Omnivore","Insessorial","canopy",3,"LC","not listed","not listed","south_west",1546,0,FALSE,NA,NA,NA,NA,NA,NA,NA,NA,NA,NA,FALSE,0,0,TRUE,334105,0.460684971851161,"2026-07-03"
"Gray Teal","Anas gracilis","u211","Anas gracilis",TRUE,FALSE,NA,"Sedentary","nomadic","Aquatic predator","Omnivore","Aquatic","around-water",3,"LC","not listed","not listed","statewide",324097,34857,TRUE,0.273752879047104,0.319864935088388,324,"20 Nov",0,FALSE,NA,NA,NA,NA,FALSE,4.94670201301705,0.0812551438855743,FALSE,333373,0.299152012096492,"2026-07-03"
"Gray Teal","Anas gracilis","u211","Anas gracilis",TRUE,FALSE,NA,"Sedentary","nomadic","Aquatic predator","Omnivore","Aquatic","around-water",3,"LC","not listed","not listed","central_west",3966,633,TRUE,0.273253224352051,0.319177176225923,319,"15 Nov",0,FALSE,NA,NA,NA,NA,FALSE,2.44579841963365,0.0614033323389613,FALSE,333373,0.299152012096492,"2026-07-03"
"Gray Teal","Anas gracilis","u211","Anas gracilis",TRUE,FALSE,NA,"Sedentary","nomadic","Aquatic predator","Omnivore","Aquatic","around-water",3,"LC","not listed","not listed","new_england",3767,865,TRUE,0.273316280580813,0.319263945051836,321,"17 Nov",0,FALSE,NA,NA,NA,NA,FALSE,2.42367197460217,0.0804173719628401,FALSE,333373,0.299152012096492,"2026-07-03"
"Gray Teal","Anas gracilis","u211","Anas gracilis",TRUE,FALSE,NA,"Sedentary","nomadic","Aquatic predator","Omnivore","Aquatic","around-water",3,"LC","not listed","not listed","south_west",1543,178,TRUE,0.273615667947844,0.319676021239133,317,"13 Nov",0,FALSE,NA,NA,NA,NA,FALSE,11.7125681241292,0.0928504590997723,FALSE,333373,0.299152012096492,"2026-07-03"
"Rufous Whistler","Pachycephala rufiventris","u401d","Pachycephala rufiventris rufiventris",TRUE,FALSE,NA,"Sedentary","local dispersal;partial migrant","Invertivore","Carnivore","Insessorial","understory",2,"LC","not listed","not listed","statewide",324797,48374,TRUE,0.833375993343525,1.79201546205257,304,"31 Oct",1,TRUE,259,20,"16 Sep","20 Jan",TRUE,1.05654774465863,0.0465170144731476,FALSE,334105,0.429627821402084,"2026-07-03"
"Rufous Whistler","Pachycephala rufiventris","u401d","Pachycephala rufiventris rufiventris",TRUE,FALSE,NA,"Sedentary","local dispersal;partial migrant","Invertivore","Carnivore","Insessorial","understory",2,"LC","not listed","not listed","central_west",3971,869,TRUE,0.833642674178992,1.79361723888794,304,"31 Oct",1,TRUE,259,20,"16 Sep","20 Jan",TRUE,1.25653937034174,0.033351902727354,FALSE,334105,0.429627821402084,"2026-07-03"
"Rufous Whistler","Pachycephala rufiventris","u401d","Pachycephala rufiventris rufiventris",TRUE,FALSE,NA,"Sedentary","local dispersal;partial migrant","Invertivore","Carnivore","Insessorial","understory",2,"LC","not listed","not listed","new_england",3781,886,TRUE,0.92067280488855,2.53417426951694,310,"06 Nov",1,TRUE,265,41,"22 Sep","10 Feb",TRUE,1.16939696893908,0.0399652162218275,FALSE,334105,0.429627821402084,"2026-07-03"
"Rufous Whistler","Pachycephala rufiventris","u401d","Pachycephala rufiventris rufiventris",TRUE,FALSE,NA,"Sedentary","local dispersal;partial migrant","Invertivore","Carnivore","Insessorial","understory",2,"LC","not listed","not listed","south_west",1556,129,TRUE,0.730315326832819,1.31050187964232,301,"28 Oct",1,TRUE,260,17,"17 Sep","17 Jan",TRUE,0.395992935275457,0.0594261197020504,FALSE,334105,0.429627821402084,"2026-07-03"
"Noisy Friarbird","Philemon corniculatus","u645b","Philemon corniculatus monachus",TRUE,FALSE,NA,"Sedentary","local dispersal;partial migrant;nomadic","Omnivore","Omnivore","Insessorial","canopy",5,"LC","not listed","not listed","statewide",324796,44217,TRUE,0.514904415408316,0.723409325830348,286,"13 Oct",0.881,FALSE,NA,NA,NA,NA,FALSE,0.679340003005457,0.0569572079460672,FALSE,334092,0.305866558129976,"2026-07-03"
"Noisy Friarbird","Philemon corniculatus","u645b","Philemon corniculatus monachus",TRUE,FALSE,NA,"Sedentary","local dispersal;partial migrant;nomadic","Omnivore","Omnivore","Insessorial","canopy",5,"LC","not listed","not listed","central_west",3966,1035,TRUE,0.58511017523366,0.879742276488901,287,"14 Oct",0.999,TRUE,239,344,"27 Aug","10 Dec",FALSE,1.96250793907949,0.043838443634753,FALSE,334092,0.305866558129976,"2026-07-03"
"Noisy Friarbird","Philemon corniculatus","u645b","Philemon corniculatus monachus",TRUE,FALSE,NA,"Sedentary","local dispersal;partial migrant;nomadic","Omnivore","Omnivore","Insessorial","canopy",5,"LC","not listed","not listed","new_england",3781,698,TRUE,0.795385235112762,1.5866262634191,300,"27 Oct",1,TRUE,254,39,"11 Sep","08 Feb",TRUE,0.815676101428422,0.0594146794383224,FALSE,334092,0.305866558129976,"2026-07-03"
"Noisy Friarbird","Philemon corniculatus","u645b","Philemon corniculatus monachus",TRUE,FALSE,NA,"Sedentary","local dispersal;partial migrant;nomadic","Omnivore","Omnivore","Insessorial","canopy",5,"LC","not listed","not listed","south_west",1549,12,FALSE,NA,NA,NA,NA,NA,NA,NA,NA,NA,NA,FALSE,0.0168343245830664,0.0987967500971122,FALSE,334092,0.305866558129976,"2026-07-03"
"Chestnut Teal","Anas castanea","u210","Anas castanea",TRUE,FALSE,NA,"Partial migrant","total migrant","Aquatic predator","Omnivore","Aquatic","around-water",4,"LC","not listed","not listed","statewide",324745,20439,TRUE,0.000544698628944351,0.000544847031134665,87,"28 Mar",0,FALSE,NA,NA,NA,NA,FALSE,0.133646501718779,0.119339096702613,FALSE,334050,0.425758024667471,"2026-07-03"
"Chestnut Teal","Anas castanea","u210","Anas castanea",TRUE,FALSE,NA,"Partial migrant","total migrant","Aquatic predator","Omnivore","Aquatic","around-water",4,"LC","not listed","not listed","central_west",3970,64,TRUE,0.00646995642243897,0.00649097730902826,184,"03 Jul",0,FALSE,NA,NA,NA,NA,FALSE,0.0269859637532196,0.0877121798041023,FALSE,334050,0.425758024667471,"2026-07-03"
"Chestnut Teal","Anas castanea","u210","Anas castanea",TRUE,FALSE,NA,"Partial migrant","total migrant","Aquatic predator","Omnivore","Aquatic","around-water",4,"LC","not listed","not listed","new_england",3780,76,TRUE,0.00253805389609441,0.00254128021508804,329,"25 Nov",0,FALSE,NA,NA,NA,NA,FALSE,0.0437329086301879,0.122067831114923,FALSE,334050,0.425758024667471,"2026-07-03"
"Chestnut Teal","Anas castanea","u210","Anas castanea",TRUE,FALSE,NA,"Partial migrant","total migrant","Aquatic predator","Omnivore","Aquatic","around-water",4,"LC","not listed","not listed","south_west",1555,14,FALSE,NA,NA,NA,NA,NA,NA,NA,NA,NA,NA,FALSE,0.271375445887536,0.114169307448336,FALSE,334050,0.425758024667471,"2026-07-03"
"Yellow Thornbill","Acanthiza nana","u471b;u471c","Acanthiza nana modesta;Acanthiza nana nana",TRUE,FALSE,NA,"Sedentary","local dispersal","Invertivore","Carnivore","Insessorial","mid-high",3,"LC","not listed","not listed","statewide",324819,23994,TRUE,0.42001446281048,0.544752111632714,182,"01 Jul",0,FALSE,NA,NA,NA,NA,FALSE,0.297963179330578,0.0818027497991398,FALSE,334105,0.32469738311134,"2026-07-03"
"Yellow Thornbill","Acanthiza nana","u471b;u471c","Acanthiza nana modesta;Acanthiza nana nana",TRUE,FALSE,NA,"Sedentary","local dispersal","Invertivore","Carnivore","Insessorial","mid-high",3,"LC","not listed","not listed","central_west",3966,700,TRUE,0.421612827564833,0.547511786054384,183,"02 Jul",0,FALSE,NA,NA,NA,NA,FALSE,0.641474966943295,0.0547028399578748,FALSE,334105,0.32469738311134,"2026-07-03"
"Yellow Thornbill","Acanthiza nana","u471b;u471c","Acanthiza nana modesta;Acanthiza nana nana",TRUE,FALSE,NA,"Sedentary","local dispersal","Invertivore","Carnivore","Insessorial","mid-high",3,"LC","not listed","not listed","new_england",3778,294,TRUE,0.420321135159488,0.545281010089234,180,"29 Jun",0,FALSE,NA,NA,NA,NA,FALSE,0.289730839174136,0.0758356673204823,FALSE,334105,0.32469738311134,"2026-07-03"
"Yellow Thornbill","Acanthiza nana","u471b;u471c","Acanthiza nana modesta;Acanthiza nana nana",TRUE,FALSE,NA,"Sedentary","local dispersal","Invertivore","Carnivore","Insessorial","mid-high",3,"LC","not listed","not listed","south_west",1542,72,TRUE,0.419659342537884,0.544140007406643,180,"29 Jun",0,FALSE,NA,NA,NA,NA,FALSE,0.235866055029907,0.0817097728341508,FALSE,334105,0.32469738311134,"2026-07-03"
"Black Swan","Cygnus atratus","u203","Cygnus atratus",TRUE,FALSE,NA,"Partial migrant","local dispersal;nomadic","Herbivore aquatic","Herbivore","Aquatic","around-water",4,"LC","not listed","not listed","statewide",324581,26001,TRUE,0.00040901805133553,0.000409101722034677,34,"03 Feb",0,FALSE,NA,NA,NA,NA,FALSE,0.441132077007518,0.0852196525610203,FALSE,333886,0.391831188225018,"2026-07-03"
"Black Swan","Cygnus atratus","u203","Cygnus atratus",TRUE,FALSE,NA,"Partial migrant","local dispersal;nomadic","Herbivore aquatic","Herbivore","Aquatic","around-water",4,"LC","not listed","not listed","central_west",3968,264,TRUE,0.00239712719024232,0.00240000489936842,288,"15 Oct",0,FALSE,NA,NA,NA,NA,FALSE,0.139526541997692,0.0687074045747146,FALSE,333886,0.391831188225018,"2026-07-03"
"Black Swan","Cygnus atratus","u203","Cygnus atratus",TRUE,FALSE,NA,"Partial migrant","local dispersal;nomadic","Herbivore aquatic","Herbivore","Aquatic","around-water",4,"LC","not listed","not listed","new_england",3783,593,TRUE,0.00210044169942236,0.00210265072091131,271,"28 Sep",0,FALSE,NA,NA,NA,NA,FALSE,0.316780839960635,0.0884708689943118,FALSE,333886,0.391831188225018,"2026-07-03"
"Black Swan","Cygnus atratus","u203","Cygnus atratus",TRUE,FALSE,NA,"Partial migrant","local dispersal;nomadic","Herbivore aquatic","Herbivore","Aquatic","around-water",4,"LC","not listed","not listed","south_west",1554,74,TRUE,0.729416129061403,1.30717316983121,79,"20 Mar",0.986,TRUE,10,168,"10 Jan","17 Jun",FALSE,1.52437502407122,0.0832320668438256,FALSE,333886,0.391831188225018,"2026-07-03"
"Great Cormorant","Phalacrocorax carbo","u96","Phalacrocorax carbo novaehollandiae",TRUE,FALSE,NA,"Partial migrant","nomadic;irruptive","Aquatic predator","Carnivore","Aquatic","below-water",4,"LC","not listed","not listed","statewide",324764,21924,TRUE,0.121085035007335,0.129067126599315,309,"05 Nov",0,FALSE,NA,NA,NA,NA,FALSE,0.173902234704749,0.0752262819767655,FALSE,334077,0.351259503763719,"2026-07-03"
"Great Cormorant","Phalacrocorax carbo","u96","Phalacrocorax carbo novaehollandiae",TRUE,FALSE,NA,"Partial migrant","nomadic;irruptive","Aquatic predator","Carnivore","Aquatic","below-water",4,"LC","not listed","not listed","central_west",3971,118,TRUE,0.289374307307821,0.341609439713092,150,"30 May",0.009,FALSE,NA,NA,NA,NA,FALSE,0.0493100356904808,0.0619729650021639,FALSE,334077,0.351259503763719,"2026-07-03"
"Great Cormorant","Phalacrocorax carbo","u96","Phalacrocorax carbo novaehollandiae",TRUE,FALSE,NA,"Partial migrant","nomadic;irruptive","Aquatic predator","Carnivore","Aquatic","below-water",4,"LC","not listed","not listed","new_england",3784,214,TRUE,0.122057707346922,0.130174413414718,305,"01 Nov",0,FALSE,NA,NA,NA,NA,FALSE,0.0675140085099747,0.095075382044363,FALSE,334077,0.351259503763719,"2026-07-03"
"Great Cormorant","Phalacrocorax carbo","u96","Phalacrocorax carbo novaehollandiae",TRUE,FALSE,NA,"Partial migrant","nomadic;irruptive","Aquatic predator","Carnivore","Aquatic","below-water",4,"LC","not listed","not listed","south_west",1558,131,TRUE,0.431046741012658,0.563956994122158,123,"03 May",0.268,FALSE,NA,NA,NA,NA,FALSE,0.498280167588886,0.075255309803444,FALSE,334077,0.351259503763719,"2026-07-03"
"Rock Pigeon","Columba livia",NA,NA,FALSE,FALSE,NA,"Sedentary","local dispersal","Granivore","Herbivore","Terrestrial","ground",3,"LC","not listed","not listed","statewide",324763,23025,TRUE,0.46256595255997,0.620949228946033,163,"12 Jun",0.012,FALSE,NA,NA,NA,NA,FALSE,0.137004894096065,0.111347547332217,FALSE,334077,0.388034380488474,"2026-07-03"
"Rock Pigeon","Columba livia",NA,NA,FALSE,FALSE,NA,"Sedentary","local dispersal","Granivore","Herbivore","Terrestrial","ground",3,"LC","not listed","not listed","central_west",3972,347,TRUE,0.464545176421104,0.624638755717718,165,"14 Jun",0.028,FALSE,NA,NA,NA,NA,FALSE,0.266580183916665,0.0875802181086165,FALSE,334077,0.388034380488474,"2026-07-03"
"Rock Pigeon","Columba livia",NA,NA,FALSE,FALSE,NA,"Sedentary","local dispersal","Granivore","Herbivore","Terrestrial","ground",3,"LC","not listed","not listed","new_england",3783,46,TRUE,0.463350511288845,0.622410118796779,163,"12 Jun",0.028,FALSE,NA,NA,NA,NA,FALSE,4.34313764580805e-05,0.0773282547791799,FALSE,334077,0.388034380488474,"2026-07-03"
"Rock Pigeon","Columba livia",NA,NA,FALSE,FALSE,NA,"Sedentary","local dispersal","Granivore","Herbivore","Terrestrial","ground",3,"LC","not listed","not listed","south_west",1559,136,TRUE,0.464289897250344,0.624162117304119,165,"14 Jun",0.019,FALSE,NA,NA,NA,NA,FALSE,0.0659936730681568,0.089031907755465,FALSE,334077,0.388034380488474,"2026-07-03"
"Australasian Grebe","Tachybaptus novaehollandiae","u61","Tachybaptus novaehollandiae novaehollandiae",TRUE,FALSE,NA,"Sedentary","local dispersal;partial migrant;nomadic","Aquatic predator","Carnivore","Aquatic","below-water",3,"LC","not listed","not listed","statewide",324798,33448,TRUE,0.522306787891281,0.738786568214666,159,"08 Jun",0.959,TRUE,63,236,"04 Mar","24 Aug",FALSE,0.953454864512875,0.0665201319120804,FALSE,334096,0.255735978322034,"2026-07-03"
"Australasian Grebe","Tachybaptus novaehollandiae","u61","Tachybaptus novaehollandiae novaehollandiae",TRUE,FALSE,NA,"Sedentary","local dispersal;partial migrant;nomadic","Aquatic predator","Carnivore","Aquatic","below-water",3,"LC","not listed","not listed","central_west",3967,517,TRUE,0.52228356468895,0.73873795408899,159,"08 Jun",0.956,TRUE,63,236,"04 Mar","24 Aug",FALSE,0.87248474323015,0.0522475706207851,FALSE,334096,0.255735978322034,"2026-07-03"
"Australasian Grebe","Tachybaptus novaehollandiae","u61","Tachybaptus novaehollandiae novaehollandiae",TRUE,FALSE,NA,"Sedentary","local dispersal;partial migrant;nomadic","Aquatic predator","Carnivore","Aquatic","below-water",3,"LC","not listed","not listed","new_england",3779,802,TRUE,0.522257863997313,0.738684156483496,160,"09 Jun",0.965,TRUE,63,236,"04 Mar","24 Aug",FALSE,1.38574130716163,0.0635435990469883,FALSE,334096,0.255735978322034,"2026-07-03"
"Australasian Grebe","Tachybaptus novaehollandiae","u61","Tachybaptus novaehollandiae novaehollandiae",TRUE,FALSE,NA,"Sedentary","local dispersal;partial migrant;nomadic","Aquatic predator","Carnivore","Aquatic","below-water",3,"LC","not listed","not listed","south_west",1552,64,TRUE,0.522011706642344,0.738169037674153,160,"09 Jun",0.953,TRUE,63,236,"04 Mar","24 Aug",FALSE,0.821139909991007,0.0714776466776561,FALSE,334096,0.255735978322034,"2026-07-03"
"Pied Butcherbird","Cracticus nigrogularis","u700a","Cracticus nigrogularis nigrogularis",TRUE,FALSE,NA,"Sedentary","local dispersal","Omnivore","Carnivore","Insessorial","ground",3,"LC","not listed","not listed","statewide",324804,44154,TRUE,0.431607959799443,0.56494388672678,196,"15 Jul",0,FALSE,NA,NA,NA,NA,FALSE,0.988678910592782,0.0486569110143744,FALSE,334105,0.376790834551062,"2026-07-03"
"Pied Butcherbird","Cracticus nigrogularis","u700a","Cracticus nigrogularis nigrogularis",TRUE,FALSE,NA,"Sedentary","local dispersal","Omnivore","Carnivore","Insessorial","ground",3,"LC","not listed","not listed","central_west",3969,888,TRUE,0.432292037288298,0.566148142636954,196,"15 Jul",0,FALSE,NA,NA,NA,NA,FALSE,0.652146319853287,0.0360192289520228,FALSE,334105,0.376790834551062,"2026-07-03"
"Pied Butcherbird","Cracticus nigrogularis","u700a","Cracticus nigrogularis nigrogularis",TRUE,FALSE,NA,"Sedentary","local dispersal","Omnivore","Carnivore","Insessorial","ground",3,"LC","not listed","not listed","new_england",3779,379,TRUE,0.431286853095206,0.564379107467282,196,"15 Jul",0,FALSE,NA,NA,NA,NA,FALSE,0.181748822096906,0.0712381784654443,FALSE,334105,0.376790834551062,"2026-07-03"
"Pied Butcherbird","Cracticus nigrogularis","u700a","Cracticus nigrogularis nigrogularis",TRUE,FALSE,NA,"Sedentary","local dispersal","Omnivore","Carnivore","Insessorial","ground",3,"LC","not listed","not listed","south_west",1553,356,TRUE,0.431689791097451,0.565087866908422,197,"16 Jul",0,FALSE,NA,NA,NA,NA,FALSE,0.609109618342272,0.0456054107635571,FALSE,334105,0.376790834551062,"2026-07-03"
"Australasian Figbird","Sphecotheres vieilloti","u432c","Sphecotheres vieilloti vieilloti",TRUE,FALSE,NA,"Sedentary","local dispersal","Frugivore","Herbivore","Insessorial","canopy",2,"LC","not listed","not listed","statewide",324804,30716,TRUE,0.40328278705063,0.516311957963227,325,"21 Nov",0,FALSE,NA,NA,NA,NA,FALSE,0.0597552471919064,0.0588912716536698,FALSE,334105,0.567400709327356,"2026-07-03"
"Australasian Figbird","Sphecotheres vieilloti","u432c","Sphecotheres vieilloti vieilloti",TRUE,FALSE,NA,"Sedentary","local dispersal","Frugivore","Herbivore","Insessorial","canopy",2,"LC","not listed","not listed","central_west",3967,5,FALSE,NA,NA,NA,NA,NA,NA,NA,NA,NA,NA,FALSE,0,0,TRUE,334105,0.567400709327356,"2026-07-03"
"Australasian Figbird","Sphecotheres vieilloti","u432c","Sphecotheres vieilloti vieilloti",TRUE,FALSE,NA,"Sedentary","local dispersal","Frugivore","Herbivore","Insessorial","canopy",2,"LC","not listed","not listed","new_england",3783,10,FALSE,NA,NA,NA,NA,NA,NA,NA,NA,NA,NA,FALSE,0.00164579699653781,0.12327763143667,FALSE,334105,0.567400709327356,"2026-07-03"
"Australasian Figbird","Sphecotheres vieilloti","u432c","Sphecotheres vieilloti vieilloti",TRUE,FALSE,NA,"Sedentary","local dispersal","Frugivore","Herbivore","Insessorial","canopy",2,"LC","not listed","not listed","south_west",1551,0,FALSE,NA,NA,NA,NA,NA,NA,NA,NA,NA,NA,FALSE,0,0,TRUE,334105,0.567400709327356,"2026-07-03"
"Great Egret","Ardea alba","u187","Ardea alba modesta",TRUE,FALSE,NA,"Partial migrant","local dispersal;partial migrant;irruptive","Aquatic predator","Carnivore","Terrestrial","around-water",4,"LC","not listed","not listed","statewide",324806,26909,TRUE,0.354655671649208,0.437971262225199,70,"11 Mar",0,FALSE,NA,NA,NA,NA,FALSE,0.281427401580295,0.0613538932932681,FALSE,334102,0.376482740501319,"2026-07-03"
"Great Egret","Ardea alba","u187","Ardea alba modesta",TRUE,FALSE,NA,"Partial migrant","local dispersal;partial migrant;irruptive","Aquatic predator","Carnivore","Terrestrial","around-water",4,"LC","not listed","not listed","central_west",3965,127,TRUE,0.355502595020351,0.439284483019615,70,"11 Mar",0,FALSE,NA,NA,NA,NA,FALSE,0.0456870076544781,0.0540080016632949,FALSE,334102,0.376482740501319,"2026-07-03"
"Great Egret","Ardea alba","u187","Ardea alba modesta",TRUE,FALSE,NA,"Partial migrant","local dispersal;partial migrant;irruptive","Aquatic predator","Carnivore","Terrestrial","around-water",4,"LC","not listed","not listed","new_england",3781,218,TRUE,0.356159400279137,0.440304099476308,68,"09 Mar",0,FALSE,NA,NA,NA,NA,FALSE,0.056250706902404,0.083438441661593,FALSE,334102,0.376482740501319,"2026-07-03"
"Great Egret","Ardea alba","u187","Ardea alba modesta",TRUE,FALSE,NA,"Partial migrant","local dispersal;partial migrant;irruptive","Aquatic predator","Carnivore","Terrestrial","around-water",4,"LC","not listed","not listed","south_west",1550,147,TRUE,0.94981390818993,2.99201734624774,49,"18 Feb",1,TRUE,363,111,"29 Dec","21 Apr",TRUE,0.607206514907237,0.0560919142136201,FALSE,334102,0.376482740501319,"2026-07-03"
"White-plumed Honeyeater","Ptilotula penicillata","u625c;u625d","Ptilotula penicillata leilavalensis;Ptilotula penicillata penicillata",TRUE,TRUE,"multiple_nsw_subspecies","Sedentary","local dispersal","Omnivore","Omnivore","Insessorial","mid-high",7,"LC","not listed","not listed","statewide",324806,42592,TRUE,0.274319161151107,0.320644976727361,207,"26 Jul",0,FALSE,NA,NA,NA,NA,FALSE,1.65497872885626,0.0484797117104455,FALSE,334105,0.588378903373685,"2026-07-03"
"White-plumed Honeyeater","Ptilotula penicillata","u625c;u625d","Ptilotula penicillata leilavalensis;Ptilotula penicillata penicillata",TRUE,TRUE,"multiple_nsw_subspecies","Sedentary","local dispersal","Omnivore","Omnivore","Insessorial","mid-high",7,"LC","not listed","not listed","central_west",3971,1724,TRUE,0.273712157401486,0.319808865325318,206,"25 Jul",0,FALSE,NA,NA,NA,NA,FALSE,4.336409134417,0.0357130931113421,FALSE,334105,0.588378903373685,"2026-07-03"
"White-plumed Honeyeater","Ptilotula penicillata","u625c;u625d","Ptilotula penicillata leilavalensis;Ptilotula penicillata penicillata",TRUE,TRUE,"multiple_nsw_subspecies","Sedentary","local dispersal","Omnivore","Omnivore","Insessorial","mid-high",7,"LC","not listed","not listed","new_england",3781,426,TRUE,0.274552233684835,0.320966206058659,205,"24 Jul",0,FALSE,NA,NA,NA,NA,FALSE,0.467841281627441,0.0764300793732477,FALSE,334105,0.588378903373685,"2026-07-03"
"White-plumed Honeyeater","Ptilotula penicillata","u625c;u625d","Ptilotula penicillata leilavalensis;Ptilotula penicillata penicillata",TRUE,TRUE,"multiple_nsw_subspecies","Sedentary","local dispersal","Omnivore","Omnivore","Insessorial","mid-high",7,"LC","not listed","not listed","south_west",1547,492,TRUE,0.275051710404217,0.321654951366661,206,"25 Jul",0,FALSE,NA,NA,NA,NA,FALSE,1.49974428214979,0.0483439946995035,FALSE,334105,0.588378903373685,"2026-07-03"
"New Holland Honeyeater","Phylidonyris novaehollandiae","u631f","Phylidonyris novaehollandiae novaehollandiae",TRUE,FALSE,NA,"Partial migrant","local dispersal","Nectarivore","Herbivore","Insessorial","understory",4,"LC","not listed","not listed","statewide",324810,22152,TRUE,0.557508029978024,0.815332961541802,177,"26 Jun",1,TRUE,75,269,"16 Mar","26 Sep",FALSE,0.0816806451284337,0.0709644530294439,FALSE,334105,0.557136101548632,"2026-07-03"
"New Holland Honeyeater","Phylidonyris novaehollandiae","u631f","Phylidonyris novaehollandiae novaehollandiae",TRUE,FALSE,NA,"Partial migrant","local dispersal","Nectarivore","Herbivore","Insessorial","understory",4,"LC","not listed","not listed","central_west",3965,7,FALSE,NA,NA,NA,NA,NA,NA,NA,NA,NA,NA,FALSE,0.000480165445761567,0.0695932777155013,FALSE,334105,0.557136101548632,"2026-07-03"
"New Holland Honeyeater","Phylidonyris novaehollandiae","u631f","Phylidonyris novaehollandiae novaehollandiae",TRUE,FALSE,NA,"Partial migrant","local dispersal","Nectarivore","Herbivore","Insessorial","understory",4,"LC","not listed","not listed","new_england",3778,7,FALSE,NA,NA,NA,NA,NA,NA,NA,NA,NA,NA,FALSE,0.0736849367158398,0.0907548643011823,FALSE,334105,0.557136101548632,"2026-07-03"
"New Holland Honeyeater","Phylidonyris novaehollandiae","u631f","Phylidonyris novaehollandiae novaehollandiae",TRUE,FALSE,NA,"Partial migrant","local dispersal","Nectarivore","Herbivore","Insessorial","understory",4,"LC","not listed","not listed","south_west",1552,0,FALSE,NA,NA,NA,NA,NA,NA,NA,NA,NA,NA,FALSE,0,0,TRUE,334105,0.557136101548632,"2026-07-03"
"Olive-backed Oriole","Oriolus sagittatus","u671c","Oriolus sagittatus sagittatus",TRUE,FALSE,NA,"Partial migrant","local dispersal;partial migrant","Omnivore","Herbivore","Insessorial","canopy",3,"LC","not listed","not listed","statewide",324803,29236,TRUE,0.849732772567169,1.89534005368482,323,"19 Nov",1,TRUE,243,18,"31 Aug","18 Jan",TRUE,0.163338363708464,0.0927074110108358,FALSE,334105,0.382964649216319,"2026-07-03"
"Olive-backed Oriole","Oriolus sagittatus","u671c","Oriolus sagittatus sagittatus",TRUE,FALSE,NA,"Partial migrant","local dispersal;partial migrant","Omnivore","Herbivore","Insessorial","canopy",3,"LC","not listed","not listed","central_west",3973,284,TRUE,0.849311355733557,1.8925395294308,324,"20 Nov",1,TRUE,243,18,"31 Aug","18 Jan",TRUE,0.306701221935843,0.0413488830408051,FALSE,334105,0.382964649216319,"2026-07-03"
"Olive-backed Oriole","Oriolus sagittatus","u671c","Oriolus sagittatus sagittatus",TRUE,FALSE,NA,"Partial migrant","local dispersal;partial migrant","Omnivore","Herbivore","Insessorial","canopy",3,"LC","not listed","not listed","new_england",3781,243,TRUE,0.786899148088556,1.54598974217817,333,"29 Nov",1,TRUE,253,25,"10 Sep","25 Jan",TRUE,0.188699109938256,0.0454446785964011,FALSE,334105,0.382964649216319,"2026-07-03"
"Olive-backed Oriole","Oriolus sagittatus","u671c","Oriolus sagittatus sagittatus",TRUE,FALSE,NA,"Partial migrant","local dispersal;partial migrant","Omnivore","Herbivore","Insessorial","canopy",3,"LC","not listed","not listed","south_west",1548,7,FALSE,NA,NA,NA,NA,NA,NA,NA,NA,NA,NA,FALSE,0.00733182232084822,0.116987383945203,FALSE,334105,0.382964649216319,"2026-07-03"
"Sacred Kingfisher","Todiramphus sanctus","u326b","Todiramphus sanctus sanctus",TRUE,FALSE,NA,"Migratory","local dispersal;partial migrant","Invertivore","Carnivore","Insessorial","ground",7,"LC","not listed","not listed","statewide",324805,32665,TRUE,0.966599607043931,3.39918761391692,302,"29 Oct",1,TRUE,269,52,"26 Sep","21 Feb",TRUE,0.423500366503603,0.0542510550302098,FALSE,334105,0.411609589699051,"2026-07-03"
"Sacred Kingfisher","Todiramphus sanctus","u326b","Todiramphus sanctus sanctus",TRUE,FALSE,NA,"Migratory","local dispersal;partial migrant","Invertivore","Carnivore","Insessorial","ground",7,"LC","not listed","not listed","central_west",3972,493,TRUE,0.973458210978101,3.62903484383827,304,"31 Oct",1,TRUE,271,52,"28 Sep","21 Feb",TRUE,0.48533780810072,0.040422657418877,FALSE,334105,0.411609589699051,"2026-07-03"
"Sacred Kingfisher","Todiramphus sanctus","u326b","Todiramphus sanctus sanctus",TRUE,FALSE,NA,"Migratory","local dispersal;partial migrant","Invertivore","Carnivore","Insessorial","ground",7,"LC","not listed","not listed","new_england",3778,393,TRUE,0.96654862985955,3.39766253239626,302,"29 Oct",1,TRUE,269,52,"26 Sep","21 Feb",TRUE,0.399842644169534,0.0490252690992025,FALSE,334105,0.411609589699051,"2026-07-03"
"Sacred Kingfisher","Todiramphus sanctus","u326b","Todiramphus sanctus sanctus",TRUE,FALSE,NA,"Migratory","local dispersal;partial migrant","Invertivore","Carnivore","Insessorial","ground",7,"LC","not listed","not listed","south_west",1550,164,TRUE,0.966608822754718,3.39946356822725,302,"29 Oct",1,TRUE,269,52,"26 Sep","21 Feb",TRUE,0.21714045616383,0.0587086120530793,FALSE,334105,0.411609589699051,"2026-07-03"
"Yellow-tailed Black-Cockatoo","Zanda funerea","u267a","Zanda funerea funerea",TRUE,FALSE,NA,"Sedentary","local dispersal;partial migrant;nomadic","Granivore","Herbivore","Insessorial","understory",3,"LC","not listed","not listed","statewide",324795,20587,TRUE,0.471826140871506,0.638329770823742,176,"25 Jun",0.043,FALSE,NA,NA,NA,NA,FALSE,0.225850077666968,0.0730831680856017,FALSE,334104,0.299569813998486,"2026-07-03"
"Yellow-tailed Black-Cockatoo","Zanda funerea","u267a","Zanda funerea funerea",TRUE,FALSE,NA,"Sedentary","local dispersal;partial migrant;nomadic","Granivore","Herbivore","Insessorial","understory",3,"LC","not listed","not listed","central_west",3970,40,TRUE,0.570581059197085,0.845322284582663,121,"01 May",0.758,FALSE,NA,NA,NA,NA,FALSE,0.0468639933671284,0.0683633337551189,FALSE,334104,0.299569813998486,"2026-07-03"
"Yellow-tailed Black-Cockatoo","Zanda funerea","u267a","Zanda funerea funerea",TRUE,FALSE,NA,"Sedentary","local dispersal;partial migrant;nomadic","Granivore","Herbivore","Insessorial","understory",3,"LC","not listed","not listed","new_england",3778,256,TRUE,0.471830221376448,0.63833749653874,179,"28 Jun",0.041,FALSE,NA,NA,NA,NA,FALSE,0.623000819056712,0.0863655014479572,FALSE,334104,0.299569813998486,"2026-07-03"
"Yellow-tailed Black-Cockatoo","Zanda funerea","u267a","Zanda funerea funerea",TRUE,FALSE,NA,"Sedentary","local dispersal;partial migrant;nomadic","Granivore","Herbivore","Insessorial","understory",3,"LC","not listed","not listed","south_west",1561,0,FALSE,NA,NA,NA,NA,NA,NA,NA,NA,NA,NA,FALSE,0,0,TRUE,334104,0.299569813998486,"2026-07-03"
"Red-rumped Parrot","Psephotus haematonotus","u295a;u295b","Psephotus haematonotus caeruleus;Psephotus haematonotus haematonotus",TRUE,TRUE,"multiple_nsw_subspecies","Sedentary","local dispersal","Granivore","Herbivore","Terrestrial","ground",6,"LC","not listed","not listed","statewide",324808,35222,TRUE,0.459305602458336,0.61490104413914,146,"26 May",0.001,FALSE,NA,NA,NA,NA,FALSE,2.56834126760736,0.0650271336966928,FALSE,334105,0.531596155357437,"2026-07-03"
"Red-rumped Parrot","Psephotus haematonotus","u295a;u295b","Psephotus haematonotus caeruleus;Psephotus haematonotus haematonotus",TRUE,TRUE,"multiple_nsw_subspecies","Sedentary","local dispersal","Granivore","Herbivore","Terrestrial","ground",6,"LC","not listed","not listed","central_west",3971,1428,TRUE,0.460017070714246,0.61621775235729,147,"27 May",0.003,FALSE,NA,NA,NA,NA,FALSE,4.49661589147515,0.0521873946043276,FALSE,334105,0.531596155357437,"2026-07-03"
"Red-rumped Parrot","Psephotus haematonotus","u295a;u295b","Psephotus haematonotus caeruleus;Psephotus haematonotus haematonotus",TRUE,TRUE,"multiple_nsw_subspecies","Sedentary","local dispersal","Granivore","Herbivore","Terrestrial","ground",6,"LC","not listed","not listed","new_england",3776,789,TRUE,0.459233310675176,0.614767351333832,147,"27 May",0,FALSE,NA,NA,NA,NA,FALSE,1.41894462284474,0.0761837797101841,FALSE,334105,0.531596155357437,"2026-07-03"
"Red-rumped Parrot","Psephotus haematonotus","u295a;u295b","Psephotus haematonotus caeruleus;Psephotus haematonotus haematonotus",TRUE,TRUE,"multiple_nsw_subspecies","Sedentary","local dispersal","Granivore","Herbivore","Terrestrial","ground",6,"LC","not listed","not listed","south_west",1550,517,TRUE,0.459137016206254,0.614589296919148,145,"25 May",0,FALSE,NA,NA,NA,NA,FALSE,4.62936682045371,0.0643112355012984,FALSE,334105,0.531596155357437,"2026-07-03"
"Australasian Darter","Anhinga novaehollandiae","u101","Anhinga novaehollandiae novaehollandiae",TRUE,FALSE,NA,"Sedentary","local dispersal;nomadic","Aquatic predator","Carnivore","Aquatic","below-water",3,"LC","not listed","not listed","statewide",324806,26315,TRUE,0.374751930210033,0.469606796330386,89,"30 Mar",0,FALSE,NA,NA,NA,NA,FALSE,0.203672472300152,0.0719714549135377,FALSE,334104,0.352566179030294,"2026-07-03"
"Australasian Darter","Anhinga novaehollandiae","u101","Anhinga novaehollandiae novaehollandiae",TRUE,FALSE,NA,"Sedentary","local dispersal;nomadic","Aquatic predator","Carnivore","Aquatic","below-water",3,"LC","not listed","not listed","central_west",3968,206,TRUE,0.375585928236941,0.47094155413891,103,"13 Apr",0,FALSE,NA,NA,NA,NA,FALSE,0.0926651945252012,0.055034598424626,FALSE,334104,0.352566179030294,"2026-07-03"
"Australasian Darter","Anhinga novaehollandiae","u101","Anhinga novaehollandiae novaehollandiae",TRUE,FALSE,NA,"Sedentary","local dispersal;nomadic","Aquatic predator","Carnivore","Aquatic","below-water",3,"LC","not listed","not listed","new_england",3781,229,TRUE,0.647650423792967,1.04313148197119,56,"25 Feb",0.988,TRUE,336,142,"02 Dec","22 May",TRUE,0.0751069607924214,0.0749491507933559,FALSE,334104,0.352566179030294,"2026-07-03"
"Australasian Darter","Anhinga novaehollandiae","u101","Anhinga novaehollandiae novaehollandiae",TRUE,FALSE,NA,"Sedentary","local dispersal;nomadic","Aquatic predator","Carnivore","Aquatic","below-water",3,"LC","not listed","not listed","south_west",1549,194,TRUE,0.66680291280591,1.09902111064215,157,"06 Jun",0.984,TRUE,64,224,"05 Mar","12 Aug",FALSE,0.19825915584916,0.0626858810889112,FALSE,334104,0.352566179030294,"2026-07-03"
"Pacific Koel","Eudynamys orientalis","u347a","Eudynamys orientalis cyanocephalus",TRUE,FALSE,NA,"Sedentary","total migrant","Frugivore","Herbivore","Insessorial","canopy",4,"LC","not listed","not listed","statewide",324807,17970,TRUE,0.999654985477712,7.97192404823109,313,"09 Nov",1,TRUE,276,39,"03 Oct","08 Feb",TRUE,0.0658424039681444,0.0627312691815681,FALSE,334105,0.486347091648693,"2026-07-03"
"Pacific Koel","Eudynamys orientalis","u347a","Eudynamys orientalis cyanocephalus",TRUE,FALSE,NA,"Sedentary","total migrant","Frugivore","Herbivore","Insessorial","canopy",4,"LC","not listed","not listed","central_west",3968,78,TRUE,0.999651543938788,7.96199841544892,315,"11 Nov",1,TRUE,276,39,"03 Oct","08 Feb",TRUE,0.0966042702106439,0.0614721785501613,FALSE,334105,0.486347091648693,"2026-07-03"
"Pacific Koel","Eudynamys orientalis","u347a","Eudynamys orientalis cyanocephalus",TRUE,FALSE,NA,"Sedentary","total migrant","Frugivore","Herbivore","Insessorial","canopy",4,"LC","not listed","not listed","new_england",3779,149,TRUE,0.999701579356076,8.11700650997513,350,"16 Dec",1,TRUE,278,41,"05 Oct","10 Feb",TRUE,0.162942291656128,0.0736332282304354,FALSE,334105,0.486347091648693,"2026-07-03"
"Pacific Koel","Eudynamys orientalis","u347a","Eudynamys orientalis cyanocephalus",TRUE,FALSE,NA,"Sedentary","total migrant","Frugivore","Herbivore","Insessorial","canopy",4,"LC","not listed","not listed","south_west",1551,0,FALSE,NA,NA,NA,NA,NA,NA,NA,NA,NA,NA,FALSE,0,0,TRUE,334105,0.486347091648693,"2026-07-03"
"Great Crested Tern","Thalasseus bergii","u115","Thalasseus bergii cristatus",TRUE,FALSE,NA,"Migratory","local dispersal;partial migrant","Aquatic predator","Carnivore","Aerial","pelagic",4,"LC","not listed","not listed","statewide",324672,14324,TRUE,0.112294278299363,0.119114985394518,85,"26 Mar",0,FALSE,NA,NA,NA,NA,FALSE,0.0432776997397499,0.485098394783422,FALSE,333974,0.821107377632252,"2026-07-03"
"Great Crested Tern","Thalasseus bergii","u115","Thalasseus bergii cristatus",TRUE,FALSE,NA,"Migratory","local dispersal;partial migrant","Aquatic predator","Carnivore","Aerial","pelagic",4,"LC","not listed","not listed","central_west",3967,0,FALSE,NA,NA,NA,NA,NA,NA,NA,NA,NA,NA,FALSE,0,0,TRUE,333974,0.821107377632252,"2026-07-03"
"Great Crested Tern","Thalasseus bergii","u115","Thalasseus bergii cristatus",TRUE,FALSE,NA,"Migratory","local dispersal;partial migrant","Aquatic predator","Carnivore","Aerial","pelagic",4,"LC","not listed","not listed","new_england",3780,0,FALSE,NA,NA,NA,NA,NA,NA,NA,NA,NA,NA,FALSE,0,0,TRUE,333974,0.821107377632252,"2026-07-03"
"Great Crested Tern","Thalasseus bergii","u115","Thalasseus bergii cristatus",TRUE,FALSE,NA,"Migratory","local dispersal;partial migrant","Aquatic predator","Carnivore","Aerial","pelagic",4,"LC","not listed","not listed","south_west",1555,0,FALSE,NA,NA,NA,NA,NA,NA,NA,NA,NA,NA,FALSE,0,0,TRUE,333974,0.821107377632252,"2026-07-03"
"Striated Pardalote","Pardalotus striatus","u976a;u976c;u976e","Pardalotus striatus melanocephalus;Pardalotus striatus ornatus;Pardalotus striatus substriatus",TRUE,TRUE,"multiple_nsw_subspecies","Sedentary","local dispersal;partial migrant","Invertivore","Carnivore","Insessorial","canopy",3,"LC","not listed","not listed","statewide",324803,53308,TRUE,0.591558662345605,0.895406979267367,245,"02 Sep",1,TRUE,90,310,"31 Mar","06 Nov",FALSE,1.37124384446891,0.0438123638764906,FALSE,334104,0.373169293511888,"2026-07-03"
"Striated Pardalote","Pardalotus striatus","u976a;u976c;u976e","Pardalotus striatus melanocephalus;Pardalotus striatus ornatus;Pardalotus striatus substriatus",TRUE,TRUE,"multiple_nsw_subspecies","Sedentary","local dispersal;partial migrant","Invertivore","Carnivore","Insessorial","canopy",3,"LC","not listed","not listed","central_west",3971,743,TRUE,0.601214755910198,0.919332242356828,247,"04 Sep",1,TRUE,102,315,"12 Apr","11 Nov",FALSE,1.01993618142174,0.0335777316718843,FALSE,334104,0.373169293511888,"2026-07-03"
"Striated Pardalote","Pardalotus striatus","u976a;u976c;u976e","Pardalotus striatus melanocephalus;Pardalotus striatus ornatus;Pardalotus striatus substriatus",TRUE,TRUE,"multiple_nsw_subspecies","Sedentary","local dispersal;partial migrant","Invertivore","Carnivore","Insessorial","canopy",3,"LC","not listed","not listed","new_england",3778,767,TRUE,0.605689693804765,0.930617100486215,255,"12 Sep",0.999,TRUE,167,323,"16 Jun","19 Nov",FALSE,0.900843604201355,0.0452172733043117,FALSE,334104,0.373169293511888,"2026-07-03"
"Striated Pardalote","Pardalotus striatus","u976a;u976c;u976e","Pardalotus striatus melanocephalus;Pardalotus striatus ornatus;Pardalotus striatus substriatus",TRUE,TRUE,"multiple_nsw_subspecies","Sedentary","local dispersal;partial migrant","Invertivore","Carnivore","Insessorial","canopy",3,"LC","not listed","not listed","south_west",1552,380,TRUE,0.591753458733651,0.895884019264575,244,"01 Sep",1,TRUE,89,310,"30 Mar","06 Nov",FALSE,0.663424855721473,0.0504281480483116,FALSE,334104,0.373169293511888,"2026-07-03"
"Torresian Crow","Corvus orru","u692a","Corvus orru cecilae",TRUE,FALSE,NA,"Sedentary","local dispersal;nomadic","Omnivore","Omnivore","Generalist","ground",6,"LC","not listed","not listed","statewide",324807,53878,TRUE,0.293101299690701,0.346867904384796,169,"18 Jun",0,FALSE,NA,NA,NA,NA,FALSE,0.220370167053729,0.0425615242161667,FALSE,334105,0.72965659807154,"2026-07-03"
"Torresian Crow","Corvus orru","u692a","Corvus orru cecilae",TRUE,FALSE,NA,"Sedentary","local dispersal;nomadic","Omnivore","Omnivore","Generalist","ground",6,"LC","not listed","not listed","central_west",3969,12,FALSE,NA,NA,NA,NA,NA,NA,NA,NA,NA,NA,FALSE,0.0719611704129893,0.0412166166178173,FALSE,334105,0.72965659807154,"2026-07-03"
"Torresian Crow","Corvus orru","u692a","Corvus orru cecilae",TRUE,FALSE,NA,"Sedentary","local dispersal;nomadic","Omnivore","Omnivore","Generalist","ground",6,"LC","not listed","not listed","new_england",3777,340,TRUE,0.293355833072941,0.34722803974523,169,"18 Jun",0,FALSE,NA,NA,NA,NA,FALSE,0.0690970076222673,0.0427418032265974,FALSE,334105,0.72965659807154,"2026-07-03"
"Torresian Crow","Corvus orru","u692a","Corvus orru cecilae",TRUE,FALSE,NA,"Sedentary","local dispersal;nomadic","Omnivore","Omnivore","Generalist","ground",6,"LC","not listed","not listed","south_west",1552,0,FALSE,NA,NA,NA,NA,NA,NA,NA,NA,NA,NA,FALSE,0,0,TRUE,334105,0.72965659807154,"2026-07-03"
"Brown Gerygone","Gerygone mouki","u454c","Gerygone mouki richmondi",TRUE,FALSE,NA,"Sedentary","local dispersal","Invertivore","Carnivore","Insessorial","understory",1,"LC","not listed","not listed","statewide",324793,16310,TRUE,0.289597311043098,0.341923302180567,264,"21 Sep",0,FALSE,NA,NA,NA,NA,FALSE,0.105417015780951,0.0730534370102882,FALSE,334105,0.649163086038947,"2026-07-03"
"Brown Gerygone","Gerygone mouki","u454c","Gerygone mouki richmondi",TRUE,FALSE,NA,"Sedentary","local dispersal","Invertivore","Carnivore","Insessorial","understory",1,"LC","not listed","not listed","central_west",3972,0,FALSE,NA,NA,NA,NA,NA,NA,NA,NA,NA,NA,FALSE,0,0,TRUE,334105,0.649163086038947,"2026-07-03"
"Brown Gerygone","Gerygone mouki","u454c","Gerygone mouki richmondi",TRUE,FALSE,NA,"Sedentary","local dispersal","Invertivore","Carnivore","Insessorial","understory",1,"LC","not listed","not listed","new_england",3783,7,FALSE,NA,NA,NA,NA,NA,NA,NA,NA,NA,NA,FALSE,0.0454775478350617,0.108419973158006,FALSE,334105,0.649163086038947,"2026-07-03"
"Brown Gerygone","Gerygone mouki","u454c","Gerygone mouki richmondi",TRUE,FALSE,NA,"Sedentary","local dispersal","Invertivore","Carnivore","Insessorial","understory",1,"LC","not listed","not listed","south_west",1557,0,FALSE,NA,NA,NA,NA,NA,NA,NA,NA,NA,NA,FALSE,0,0,TRUE,334105,0.649163086038947,"2026-07-03"
"Bar-shouldered Dove","Geopelia humeralis","u32b","Geopelia humeralis humeralis",TRUE,FALSE,NA,"Sedentary","local dispersal","Granivore","Herbivore","Terrestrial","ground",4,"LC","not listed","not listed","statewide",324799,26055,TRUE,0.0481821995296997,0.0493816485680298,32,"01 Feb",0,FALSE,NA,NA,NA,NA,FALSE,0.107918127261017,0.07281771449652,FALSE,334105,0.532558343428085,"2026-07-03"
"Bar-shouldered Dove","Geopelia humeralis","u32b","Geopelia humeralis humeralis",TRUE,FALSE,NA,"Sedentary","local dispersal","Granivore","Herbivore","Terrestrial","ground",4,"LC","not listed","not listed","central_west",3972,43,TRUE,0.369890066862232,0.461860977775322,38,"07 Feb",0.08,FALSE,NA,NA,NA,NA,FALSE,0.00543356270696769,0.0656229798960221,FALSE,334105,0.532558343428085,"2026-07-03"
"Bar-shouldered Dove","Geopelia humeralis","u32b","Geopelia humeralis humeralis",TRUE,FALSE,NA,"Sedentary","local dispersal","Granivore","Herbivore","Terrestrial","ground",4,"LC","not listed","not listed","new_england",3779,41,TRUE,0.0478323610817724,0.0490141683923657,32,"01 Feb",0,FALSE,NA,NA,NA,NA,FALSE,0.00527068803864671,0.0866674186849813,FALSE,334105,0.532558343428085,"2026-07-03"
"Bar-shouldered Dove","Geopelia humeralis","u32b","Geopelia humeralis humeralis",TRUE,FALSE,NA,"Sedentary","local dispersal","Granivore","Herbivore","Terrestrial","ground",4,"LC","not listed","not listed","south_west",1555,1,FALSE,NA,NA,NA,NA,NA,NA,NA,NA,NA,NA,FALSE,0,0,TRUE,334105,0.532558343428085,"2026-07-03"
"Pied Cormorant","Phalacrocorax varius","u99","Phalacrocorax varius hypoleucos",TRUE,FALSE,NA,"Sedentary","local dispersal","Aquatic predator","Carnivore","Aquatic","below-water",3,"LC","not listed","not listed","statewide",324798,13738,TRUE,0.0163829374264532,0.0165186217251385,99,"09 Apr",0,FALSE,NA,NA,NA,NA,FALSE,0.0495858391894451,0.0929802519582568,FALSE,334097,0.509277372804628,"2026-07-03"
"Pied Cormorant","Phalacrocorax varius","u99","Phalacrocorax varius hypoleucos",TRUE,FALSE,NA,"Sedentary","local dispersal","Aquatic predator","Carnivore","Aquatic","below-water",3,"LC","not listed","not listed","central_west",3969,25,TRUE,0.0167694229792356,0.0169116217216572,131,"11 May",0,FALSE,NA,NA,NA,NA,FALSE,0.00316242095226747,0.0898140160798353,FALSE,334097,0.509277372804628,"2026-07-03"
"Pied Cormorant","Phalacrocorax varius","u99","Phalacrocorax varius hypoleucos",TRUE,FALSE,NA,"Sedentary","local dispersal","Aquatic predator","Carnivore","Aquatic","below-water",3,"LC","not listed","not listed","new_england",3779,44,TRUE,0.785767438344419,1.54069311732284,83,"24 Mar",0.997,TRUE,13,161,"13 Jan","10 Jun",FALSE,0,0,TRUE,334097,0.509277372804628,"2026-07-03"
"Pied Cormorant","Phalacrocorax varius","u99","Phalacrocorax varius hypoleucos",TRUE,FALSE,NA,"Sedentary","local dispersal","Aquatic predator","Carnivore","Aquatic","below-water",3,"LC","not listed","not listed","south_west",1551,86,TRUE,0.0166699402041622,0.0168104473431043,87,"28 Mar",0,FALSE,NA,NA,NA,NA,FALSE,0.0754576988581034,0.0892559942727771,FALSE,334097,0.509277372804628,"2026-07-03"
"Eurasian Blackbird","Turdus merula",NA,NA,FALSE,FALSE,NA,"Sedentary","local dispersal","Omnivore","Omnivore","Generalist","ground",6,"LC","not listed","not listed","statewide",324805,22074,TRUE,0.682991716621942,1.1488273749161,324,"20 Nov",1,TRUE,238,9,"26 Aug","09 Jan",TRUE,0.0552155528640096,0.06602309084892,FALSE,334105,0.474511101924895,"2026-07-03"
"Eurasian Blackbird","Turdus merula",NA,NA,FALSE,FALSE,NA,"Sedentary","local dispersal","Omnivore","Omnivore","Generalist","ground",6,"LC","not listed","not listed","central_west",3971,434,TRUE,0.639470350135324,1.02018107913524,327,"23 Nov",1,TRUE,241,8,"29 Aug","08 Jan",TRUE,0.0612105504228984,0.0562327683566545,FALSE,334105,0.474511101924895,"2026-07-03"
"Eurasian Blackbird","Turdus merula",NA,NA,FALSE,FALSE,NA,"Sedentary","local dispersal","Omnivore","Omnivore","Generalist","ground",6,"LC","not listed","not listed","new_england",3778,166,TRUE,0.806955902506656,1.64483663175437,326,"22 Nov",1,TRUE,249,16,"06 Sep","16 Jan",TRUE,0.0753247873093358,0.0798196971837822,FALSE,334105,0.474511101924895,"2026-07-03"
"Eurasian Blackbird","Turdus merula",NA,NA,FALSE,FALSE,NA,"Sedentary","local dispersal","Omnivore","Omnivore","Generalist","ground",6,"LC","not listed","not listed","south_west",1551,88,TRUE,0.683758198036137,1.15124816192032,325,"21 Nov",1,TRUE,238,9,"26 Aug","09 Jan",TRUE,0.0167221223675643,0.0689799098421124,FALSE,334105,0.474511101924895,"2026-07-03"
"House Sparrow","Passer domesticus",NA,NA,FALSE,FALSE,NA,"Sedentary","local dispersal","Granivore","Herbivore","Terrestrial","ground",3,"LC","not listed","not listed","statewide",324797,22820,TRUE,0.209863483523582,0.235549542783898,356,"22 Dec",0,FALSE,NA,NA,NA,NA,FALSE,0.327379887491024,0.0614183536977324,FALSE,334103,0.351654413614696,"2026-07-03"
"House Sparrow","Passer domesticus",NA,NA,FALSE,FALSE,NA,"Sedentary","local dispersal","Granivore","Herbivore","Terrestrial","ground",3,"LC","not listed","not listed","central_west",3964,396,TRUE,0.382713075665745,0.482421331834403,143,"23 May",0.044,FALSE,NA,NA,NA,NA,FALSE,0.550770900394235,0.0541575838258534,FALSE,334103,0.351654413614696,"2026-07-03"
"House Sparrow","Passer domesticus",NA,NA,FALSE,FALSE,NA,"Sedentary","local dispersal","Granivore","Herbivore","Terrestrial","ground",3,"LC","not listed","not listed","new_england",3783,375,TRUE,0.211854937108102,0.238073116102398,357,"23 Dec",0,FALSE,NA,NA,NA,NA,FALSE,0.177761906818009,0.0802143710152227,FALSE,334103,0.351654413614696,"2026-07-03"
"House Sparrow","Passer domesticus",NA,NA,FALSE,FALSE,NA,"Sedentary","local dispersal","Granivore","Herbivore","Terrestrial","ground",3,"LC","not listed","not listed","south_west",1559,182,TRUE,0.211163744818409,0.237196514298646,353,"19 Dec",0,FALSE,NA,NA,NA,NA,FALSE,1.00187059938003,0.0682272907078788,FALSE,334103,0.351654413614696,"2026-07-03"
"Striated Thornbill","Acanthiza lineata","u470a;u470c","Acanthiza lineata alberti;Acanthiza lineata lineata",TRUE,TRUE,"multiple_nsw_subspecies","Sedentary","local dispersal","Invertivore","Omnivore","Insessorial","mid-high",2,"LC","not listed","not listed","statewide",324802,21765,TRUE,0.483103679427842,0.659912965064024,171,"20 Jun",0.138,FALSE,NA,NA,NA,NA,FALSE,0.38305936854569,0.0777959129509704,FALSE,334105,0.508874907494494,"2026-07-03"
"Striated Thornbill","Acanthiza lineata","u470a;u470c","Acanthiza lineata alberti;Acanthiza lineata lineata",TRUE,TRUE,"multiple_nsw_subspecies","Sedentary","local dispersal","Invertivore","Omnivore","Insessorial","mid-high",2,"LC","not listed","not listed","central_west",3970,155,TRUE,0.433726681609419,0.568678422652066,178,"27 Jun",0.13,FALSE,NA,NA,NA,NA,FALSE,0.182773774294618,0.0806862581546208,FALSE,334105,0.508874907494494,"2026-07-03"
"Striated Thornbill","Acanthiza lineata","u470a;u470c","Acanthiza lineata alberti;Acanthiza lineata lineata",TRUE,TRUE,"multiple_nsw_subspecies","Sedentary","local dispersal","Invertivore","Omnivore","Insessorial","mid-high",2,"LC","not listed","not listed","new_england",3778,494,TRUE,0.483470802745862,0.660623462970512,169,"18 Jun",0.142,FALSE,NA,NA,NA,NA,FALSE,1.25633029282777,0.0731326740245241,FALSE,334105,0.508874907494494,"2026-07-03"
"Striated Thornbill","Acanthiza lineata","u470a;u470c","Acanthiza lineata alberti;Acanthiza lineata lineata",TRUE,TRUE,"multiple_nsw_subspecies","Sedentary","local dispersal","Invertivore","Omnivore","Insessorial","mid-high",2,"LC","not listed","not listed","south_west",1555,0,FALSE,NA,NA,NA,NA,NA,NA,NA,NA,NA,NA,FALSE,0,0,TRUE,334105,0.508874907494494,"2026-07-03"
"Hardhead","Aythya australis","u215","Aythya australis",TRUE,FALSE,NA,"Sedentary","nomadic;irruptive","Aquatic predator","Carnivore","Aquatic","below-water",3,"LC","not listed","not listed","statewide",324754,19723,TRUE,0.530952373177724,0.757050965964015,259,"16 Sep",0.957,TRUE,176,360,"25 Jun","26 Dec",FALSE,0.667896649626165,0.0961709439052148,FALSE,334053,0.245253697207167,"2026-07-03"
"Hardhead","Aythya australis","u215","Aythya australis",TRUE,FALSE,NA,"Sedentary","nomadic;irruptive","Aquatic predator","Carnivore","Aquatic","below-water",3,"LC","not listed","not listed","central_west",3965,279,TRUE,0.68653787476679,1.16007673886083,324,"20 Nov",0.986,TRUE,235,45,"23 Aug","14 Feb",TRUE,0.660549057534412,0.0764890368150636,FALSE,334053,0.245253697207167,"2026-07-03"
"Hardhead","Aythya australis","u215","Aythya australis",TRUE,FALSE,NA,"Sedentary","nomadic;irruptive","Aquatic predator","Carnivore","Aquatic","below-water",3,"LC","not listed","not listed","new_england",3780,507,TRUE,0.530368668981844,0.755807294171354,255,"12 Sep",0.959,TRUE,177,362,"26 Jun","28 Dec",FALSE,0.893182010614659,0.0944755127929239,FALSE,334053,0.245253697207167,"2026-07-03"
"Hardhead","Aythya australis","u215","Aythya australis",TRUE,FALSE,NA,"Sedentary","nomadic;irruptive","Aquatic predator","Carnivore","Aquatic","below-water",3,"LC","not listed","not listed","south_west",1554,31,TRUE,0.530763372964441,0.756648102513919,252,"09 Sep",0.955,TRUE,176,361,"25 Jun","27 Dec",FALSE,0.610159856477479,0.103631437207116,FALSE,334053,0.245253697207167,"2026-07-03"
"Royal Spoonbill","Platalea regia","u181","Platalea regia",TRUE,FALSE,NA,"Partial migrant","local dispersal;partial migrant;nomadic","Aquatic predator","Carnivore","Terrestrial","around-water",3,"LC","not listed","not listed","statewide",324807,15679,TRUE,0.332859593301294,0.404754750423877,58,"27 Feb",0,FALSE,NA,NA,NA,NA,FALSE,0.181426127505239,0.0982810155139425,FALSE,334103,0.425613939278981,"2026-07-03"
"Royal Spoonbill","Platalea regia","u181","Platalea regia",TRUE,FALSE,NA,"Partial migrant","local dispersal;partial migrant;nomadic","Aquatic predator","Carnivore","Terrestrial","around-water",3,"LC","not listed","not listed","central_west",3970,67,TRUE,0.94205640301665,2.84828520739168,16,"16 Jan",1,TRUE,310,93,"06 Nov","03 Apr",TRUE,0.0203041903425764,0.0850050070509314,FALSE,334103,0.425613939278981,"2026-07-03"
"Royal Spoonbill","Platalea regia","u181","Platalea regia",TRUE,FALSE,NA,"Partial migrant","local dispersal;partial migrant;nomadic","Aquatic predator","Carnivore","Terrestrial","around-water",3,"LC","not listed","not listed","new_england",3782,86,TRUE,0.8843145237909,2.15688018240187,30,"30 Jan",1,TRUE,319,105,"15 Nov","15 Apr",TRUE,0.0100999607228345,0.180515105419971,FALSE,334103,0.425613939278981,"2026-07-03"
"Royal Spoonbill","Platalea regia","u181","Platalea regia",TRUE,FALSE,NA,"Partial migrant","local dispersal;partial migrant;nomadic","Aquatic predator","Carnivore","Terrestrial","around-water",3,"LC","not listed","not listed","south_west",1544,48,TRUE,0.904658138135749,2.35028630071719,71,"12 Mar",1,TRUE,2,143,"02 Jan","23 May",FALSE,0.432966346647947,0.091854868514018,FALSE,334103,0.425613939278981,"2026-07-03"
"Australian Reed Warbler","Acrocephalus australis","u524a","Acrocephalus australis australis",TRUE,FALSE,NA,"Migratory","local dispersal;partial migrant","Invertivore","Carnivore","Insessorial","understory",5,"LC","not listed","not listed","statewide",324810,18597,TRUE,0.955763071079109,3.11819534278319,297,"24 Oct",1,TRUE,247,43,"04 Sep","12 Feb",TRUE,0.26611675156106,0.0780979612299452,FALSE,334105,0.508636712293251,"2026-07-03"
"Australian Reed Warbler","Acrocephalus australis","u524a","Acrocephalus australis australis",TRUE,FALSE,NA,"Migratory","local dispersal;partial migrant","Invertivore","Carnivore","Insessorial","understory",5,"LC","not listed","not listed","central_west",3969,478,TRUE,0.955715946347534,3.11713062943146,297,"24 Oct",1,TRUE,247,43,"04 Sep","12 Feb",TRUE,0.347403470640499,0.062264013529623,FALSE,334105,0.508636712293251,"2026-07-03"
"Australian Reed Warbler","Acrocephalus australis","u524a","Acrocephalus australis australis",TRUE,FALSE,NA,"Migratory","local dispersal;partial migrant","Invertivore","Carnivore","Insessorial","understory",5,"LC","not listed","not listed","new_england",3779,613,TRUE,0.955856433865507,3.12030808996949,296,"23 Oct",1,TRUE,247,43,"04 Sep","12 Feb",TRUE,0.682560545086229,0.0743420758622138,FALSE,334105,0.508636712293251,"2026-07-03"
"Australian Reed Warbler","Acrocephalus australis","u524a","Acrocephalus australis australis",TRUE,FALSE,NA,"Migratory","local dispersal;partial migrant","Invertivore","Carnivore","Insessorial","understory",5,"LC","not listed","not listed","south_west",1547,57,TRUE,0.970346712149723,3.51818227097524,364,"30 Dec",1,TRUE,260,52,"17 Sep","21 Feb",TRUE,0.298648267874266,0.0756911633099417,FALSE,334105,0.508636712293251,"2026-07-03"
"Fan-tailed Cuckoo","Cacomantis flabelliformis","u338","Cacomantis flabelliformis flabelliformis",TRUE,FALSE,NA,"Sedentary","local dispersal;partial migrant","Invertivore","Carnivore","Insessorial","mid-high",3,"LC","not listed","not listed","statewide",324805,20620,TRUE,0.804065307128548,1.6299738749104,269,"26 Sep",1,TRUE,202,337,"21 Jul","03 Dec",FALSE,0.131038150893758,0.0744938853342854,FALSE,334105,0.347377071873173,"2026-07-03"
"Fan-tailed Cuckoo","Cacomantis flabelliformis","u338","Cacomantis flabelliformis flabelliformis",TRUE,FALSE,NA,"Sedentary","local dispersal;partial migrant","Invertivore","Carnivore","Insessorial","mid-high",3,"LC","not listed","not listed","central_west",3966,136,TRUE,0.803368846008409,1.62642561997985,267,"24 Sep",1,TRUE,203,337,"22 Jul","03 Dec",FALSE,0.138294672837946,0.0585185759462713,FALSE,334105,0.347377071873173,"2026-07-03"
"Fan-tailed Cuckoo","Cacomantis flabelliformis","u338","Cacomantis flabelliformis flabelliformis",TRUE,FALSE,NA,"Sedentary","local dispersal;partial migrant","Invertivore","Carnivore","Insessorial","mid-high",3,"LC","not listed","not listed","new_england",3780,202,TRUE,0.699911943109708,1.20367932442773,273,"30 Sep",1,TRUE,214,337,"02 Aug","03 Dec",FALSE,0.265593487057974,0.0518521696403555,FALSE,334105,0.347377071873173,"2026-07-03"
"Fan-tailed Cuckoo","Cacomantis flabelliformis","u338","Cacomantis flabelliformis flabelliformis",TRUE,FALSE,NA,"Sedentary","local dispersal;partial migrant","Invertivore","Carnivore","Insessorial","mid-high",3,"LC","not listed","not listed","south_west",1554,9,FALSE,NA,NA,NA,NA,NA,NA,NA,NA,NA,NA,FALSE,0.00639989166889348,0.105618176423348,FALSE,334105,0.347377071873173,"2026-07-03"
"Variegated Fairywren","Malurus lamberti",NA,NA,FALSE,FALSE,NA,"Sedentary","local dispersal","Invertivore","Carnivore","Insessorial","understory",6,"LC","not listed","not listed","statewide",324806,17369,TRUE,0.218449640392099,0.246475691519336,268,"25 Sep",0,FALSE,NA,NA,NA,NA,FALSE,0.0361446698534521,0.0588261477474453,FALSE,334105,0.482653343147886,"2026-07-03"
"Variegated Fairywren","Malurus lamberti",NA,NA,FALSE,FALSE,NA,"Sedentary","local dispersal","Invertivore","Carnivore","Insessorial","understory",6,"LC","not listed","not listed","central_west",3972,7,FALSE,NA,NA,NA,NA,NA,NA,NA,NA,NA,NA,FALSE,0.000171446555267524,0.0622669152915478,FALSE,334105,0.482653343147886,"2026-07-03"
"Variegated Fairywren","Malurus lamberti",NA,NA,FALSE,FALSE,NA,"Sedentary","local dispersal","Invertivore","Carnivore","Insessorial","understory",6,"LC","not listed","not listed","new_england",3782,6,FALSE,NA,NA,NA,NA,NA,NA,NA,NA,NA,NA,FALSE,0.00775204065116672,0.0725463310002603,FALSE,334105,0.482653343147886,"2026-07-03"
"Variegated Fairywren","Malurus lamberti",NA,NA,FALSE,FALSE,NA,"Sedentary","local dispersal","Invertivore","Carnivore","Insessorial","understory",6,"LC","not listed","not listed","south_west",1545,0,FALSE,NA,NA,NA,NA,NA,NA,NA,NA,NA,NA,FALSE,0,0,TRUE,334105,0.482653343147886,"2026-07-03"
"Yellow-rumped Thornbill","Acanthiza chrysorrhoa","u486c;u486d","Acanthiza chrysorrhoa leighi;Acanthiza chrysorrhoa normantoni",TRUE,TRUE,"multiple_nsw_subspecies","Sedentary","local dispersal","Invertivore","Carnivore","Terrestrial","ground",2,"LC","not listed","not listed","statewide",324809,26000,TRUE,0.435104988621579,0.571115385671644,141,"21 May",0,FALSE,NA,NA,NA,NA,FALSE,0.942480525803069,0.0568252656089229,FALSE,334105,0.445171719543404,"2026-07-03"
"Yellow-rumped Thornbill","Acanthiza chrysorrhoa","u486c;u486d","Acanthiza chrysorrhoa leighi;Acanthiza chrysorrhoa normantoni",TRUE,TRUE,"multiple_nsw_subspecies","Sedentary","local dispersal","Invertivore","Carnivore","Terrestrial","ground",2,"LC","not listed","not listed","central_west",3967,843,TRUE,0.436556343923457,0.573687939717988,138,"18 May",0,FALSE,NA,NA,NA,NA,FALSE,2.0398638752235,0.044300583546905,FALSE,334105,0.445171719543404,"2026-07-03"
"Yellow-rumped Thornbill","Acanthiza chrysorrhoa","u486c;u486d","Acanthiza chrysorrhoa leighi;Acanthiza chrysorrhoa normantoni",TRUE,TRUE,"multiple_nsw_subspecies","Sedentary","local dispersal","Invertivore","Carnivore","Terrestrial","ground",2,"LC","not listed","not listed","new_england",3776,927,TRUE,0.434872796695861,0.570704434584189,141,"21 May",0,FALSE,NA,NA,NA,NA,FALSE,1.7910830545443,0.0615748241425346,FALSE,334105,0.445171719543404,"2026-07-03"
"Yellow-rumped Thornbill","Acanthiza chrysorrhoa","u486c;u486d","Acanthiza chrysorrhoa leighi;Acanthiza chrysorrhoa normantoni",TRUE,TRUE,"multiple_nsw_subspecies","Sedentary","local dispersal","Invertivore","Carnivore","Terrestrial","ground",2,"LC","not listed","not listed","south_west",1553,153,TRUE,0.435166432610355,0.571224162222032,140,"20 May",0,FALSE,NA,NA,NA,NA,FALSE,0.80353704398063,0.0615865092329315,FALSE,334105,0.445171719543404,"2026-07-03"
"White-bellied Sea-Eagle","Icthyophaga leucogaster","u226","Haliaeetus leucogaster",TRUE,FALSE,NA,"Sedentary","local dispersal;nomadic","Aquatic predator","Carnivore","Aerial","around-water",5,"LC","not listed","not listed","statewide",324808,16540,TRUE,0.362299103646905,0.449885920058802,151,"31 May",0,FALSE,NA,NA,NA,NA,FALSE,0.0195312429421981,0.075197954781853,FALSE,334105,0.347988471317259,"2026-07-03"
"White-bellied Sea-Eagle","Icthyophaga leucogaster","u226","Haliaeetus leucogaster",TRUE,FALSE,NA,"Sedentary","local dispersal;nomadic","Aquatic predator","Carnivore","Aerial","around-water",5,"LC","not listed","not listed","central_west",3970,47,TRUE,0.361148660653175,0.448083497450447,158,"07 Jun",0,FALSE,NA,NA,NA,NA,FALSE,0.00811390054729777,0.0625893110966066,FALSE,334105,0.347988471317259,"2026-07-03"
"White-bellied Sea-Eagle","Icthyophaga leucogaster","u226","Haliaeetus leucogaster",TRUE,FALSE,NA,"Sedentary","local dispersal;nomadic","Aquatic predator","Carnivore","Aerial","around-water",5,"LC","not listed","not listed","new_england",3775,56,TRUE,0.362296861119756,0.449882403483526,152,"01 Jun",0,FALSE,NA,NA,NA,NA,FALSE,0.000787149376103098,0.152058849790107,FALSE,334105,0.347988471317259,"2026-07-03"
"White-bellied Sea-Eagle","Icthyophaga leucogaster","u226","Haliaeetus leucogaster",TRUE,FALSE,NA,"Sedentary","local dispersal;nomadic","Aquatic predator","Carnivore","Aerial","around-water",5,"LC","not listed","not listed","south_west",1552,46,TRUE,0.361724360336263,0.448985051848003,156,"05 Jun",0,FALSE,NA,NA,NA,NA,FALSE,0.0201716922930256,0.0733518752233692,FALSE,334105,0.347988471317259,"2026-07-03"
"Straw-necked Ibis","Threskiornis spinicollis","u180","Threskiornis spinicollis",TRUE,FALSE,NA,"Sedentary","local dispersal;partial migrant","Omnivore","Carnivore","Terrestrial","ground",6,"LC","not listed","not listed","statewide",324626,23515,TRUE,0.51403519070398,0.721619066559216,146,"26 May",0.778,FALSE,NA,NA,NA,NA,FALSE,1.69159383958323,0.0825953240616161,FALSE,333904,0.264305958254915,"2026-07-03"
"Straw-necked Ibis","Threskiornis spinicollis","u180","Threskiornis spinicollis",TRUE,FALSE,NA,"Sedentary","local dispersal;partial migrant","Omnivore","Carnivore","Terrestrial","ground",6,"LC","not listed","not listed","central_west",3968,358,TRUE,0.822451899268278,1.72851371673997,324,"20 Nov",1,TRUE,252,29,"09 Sep","29 Jan",TRUE,2.48595085017954,0.0651255253167278,FALSE,333904,0.264305958254915,"2026-07-03"
"Straw-necked Ibis","Threskiornis spinicollis","u180","Threskiornis spinicollis",TRUE,FALSE,NA,"Sedentary","local dispersal;partial migrant","Omnivore","Carnivore","Terrestrial","ground",6,"LC","not listed","not listed","new_england",3766,506,TRUE,0.515167212367125,0.723951215257992,146,"26 May",0.822,FALSE,NA,NA,NA,NA,FALSE,2.38820901988066,0.094888920045638,FALSE,333904,0.264305958254915,"2026-07-03"
"Straw-necked Ibis","Threskiornis spinicollis","u180","Threskiornis spinicollis",TRUE,FALSE,NA,"Sedentary","local dispersal;partial migrant","Omnivore","Carnivore","Terrestrial","ground",6,"LC","not listed","not listed","south_west",1544,107,TRUE,0.514405013452829,0.722380363534025,141,"21 May",0.776,FALSE,NA,NA,NA,NA,FALSE,3.00885050136912,0.0837870885806472,FALSE,333904,0.264305958254915,"2026-07-03"
"Red-whiskered Bulbul","Pycnonotus jocosus",NA,NA,FALSE,FALSE,NA,"Sedentary","local dispersal","Omnivore","Herbivore","Insessorial","understory",3,"LC","not listed","not listed","statewide",324796,8625,TRUE,0.152414197455353,0.165363202911564,356,"22 Dec",0,FALSE,NA,NA,NA,NA,FALSE,0.00597226604367655,0.110952549918809,FALSE,334105,0.71060053117732,"2026-07-03"
"Red-whiskered Bulbul","Pycnonotus jocosus",NA,NA,FALSE,FALSE,NA,"Sedentary","local dispersal","Omnivore","Herbivore","Insessorial","understory",3,"LC","not listed","not listed","central_west",3968,0,FALSE,NA,NA,NA,NA,NA,NA,NA,NA,NA,NA,FALSE,0,0,TRUE,334105,0.71060053117732,"2026-07-03"
"Red-whiskered Bulbul","Pycnonotus jocosus",NA,NA,FALSE,FALSE,NA,"Sedentary","local dispersal","Omnivore","Herbivore","Insessorial","understory",3,"LC","not listed","not listed","new_england",3785,0,FALSE,NA,NA,NA,NA,NA,NA,NA,NA,NA,NA,FALSE,0,0,TRUE,334105,0.71060053117732,"2026-07-03"
"Red-whiskered Bulbul","Pycnonotus jocosus",NA,NA,FALSE,FALSE,NA,"Sedentary","local dispersal","Omnivore","Herbivore","Insessorial","understory",3,"LC","not listed","not listed","south_west",1556,0,FALSE,NA,NA,NA,NA,NA,NA,NA,NA,NA,NA,FALSE,0,0,TRUE,334105,0.71060053117732,"2026-07-03"
"Scarlet Myzomela","Myzomela sanguinolenta","u586","Myzomela sanguinolenta",TRUE,FALSE,NA,"Partial migrant","local dispersal;partial migrant","Nectarivore","Herbivore","Insessorial","mid-high",5,"LC","not listed","not listed","statewide",324801,20396,TRUE,0.656352118747154,1.06813774685519,243,"31 Aug",1,TRUE,156,344,"05 Jun","10 Dec",FALSE,0.125246723267972,0.0885860286847166,FALSE,334105,0.541094000112815,"2026-07-03"
"Scarlet Myzomela","Myzomela sanguinolenta","u586","Myzomela sanguinolenta",TRUE,FALSE,NA,"Partial migrant","local dispersal;partial migrant","Nectarivore","Herbivore","Insessorial","mid-high",5,"LC","not listed","not listed","central_west",3973,38,TRUE,0.65662149883226,1.06892193828016,238,"26 Aug",1,TRUE,154,344,"03 Jun","10 Dec",FALSE,0.0523322421212829,0.0824373256485161,FALSE,334105,0.541094000112815,"2026-07-03"
"Scarlet Myzomela","Myzomela sanguinolenta","u586","Myzomela sanguinolenta",TRUE,FALSE,NA,"Partial migrant","local dispersal;partial migrant","Nectarivore","Herbivore","Insessorial","mid-high",5,"LC","not listed","not listed","new_england",3781,79,TRUE,0.952498806129715,3.04700043414613,9,"09 Jan",1,TRUE,314,76,"10 Nov","17 Mar",TRUE,0.0844158991926191,0.101299943603731,FALSE,334105,0.541094000112815,"2026-07-03"
"Scarlet Myzomela","Myzomela sanguinolenta","u586","Myzomela sanguinolenta",TRUE,FALSE,NA,"Partial migrant","local dispersal;partial migrant","Nectarivore","Herbivore","Insessorial","mid-high",5,"LC","not listed","not listed","south_west",1550,0,FALSE,NA,NA,NA,NA,NA,NA,NA,NA,NA,NA,FALSE,0,0,TRUE,334105,0.541094000112815,"2026-07-03"
"Nankeen Kestrel","Falco cenchroides","u240","Falco cenchroides cenchroides",TRUE,FALSE,NA,"Partial migrant","local dispersal;partial migrant","Invertivore","Carnivore","Generalist","ground",6,"LC","not listed","not listed","statewide",324810,18201,TRUE,0.183962793220723,0.20329532851429,262,"19 Sep",0,FALSE,NA,NA,NA,NA,FALSE,0.337753686583088,0.0456421280378483,FALSE,334105,0.320562306221195,"2026-07-03"
"Nankeen Kestrel","Falco cenchroides","u240","Falco cenchroides cenchroides",TRUE,FALSE,NA,"Partial migrant","local dispersal;partial migrant","Invertivore","Carnivore","Generalist","ground",6,"LC","not listed","not listed","central_west",3971,427,TRUE,0.184665475109956,0.204156789969147,262,"19 Sep",0,FALSE,NA,NA,NA,NA,FALSE,0.2990667713491,0.0378171261259117,FALSE,334105,0.320562306221195,"2026-07-03"
"Nankeen Kestrel","Falco cenchroides","u240","Falco cenchroides cenchroides",TRUE,FALSE,NA,"Partial migrant","local dispersal;partial migrant","Invertivore","Carnivore","Generalist","ground",6,"LC","not listed","not listed","new_england",3781,366,TRUE,0.434184894946924,0.569487923664598,290,"17 Oct",0.124,FALSE,NA,NA,NA,NA,FALSE,0.161995107639407,0.0572343096661497,FALSE,334105,0.320562306221195,"2026-07-03"
"Nankeen Kestrel","Falco cenchroides","u240","Falco cenchroides cenchroides",TRUE,FALSE,NA,"Partial migrant","local dispersal;partial migrant","Invertivore","Carnivore","Generalist","ground",6,"LC","not listed","not listed","south_west",1543,299,TRUE,0.182806518236516,0.201879392375567,262,"19 Sep",0,FALSE,NA,NA,NA,NA,FALSE,0.678252532865795,0.0419901723349647,FALSE,334105,0.320562306221195,"2026-07-03"
"Whistling Kite","Haliastur sphenurus","u228","Haliastur sphenurus",TRUE,FALSE,NA,"Sedentary","local dispersal;partial migrant;nomadic","Omnivore","Carnivore","Aerial","ground",5,"LC","not listed","not listed","statewide",324797,23917,TRUE,0.304026341558482,0.36244346643072,162,"11 Jun",0,FALSE,NA,NA,NA,NA,FALSE,0.244062041976571,0.0484912121071342,FALSE,334105,0.38231467771203,"2026-07-03"
"Whistling Kite","Haliastur sphenurus","u228","Haliastur sphenurus",TRUE,FALSE,NA,"Sedentary","local dispersal;partial migrant;nomadic","Omnivore","Carnivore","Aerial","ground",5,"LC","not listed","not listed","central_west",3972,249,TRUE,0.304402307166088,0.362983813307522,164,"13 Jun",0,FALSE,NA,NA,NA,NA,FALSE,0.0701944165609856,0.0425556414526294,FALSE,334105,0.38231467771203,"2026-07-03"
"Whistling Kite","Haliastur sphenurus","u228","Haliastur sphenurus",TRUE,FALSE,NA,"Sedentary","local dispersal;partial migrant;nomadic","Omnivore","Carnivore","Aerial","ground",5,"LC","not listed","not listed","new_england",3783,298,TRUE,0.304039650208073,0.362462588960254,160,"09 Jun",0,FALSE,NA,NA,NA,NA,FALSE,0.0664648869585374,0.0711193296391128,FALSE,334105,0.38231467771203,"2026-07-03"
"Whistling Kite","Haliastur sphenurus","u228","Haliastur sphenurus",TRUE,FALSE,NA,"Sedentary","local dispersal;partial migrant;nomadic","Omnivore","Carnivore","Aerial","ground",5,"LC","not listed","not listed","south_west",1553,514,TRUE,0.303103194887197,0.361117934975202,161,"10 Jun",0,FALSE,NA,NA,NA,NA,FALSE,0.32626615504489,0.0453939314707786,FALSE,334105,0.38231467771203,"2026-07-03"
"Blue-faced Honeyeater","Entomyzon cyanotis","u641a","Entomyzon cyanotis cyanotis",TRUE,FALSE,NA,"Sedentary","local dispersal","Omnivore","Omnivore","Insessorial","mid-high",6,"LC","not listed","not listed","statewide",324806,28332,TRUE,0.312679292942459,0.374954273187452,107,"17 Apr",0,FALSE,NA,NA,NA,NA,FALSE,0.099443690826819,0.0722944237623125,FALSE,334105,0.394528482630479,"2026-07-03"
"Blue-faced Honeyeater","Entomyzon cyanotis","u641a","Entomyzon cyanotis cyanotis",TRUE,FALSE,NA,"Sedentary","local dispersal","Omnivore","Omnivore","Insessorial","mid-high",6,"LC","not listed","not listed","central_west",3971,444,TRUE,0.312147304758583,0.374180569726457,113,"23 Apr",0,FALSE,NA,NA,NA,NA,FALSE,0.257758348867953,0.0584644440032642,FALSE,334105,0.394528482630479,"2026-07-03"
"Blue-faced Honeyeater","Entomyzon cyanotis","u641a","Entomyzon cyanotis cyanotis",TRUE,FALSE,NA,"Sedentary","local dispersal","Omnivore","Omnivore","Insessorial","mid-high",6,"LC","not listed","not listed","new_england",3782,180,TRUE,0.311514910664012,0.373261617785792,127,"07 May",0,FALSE,NA,NA,NA,NA,FALSE,0.00864342064425718,0.0795953531737856,FALSE,334105,0.394528482630479,"2026-07-03"
"Blue-faced Honeyeater","Entomyzon cyanotis","u641a","Entomyzon cyanotis cyanotis",TRUE,FALSE,NA,"Sedentary","local dispersal","Omnivore","Omnivore","Insessorial","mid-high",6,"LC","not listed","not listed","south_west",1546,169,TRUE,0.313041230378051,0.3754810036671,112,"22 Apr",0,FALSE,NA,NA,NA,NA,FALSE,0.0393340971067374,0.0729025110140327,FALSE,334105,0.394528482630479,"2026-07-03"
"Mistletoebird","Dicaeum hirundinaceum","u564","Dicaeum hirundinaceum",TRUE,FALSE,NA,"Partial migrant","local dispersal;partial migrant","Invertivore","Omnivore","Insessorial","mid-high",6,"LC","not listed","not listed","statewide",324803,20869,TRUE,0.385891953317308,0.487584394520299,303,"30 Oct",0,FALSE,NA,NA,NA,NA,FALSE,0.126700409916994,0.0680059825165607,FALSE,334105,0.332798766606166,"2026-07-03"
"Mistletoebird","Dicaeum hirundinaceum","u564","Dicaeum hirundinaceum",TRUE,FALSE,NA,"Partial migrant","local dispersal;partial migrant","Invertivore","Omnivore","Insessorial","mid-high",6,"LC","not listed","not listed","central_west",3967,448,TRUE,0.437327113134837,0.575056837700301,307,"03 Nov",0.061,FALSE,NA,NA,NA,NA,FALSE,0.190419945874193,0.0506455754165225,FALSE,334105,0.332798766606166,"2026-07-03"
"Mistletoebird","Dicaeum hirundinaceum","u564","Dicaeum hirundinaceum",TRUE,FALSE,NA,"Partial migrant","local dispersal;partial migrant","Invertivore","Omnivore","Insessorial","mid-high",6,"LC","not listed","not listed","new_england",3782,297,TRUE,0.386646035992715,0.488813080644525,304,"31 Oct",0,FALSE,NA,NA,NA,NA,FALSE,0.08727398806875,0.0657821228232008,FALSE,334105,0.332798766606166,"2026-07-03"
"Mistletoebird","Dicaeum hirundinaceum","u564","Dicaeum hirundinaceum",TRUE,FALSE,NA,"Partial migrant","local dispersal;partial migrant","Invertivore","Omnivore","Insessorial","mid-high",6,"LC","not listed","not listed","south_west",1553,55,TRUE,0.385625665492666,0.487150871284005,305,"01 Nov",0,FALSE,NA,NA,NA,NA,FALSE,0.0560354846697042,0.0716038678703949,FALSE,334105,0.332798766606166,"2026-07-03"
"Australian Brushturkey","Alectura lathami","u8a","Alectura lathami lathami",TRUE,FALSE,NA,"Sedentary","local dispersal","Omnivore","Herbivore","Terrestrial","ground",6,"LC","not listed","EN (population)","statewide",324812,17025,TRUE,0.203863097997807,0.227984120485957,263,"20 Sep",0,FALSE,NA,NA,NA,NA,FALSE,0.0145470026319928,0.120194870381647,FALSE,334105,0.559065857326451,"2026-07-03"
"Australian Brushturkey","Alectura lathami","u8a","Alectura lathami lathami",TRUE,FALSE,NA,"Sedentary","local dispersal","Omnivore","Herbivore","Terrestrial","ground",6,"LC","not listed","EN (population)","central_west",3969,0,FALSE,NA,NA,NA,NA,NA,NA,NA,NA,NA,NA,FALSE,0,0,TRUE,334105,0.559065857326451,"2026-07-03"
"Australian Brushturkey","Alectura lathami","u8a","Alectura lathami lathami",TRUE,FALSE,NA,"Sedentary","local dispersal","Omnivore","Herbivore","Terrestrial","ground",6,"LC","not listed","EN (population)","new_england",3781,1,FALSE,NA,NA,NA,NA,NA,NA,NA,NA,NA,NA,FALSE,0.0039546385016373,0.272308265933624,FALSE,334105,0.559065857326451,"2026-07-03"
"Australian Brushturkey","Alectura lathami","u8a","Alectura lathami lathami",TRUE,FALSE,NA,"Sedentary","local dispersal","Omnivore","Herbivore","Terrestrial","ground",6,"LC","not listed","EN (population)","south_west",1543,0,FALSE,NA,NA,NA,NA,NA,NA,NA,NA,NA,NA,FALSE,0,0,TRUE,334105,0.559065857326451,"2026-07-03"
"Dollarbird","Eurystomus orientalis","u318","Eurystomus orientalis pacificus",TRUE,FALSE,NA,"Migratory","total migrant","Invertivore","Carnivore","Aerial","understory",6,"LC","not listed","not listed","statewide",324806,13714,TRUE,0.999835250795226,8.71108621146015,7,"07 Jan",1,TRUE,281,56,"08 Oct","25 Feb",TRUE,0.096536983628693,0.0843239382400972,FALSE,334105,0.493067542770502,"2026-07-03"
"Dollarbird","Eurystomus orientalis","u318","Eurystomus orientalis pacificus",TRUE,FALSE,NA,"Migratory","total migrant","Invertivore","Carnivore","Aerial","understory",6,"LC","not listed","not listed","central_west",3969,240,TRUE,0.999848616891881,8.79569679439229,8,"08 Jan",1,TRUE,282,57,"09 Oct","26 Feb",TRUE,0.285511473220017,0.063809830498177,FALSE,334105,0.493067542770502,"2026-07-03"
"Dollarbird","Eurystomus orientalis","u318","Eurystomus orientalis pacificus",TRUE,FALSE,NA,"Migratory","total migrant","Invertivore","Carnivore","Aerial","understory",6,"LC","not listed","not listed","new_england",3780,344,TRUE,0.999831171918104,8.68662962769652,8,"08 Jan",1,TRUE,281,56,"08 Oct","25 Feb",TRUE,0.2786036708547,0.0795731133393111,FALSE,334105,0.493067542770502,"2026-07-03"
"Dollarbird","Eurystomus orientalis","u318","Eurystomus orientalis pacificus",TRUE,FALSE,NA,"Migratory","total migrant","Invertivore","Carnivore","Aerial","understory",6,"LC","not listed","not listed","south_west",1550,8,FALSE,NA,NA,NA,NA,NA,NA,NA,NA,NA,NA,FALSE,0.0036825070389208,0.121414022592873,FALSE,334105,0.493067542770502,"2026-07-03"
"Eastern Cattle-Egret","Ardea coromanda","u977","Bubulcus ibis coromandus",TRUE,FALSE,NA,"Partial migrant",NA,"Omnivore","Carnivore","Terrestrial",NA,5,NA,NA,NA,"statewide",324688,16171,TRUE,0.400534487531584,0.511716833327925,108,"18 Apr",0,FALSE,NA,NA,NA,NA,FALSE,0.170914543803807,0.189002342667745,FALSE,333980,0.507918909178695,"2026-07-03"
"Eastern Cattle-Egret","Ardea coromanda","u977","Bubulcus ibis coromandus",TRUE,FALSE,NA,"Partial migrant",NA,"Omnivore","Carnivore","Terrestrial",NA,5,NA,NA,NA,"central_west",3966,36,TRUE,0.732063774895346,1.3170062928171,314,"10 Nov",0.993,TRUE,236,17,"24 Aug","17 Jan",TRUE,0.150668822477427,0.104376085883729,FALSE,333980,0.507918909178695,"2026-07-03"
"Eastern Cattle-Egret","Ardea coromanda","u977","Bubulcus ibis coromandus",TRUE,FALSE,NA,"Partial migrant",NA,"Omnivore","Carnivore","Terrestrial",NA,5,NA,NA,NA,"new_england",3778,66,TRUE,0.40262145078371,0.515204280747558,109,"19 Apr",0,FALSE,NA,NA,NA,NA,FALSE,0.0603549869906894,0.128928416884833,FALSE,333980,0.507918909178695,"2026-07-03"
"Eastern Cattle-Egret","Ardea coromanda","u977","Bubulcus ibis coromandus",TRUE,FALSE,NA,"Partial migrant",NA,"Omnivore","Carnivore","Terrestrial",NA,5,NA,NA,NA,"south_west",1548,0,FALSE,NA,NA,NA,NA,NA,NA,NA,NA,NA,NA,FALSE,0.0304563845565576,0.180452468415771,FALSE,333980,0.507918909178695,"2026-07-03"
"Pied Stilt","Himantopus leucocephalus","u146","Himantopus leucocephalus",TRUE,FALSE,NA,"Partial migrant","local dispersal;partial migrant","Aquatic predator","Carnivore","Terrestrial","around-water",2,NA,"not listed","not listed","statewide",324662,13539,TRUE,0.606711232865196,0.933211160504474,4,"04 Jan",1,TRUE,250,74,"07 Sep","15 Mar",TRUE,1.29690981531893,0.124329612728336,FALSE,333954,0.523623408914268,"2026-07-03"
"Pied Stilt","Himantopus leucocephalus","u146","Himantopus leucocephalus",TRUE,FALSE,NA,"Partial migrant","local dispersal;partial migrant","Aquatic predator","Carnivore","Terrestrial","around-water",2,NA,"not listed","not listed","central_west",3969,224,TRUE,0.608161292181249,0.936904983510465,1,"01 Jan",1,TRUE,249,74,"06 Sep","15 Mar",TRUE,0.184292198645272,0.0958343421777662,FALSE,333954,0.523623408914268,"2026-07-03"
"Pied Stilt","Himantopus leucocephalus","u146","Himantopus leucocephalus",TRUE,FALSE,NA,"Partial migrant","local dispersal;partial migrant","Aquatic predator","Carnivore","Terrestrial","around-water",2,NA,"not listed","not listed","new_england",3775,339,TRUE,0.608298484054898,0.937255168149085,3,"03 Jan",1,TRUE,248,73,"05 Sep","14 Mar",TRUE,0.322811860829654,0.132705953888738,FALSE,333954,0.523623408914268,"2026-07-03"
"Pied Stilt","Himantopus leucocephalus","u146","Himantopus leucocephalus",TRUE,FALSE,NA,"Partial migrant","local dispersal;partial migrant","Aquatic predator","Carnivore","Terrestrial","around-water",2,NA,"not listed","not listed","south_west",1548,28,TRUE,0.984977799692517,4.19822615153197,358,"24 Dec",1,TRUE,291,59,"18 Oct","28 Feb",TRUE,1.18160064542167,0.125516134307989,FALSE,333954,0.523623408914268,"2026-07-03"
"Bell Miner","Manorina melanophrys","u633","Manorina melanophrys",TRUE,FALSE,NA,"Sedentary","local dispersal","Invertivore","Carnivore","Insessorial","canopy",4,"LC","not listed","not listed","statewide",324800,12300,TRUE,0.278986386156209,0.327097259983922,104,"14 Apr",0,FALSE,NA,NA,NA,NA,FALSE,0.366365305340725,0.0957083055197761,FALSE,334096,0.558291356679519,"2026-07-03"
"Bell Miner","Manorina melanophrys","u633","Manorina melanophrys",TRUE,FALSE,NA,"Sedentary","local dispersal","Invertivore","Carnivore","Insessorial","canopy",4,"LC","not listed","not listed","central_west",3967,0,FALSE,NA,NA,NA,NA,NA,NA,NA,NA,NA,NA,FALSE,0,0,TRUE,334096,0.558291356679519,"2026-07-03"
"Bell Miner","Manorina melanophrys","u633","Manorina melanophrys",TRUE,FALSE,NA,"Sedentary","local dispersal","Invertivore","Carnivore","Insessorial","canopy",4,"LC","not listed","not listed","new_england",3782,7,FALSE,NA,NA,NA,NA,NA,NA,NA,NA,NA,NA,FALSE,0.118828067276484,0.137334499816975,FALSE,334096,0.558291356679519,"2026-07-03"
"Bell Miner","Manorina melanophrys","u633","Manorina melanophrys",TRUE,FALSE,NA,"Sedentary","local dispersal","Invertivore","Carnivore","Insessorial","canopy",4,"LC","not listed","not listed","south_west",1547,0,FALSE,NA,NA,NA,NA,NA,NA,NA,NA,NA,NA,FALSE,0,0,TRUE,334096,0.558291356679519,"2026-07-03"
"Brown Cuckoo-Dove","Macropygia phasianella","u29a","Macropygia phasianella phasianella",TRUE,FALSE,NA,"Partial migrant","local dispersal;partial migrant","Omnivore","Herbivore","Insessorial","understory",1,"LC","not listed","not listed","statewide",324791,12617,TRUE,0.328704518114192,0.398545878455123,348,"14 Dec",0,FALSE,NA,NA,NA,NA,FALSE,0.0514653654140066,0.0715815009662115,FALSE,334105,0.59822498943596,"2026-07-03"
"Brown Cuckoo-Dove","Macropygia phasianella","u29a","Macropygia phasianella phasianella",TRUE,FALSE,NA,"Partial migrant","local dispersal;partial migrant","Omnivore","Herbivore","Insessorial","understory",1,"LC","not listed","not listed","central_west",3972,0,FALSE,NA,NA,NA,NA,NA,NA,NA,NA,NA,NA,FALSE,0,0,TRUE,334105,0.59822498943596,"2026-07-03"
"Brown Cuckoo-Dove","Macropygia phasianella","u29a","Macropygia phasianella phasianella",TRUE,FALSE,NA,"Partial migrant","local dispersal;partial migrant","Omnivore","Herbivore","Insessorial","understory",1,"LC","not listed","not listed","new_england",3780,8,FALSE,NA,NA,NA,NA,NA,NA,NA,NA,NA,NA,FALSE,0.0175656847093311,0.0989194043668748,FALSE,334105,0.59822498943596,"2026-07-03"
"Brown Cuckoo-Dove","Macropygia phasianella","u29a","Macropygia phasianella phasianella",TRUE,FALSE,NA,"Partial migrant","local dispersal;partial migrant","Omnivore","Herbivore","Insessorial","understory",1,"LC","not listed","not listed","south_west",1562,0,FALSE,NA,NA,NA,NA,NA,NA,NA,NA,NA,NA,FALSE,0,0,TRUE,334105,0.59822498943596,"2026-07-03"
"Musk Lorikeet","Trichoglossus concinnus","u258a","Glossopsitta concinna concinna",TRUE,FALSE,NA,"Sedentary","nomadic","Omnivore","Herbivore","Insessorial","mid-high",2,"LC","not listed","not listed","statewide",324797,12485,TRUE,0.636488780795371,1.01194511809798,132,"12 May",1,TRUE,51,211,"20 Feb","30 Jul",FALSE,0.242904530276524,0.100887663156948,FALSE,334100,0.314310565588267,"2026-07-03"
"Musk Lorikeet","Trichoglossus concinnus","u258a","Glossopsitta concinna concinna",TRUE,FALSE,NA,"Sedentary","nomadic","Omnivore","Herbivore","Insessorial","mid-high",2,"LC","not listed","not listed","central_west",3969,322,TRUE,0.430278110716943,0.56260695076058,152,"01 Jun",0.224,FALSE,NA,NA,NA,NA,FALSE,1.26965155523948,0.0909105141237216,FALSE,334100,0.314310565588267,"2026-07-03"
"Musk Lorikeet","Trichoglossus concinnus","u258a","Glossopsitta concinna concinna",TRUE,FALSE,NA,"Sedentary","nomadic","Omnivore","Herbivore","Insessorial","mid-high",2,"LC","not listed","not listed","new_england",3780,397,TRUE,0.637295580197065,1.01416704693093,130,"10 May",1,TRUE,51,211,"20 Feb","30 Jul",FALSE,1.91715239260099,0.14099798176935,FALSE,334100,0.314310565588267,"2026-07-03"
"Musk Lorikeet","Trichoglossus concinnus","u258a","Glossopsitta concinna concinna",TRUE,FALSE,NA,"Sedentary","nomadic","Omnivore","Herbivore","Insessorial","mid-high",2,"LC","not listed","not listed","south_west",1554,12,FALSE,NA,NA,NA,NA,NA,NA,NA,NA,NA,NA,FALSE,0,0,TRUE,334100,0.314310565588267,"2026-07-03"
"Pied Oystercatcher","Haematopus longirostris","u130","Haematopus longirostris",TRUE,FALSE,NA,"Sedentary","local dispersal;partial migrant","Aquatic predator","Carnivore","Terrestrial","ground",3,"LC","not listed","EN","statewide",324794,9044,TRUE,0.000439405788371539,0.000439502355384036,282,"09 Oct",0,FALSE,NA,NA,NA,NA,FALSE,0.00306125155049262,0.170297566286258,FALSE,334096,0.805552972738293,"2026-07-03"
"Pied Oystercatcher","Haematopus longirostris","u130","Haematopus longirostris",TRUE,FALSE,NA,"Sedentary","local dispersal;partial migrant","Aquatic predator","Carnivore","Terrestrial","ground",3,"LC","not listed","EN","central_west",3970,0,FALSE,NA,NA,NA,NA,NA,NA,NA,NA,NA,NA,FALSE,0,0,TRUE,334096,0.805552972738293,"2026-07-03"
"Pied Oystercatcher","Haematopus longirostris","u130","Haematopus longirostris",TRUE,FALSE,NA,"Sedentary","local dispersal;partial migrant","Aquatic predator","Carnivore","Terrestrial","ground",3,"LC","not listed","EN","new_england",3781,0,FALSE,NA,NA,NA,NA,NA,NA,NA,NA,NA,NA,FALSE,0,0,TRUE,334096,0.805552972738293,"2026-07-03"
"Pied Oystercatcher","Haematopus longirostris","u130","Haematopus longirostris",TRUE,FALSE,NA,"Sedentary","local dispersal;partial migrant","Aquatic predator","Carnivore","Terrestrial","ground",3,"LC","not listed","EN","south_west",1551,0,FALSE,NA,NA,NA,NA,NA,NA,NA,NA,NA,NA,FALSE,0,0,TRUE,334096,0.805552972738293,"2026-07-03"
"Wonga Pigeon","Leucosarcia melanoleuca","u44","Leucosarcia melanoleuca",TRUE,FALSE,NA,"Sedentary","local dispersal","Omnivore","Herbivore","Terrestrial","ground",3,"LC","not listed","not listed","statewide",324808,12649,TRUE,0.365180608483228,0.454414743353517,309,"05 Nov",0,FALSE,NA,NA,NA,NA,FALSE,0.0561372393303354,0.102021213565825,FALSE,334105,0.517702560961208,"2026-07-03"
"Wonga Pigeon","Leucosarcia melanoleuca","u44","Leucosarcia melanoleuca",TRUE,FALSE,NA,"Sedentary","local dispersal","Omnivore","Herbivore","Terrestrial","ground",3,"LC","not listed","not listed","central_west",3972,25,TRUE,0.36369112155029,0.452071175595868,313,"09 Nov",0,FALSE,NA,NA,NA,NA,FALSE,0.00818427748801784,0.0983590886556946,FALSE,334105,0.517702560961208,"2026-07-03"
"Wonga Pigeon","Leucosarcia melanoleuca","u44","Leucosarcia melanoleuca",TRUE,FALSE,NA,"Sedentary","local dispersal","Omnivore","Herbivore","Terrestrial","ground",3,"LC","not listed","not listed","new_england",3782,7,FALSE,NA,NA,NA,NA,NA,NA,NA,NA,NA,NA,FALSE,0.0447081869110434,0.140087655665937,FALSE,334105,0.517702560961208,"2026-07-03"
"Wonga Pigeon","Leucosarcia melanoleuca","u44","Leucosarcia melanoleuca",TRUE,FALSE,NA,"Sedentary","local dispersal","Omnivore","Herbivore","Terrestrial","ground",3,"LC","not listed","not listed","south_west",1543,0,FALSE,NA,NA,NA,NA,NA,NA,NA,NA,NA,NA,FALSE,0,0,TRUE,334105,0.517702560961208,"2026-07-03"
"Brown Honeyeater","Lichmera indistincta","u597c","Lichmera indistincta ocularis",TRUE,FALSE,NA,"Sedentary","local dispersal;partial migrant;nomadic","Nectarivore","Herbivore","Insessorial","mid-high",8,"LC","not listed","not listed","statewide",324801,26610,TRUE,0.637383920420021,1.01441063641576,243,"31 Aug",1,TRUE,133,308,"13 May","04 Nov",FALSE,0.0641267555156108,0.0760019807488779,FALSE,334104,0.670779768174361,"2026-07-03"
"Brown Honeyeater","Lichmera indistincta","u597c","Lichmera indistincta ocularis",TRUE,FALSE,NA,"Sedentary","local dispersal;partial migrant;nomadic","Nectarivore","Herbivore","Insessorial","mid-high",8,"LC","not listed","not listed","central_west",3973,148,TRUE,0.637377368456093,1.01439256798167,239,"27 Aug",1,TRUE,133,308,"13 May","04 Nov",FALSE,0.0227957921325629,0.0612315921947108,FALSE,334104,0.670779768174361,"2026-07-03"
"Brown Honeyeater","Lichmera indistincta","u597c","Lichmera indistincta ocularis",TRUE,FALSE,NA,"Sedentary","local dispersal;partial migrant;nomadic","Nectarivore","Herbivore","Insessorial","mid-high",8,"LC","not listed","not listed","new_england",3775,182,TRUE,0.637161921203363,1.0137986081545,241,"29 Aug",1,TRUE,133,308,"13 May","04 Nov",FALSE,0.00969603632536161,0.0761827721270089,FALSE,334104,0.670779768174361,"2026-07-03"
"Brown Honeyeater","Lichmera indistincta","u597c","Lichmera indistincta ocularis",TRUE,FALSE,NA,"Sedentary","local dispersal;partial migrant;nomadic","Nectarivore","Herbivore","Insessorial","mid-high",8,"LC","not listed","not listed","south_west",1555,0,FALSE,NA,NA,NA,NA,NA,NA,NA,NA,NA,NA,FALSE,0,0,TRUE,334104,0.670779768174361,"2026-07-03"
"White-cheeked Honeyeater","Phylidonyris niger","u632b","Phylidonyris niger niger",TRUE,FALSE,NA,"Partial migrant","local dispersal","Nectarivore","Herbivore","Insessorial","understory",5,"LC","not listed","not listed","statewide",324805,10020,TRUE,0.598706854948458,0.913063083710279,176,"25 Jun",1,TRUE,69,258,"10 Mar","15 Sep",FALSE,0.104956482732716,0.197170301313307,FALSE,334105,0.661930129960729,"2026-07-03"
"White-cheeked Honeyeater","Phylidonyris niger","u632b","Phylidonyris niger niger",TRUE,FALSE,NA,"Partial migrant","local dispersal","Nectarivore","Herbivore","Insessorial","understory",5,"LC","not listed","not listed","central_west",3971,0,FALSE,NA,NA,NA,NA,NA,NA,NA,NA,NA,NA,FALSE,0.00314518388949315,0.208127291465224,FALSE,334105,0.661930129960729,"2026-07-03"
"White-cheeked Honeyeater","Phylidonyris niger","u632b","Phylidonyris niger niger",TRUE,FALSE,NA,"Partial migrant","local dispersal","Nectarivore","Herbivore","Insessorial","understory",5,"LC","not listed","not listed","new_england",3779,1,FALSE,NA,NA,NA,NA,NA,NA,NA,NA,NA,NA,FALSE,0.0390379609979061,0.188984292526336,FALSE,334105,0.661930129960729,"2026-07-03"
"White-cheeked Honeyeater","Phylidonyris niger","u632b","Phylidonyris niger niger",TRUE,FALSE,NA,"Partial migrant","local dispersal","Nectarivore","Herbivore","Insessorial","understory",5,"LC","not listed","not listed","south_west",1550,0,FALSE,NA,NA,NA,NA,NA,NA,NA,NA,NA,NA,FALSE,0,0,TRUE,334105,0.661930129960729,"2026-07-03"
"Little Raven","Corvus mellori","u954","Corvus mellori",TRUE,FALSE,NA,"Sedentary","local dispersal;partial migrant;nomadic","Omnivore","Omnivore","Generalist","ground",4,"LC","not listed","not listed","statewide",324791,20413,TRUE,0.193158850899923,0.214628471351818,95,"05 Apr",0,FALSE,NA,NA,NA,NA,FALSE,0.733447779020249,0.0633708467645559,FALSE,334094,0.62524993210287,"2026-07-03"
"Little Raven","Corvus mellori","u954","Corvus mellori",TRUE,FALSE,NA,"Sedentary","local dispersal;partial migrant;nomadic","Omnivore","Omnivore","Generalist","ground",4,"LC","not listed","not listed","central_west",3971,368,TRUE,0.743289793395673,1.35980743106834,353,"19 Dec",0.999,TRUE,278,61,"05 Oct","02 Mar",TRUE,0.417231225416457,0.0527113781068263,FALSE,334094,0.62524993210287,"2026-07-03"
"Little Raven","Corvus mellori","u954","Corvus mellori",TRUE,FALSE,NA,"Sedentary","local dispersal;partial migrant;nomadic","Omnivore","Omnivore","Generalist","ground",4,"LC","not listed","not listed","new_england",3779,24,TRUE,0.937808620617679,2.77753888398172,157,"06 Jun",1,TRUE,82,217,"23 Mar","05 Aug",FALSE,0.0674650682649025,0.0831840095469857,FALSE,334094,0.62524993210287,"2026-07-03"
"Little Raven","Corvus mellori","u954","Corvus mellori",TRUE,FALSE,NA,"Sedentary","local dispersal;partial migrant;nomadic","Omnivore","Omnivore","Generalist","ground",4,"LC","not listed","not listed","south_west",1553,255,TRUE,0.191992138126442,0.213183490466847,97,"07 Apr",0,FALSE,NA,NA,NA,NA,FALSE,1.95728470077189,0.0630798610636898,FALSE,334094,0.62524993210287,"2026-07-03"
"Golden-headed Cisticola","Cisticola exilis","u525c","Cisticola exilis exilis",TRUE,FALSE,NA,"Sedentary","local dispersal","Invertivore","Carnivore","Terrestrial","ground",5,"LC","not listed","not listed","statewide",324798,14037,TRUE,0.609126418983714,0.939371093485653,12,"12 Jan",1,TRUE,291,71,"18 Oct","12 Mar",TRUE,0.266314851014891,0.0973170037657239,FALSE,334105,0.581703412903791,"2026-07-03"
"Golden-headed Cisticola","Cisticola exilis","u525c","Cisticola exilis exilis",TRUE,FALSE,NA,"Sedentary","local dispersal","Invertivore","Carnivore","Terrestrial","ground",5,"LC","not listed","not listed","central_west",3969,127,TRUE,0.609401787983093,0.940075838079715,11,"11 Jan",1,TRUE,291,71,"18 Oct","12 Mar",TRUE,0.463829443903492,0.0747422597131888,FALSE,334105,0.581703412903791,"2026-07-03"
"Golden-headed Cisticola","Cisticola exilis","u525c","Cisticola exilis exilis",TRUE,FALSE,NA,"Sedentary","local dispersal","Invertivore","Carnivore","Terrestrial","ground",5,"LC","not listed","not listed","new_england",3785,163,TRUE,0.609935395827382,0.941442901852515,11,"11 Jan",1,TRUE,292,72,"19 Oct","13 Mar",TRUE,0.237559411335391,0.10527073932522,FALSE,334105,0.581703412903791,"2026-07-03"
"Golden-headed Cisticola","Cisticola exilis","u525c","Cisticola exilis exilis",TRUE,FALSE,NA,"Sedentary","local dispersal","Invertivore","Carnivore","Terrestrial","ground",5,"LC","not listed","not listed","south_west",1553,5,FALSE,NA,NA,NA,NA,NA,NA,NA,NA,NA,NA,FALSE,0.0815669810217435,0.141769728409699,FALSE,334105,0.581703412903791,"2026-07-03"
"White-winged Chough","Corcorax melanorhamphos","u693a","Corcorax melanorhamphos melanorhamphos",TRUE,FALSE,NA,"Sedentary","local dispersal","Omnivore","Omnivore","Terrestrial","ground",2,"LC","not listed","not listed","statewide",324802,22520,TRUE,0.161621885669723,0.176286069846872,158,"07 Jun",0,FALSE,NA,NA,NA,NA,FALSE,0.915470090817471,0.0750962463597389,FALSE,334105,0.49549921029593,"2026-07-03"
"White-winged Chough","Corcorax melanorhamphos","u693a","Corcorax melanorhamphos melanorhamphos",TRUE,FALSE,NA,"Sedentary","local dispersal","Omnivore","Omnivore","Terrestrial","ground",2,"LC","not listed","not listed","central_west",3969,751,TRUE,0.163475236967299,0.178499155846141,161,"10 Jun",0,FALSE,NA,NA,NA,NA,FALSE,1.71064214275727,0.0555676818316583,FALSE,334105,0.49549921029593,"2026-07-03"
"White-winged Chough","Corcorax melanorhamphos","u693a","Corcorax melanorhamphos melanorhamphos",TRUE,FALSE,NA,"Sedentary","local dispersal","Omnivore","Omnivore","Terrestrial","ground",2,"LC","not listed","not listed","new_england",3782,244,TRUE,0.163675353827482,0.178738408536834,167,"16 Jun",0,FALSE,NA,NA,NA,NA,FALSE,0.739699321219547,0.0817355103587747,FALSE,334105,0.49549921029593,"2026-07-03"
"White-winged Chough","Corcorax melanorhamphos","u693a","Corcorax melanorhamphos melanorhamphos",TRUE,FALSE,NA,"Sedentary","local dispersal","Omnivore","Omnivore","Terrestrial","ground",2,"LC","not listed","not listed","south_west",1552,142,TRUE,0.162956550808552,0.177879299216975,159,"08 Jun",0,FALSE,NA,NA,NA,NA,FALSE,0.977972270010328,0.0782927985612006,FALSE,334105,0.49549921029593,"2026-07-03"
"Black-shouldered Kite","Elanus axillaris","u232","Elanus axillaris",TRUE,FALSE,NA,"Partial migrant","local dispersal;nomadic;irruptive","Vertivore","Carnivore","Aerial","ground",3,"LC","not listed","not listed","statewide",324802,11107,TRUE,0.576981557118302,0.86033950069318,187,"06 Jul",1,TRUE,97,269,"07 Apr","26 Sep",FALSE,0.225990888266654,0.0713272288722347,FALSE,334105,0.285012973684548,"2026-07-03"
"Black-shouldered Kite","Elanus axillaris","u232","Elanus axillaris",TRUE,FALSE,NA,"Partial migrant","local dispersal;nomadic;irruptive","Vertivore","Carnivore","Aerial","ground",3,"LC","not listed","not listed","central_west",3971,257,TRUE,0.576353014286076,0.858854751401512,184,"03 Jul",1,TRUE,98,268,"08 Apr","25 Sep",FALSE,0.25384702673414,0.0612700340155885,FALSE,334105,0.285012973684548,"2026-07-03"
"Black-shouldered Kite","Elanus axillaris","u232","Elanus axillaris",TRUE,FALSE,NA,"Partial migrant","local dispersal;nomadic;irruptive","Vertivore","Carnivore","Aerial","ground",3,"LC","not listed","not listed","new_england",3781,149,TRUE,0.576900796083694,0.860148602807622,186,"05 Jul",1,TRUE,97,269,"07 Apr","26 Sep",FALSE,0.0681949042585923,0.102910218544429,FALSE,334105,0.285012973684548,"2026-07-03"
"Black-shouldered Kite","Elanus axillaris","u232","Elanus axillaris",TRUE,FALSE,NA,"Partial migrant","local dispersal;nomadic;irruptive","Vertivore","Carnivore","Aerial","ground",3,"LC","not listed","not listed","south_west",1551,108,TRUE,0.577907926949232,0.862531806159725,183,"02 Jul",1,TRUE,97,269,"07 Apr","26 Sep",FALSE,0.343438010178317,0.0657832314780681,FALSE,334105,0.285012973684548,"2026-07-03"
"Tree Martin","Petrochelidon nigricans",NA,NA,FALSE,FALSE,NA,"Partial migrant","local dispersal;partial migrant","Invertivore","Carnivore","Aerial","mid-high",6,"LC","not listed","not listed","statewide",324769,17417,TRUE,0.632005085240407,0.999686159496745,11,"11 Jan",1,TRUE,292,100,"19 Oct","10 Apr",TRUE,3.81636825884284,0.0896845032551273,FALSE,334073,0.20448243566483,"2026-07-03"
"Tree Martin","Petrochelidon nigricans",NA,NA,FALSE,FALSE,NA,"Partial migrant","local dispersal;partial migrant","Invertivore","Carnivore","Aerial","mid-high",6,"LC","not listed","not listed","central_west",3968,305,TRUE,0.632206360736045,1.0002332609692,12,"12 Jan",1,TRUE,291,101,"18 Oct","11 Apr",TRUE,1.35047962233788,0.0698275715407226,FALSE,334073,0.20448243566483,"2026-07-03"
"Tree Martin","Petrochelidon nigricans",NA,NA,FALSE,FALSE,NA,"Partial migrant","local dispersal;partial migrant","Invertivore","Carnivore","Aerial","mid-high",6,"LC","not listed","not listed","new_england",3778,230,TRUE,0.631375279434739,0.997976169893072,13,"13 Jan",1,TRUE,291,101,"18 Oct","11 Apr",TRUE,0.930454736089945,0.0685103416381967,FALSE,334073,0.20448243566483,"2026-07-03"
"Tree Martin","Petrochelidon nigricans",NA,NA,FALSE,FALSE,NA,"Partial migrant","local dispersal;partial migrant","Invertivore","Carnivore","Aerial","mid-high",6,"LC","not listed","not listed","south_west",1558,255,TRUE,0.632364629303475,1.00066367251873,12,"12 Jan",1,TRUE,291,100,"18 Oct","10 Apr",TRUE,3.34358644031864,0.0970953248965752,FALSE,334073,0.20448243566483,"2026-07-03"
"Scaly-breasted Lorikeet","Trichoglossus chlorolepidotus","u256","Trichoglossus chlorolepidotus",TRUE,FALSE,NA,"Sedentary","local dispersal;nomadic","Nectarivore","Herbivore","Insessorial","understory",3,"LC","not listed","not listed","statewide",324812,21742,TRUE,0.49703302826522,0.687230773593388,145,"25 May",0.436,FALSE,NA,NA,NA,NA,FALSE,0.0959692141584119,0.0770857857196012,FALSE,334103,0.608354090333894,"2026-07-03"
"Scaly-breasted Lorikeet","Trichoglossus chlorolepidotus","u256","Trichoglossus chlorolepidotus",TRUE,FALSE,NA,"Sedentary","local dispersal;nomadic","Nectarivore","Herbivore","Insessorial","understory",3,"LC","not listed","not listed","central_west",3969,5,FALSE,NA,NA,NA,NA,NA,NA,NA,NA,NA,NA,FALSE,0,0,TRUE,334103,0.608354090333894,"2026-07-03"
"Scaly-breasted Lorikeet","Trichoglossus chlorolepidotus","u256","Trichoglossus chlorolepidotus",TRUE,FALSE,NA,"Sedentary","local dispersal;nomadic","Nectarivore","Herbivore","Insessorial","understory",3,"LC","not listed","not listed","new_england",3780,10,FALSE,NA,NA,NA,NA,NA,NA,NA,NA,NA,NA,FALSE,0,0,TRUE,334103,0.608354090333894,"2026-07-03"
"Scaly-breasted Lorikeet","Trichoglossus chlorolepidotus","u256","Trichoglossus chlorolepidotus",TRUE,FALSE,NA,"Sedentary","local dispersal;nomadic","Nectarivore","Herbivore","Insessorial","understory",3,"LC","not listed","not listed","south_west",1542,0,FALSE,NA,NA,NA,NA,NA,NA,NA,NA,NA,NA,FALSE,0,0,TRUE,334103,0.608354090333894,"2026-07-03"
"Channel-billed Cuckoo","Scythrops novaehollandiae","u348","Scythrops novaehollandiae novaehollandiae",TRUE,FALSE,NA,"Migratory","local dispersal;partial migrant","Frugivore","Omnivore","Insessorial","mid-high",5,"LC","not listed","not listed","statewide",324803,10977,TRUE,0.999770493243363,8.37957808821199,299,"26 Oct",1,TRUE,265,32,"22 Sep","01 Feb",TRUE,0.0692672672500427,0.100392711743597,FALSE,334105,0.56295868688101,"2026-07-03"
"Channel-billed Cuckoo","Scythrops novaehollandiae","u348","Scythrops novaehollandiae novaehollandiae",TRUE,FALSE,NA,"Migratory","local dispersal;partial migrant","Frugivore","Omnivore","Insessorial","mid-high",5,"LC","not listed","not listed","central_west",3965,22,TRUE,0.999799565727035,8.51502418059701,297,"24 Oct",1,TRUE,264,27,"21 Sep","27 Jan",TRUE,0.0644332167739545,0.0859835123103691,FALSE,334105,0.56295868688101,"2026-07-03"
"Channel-billed Cuckoo","Scythrops novaehollandiae","u348","Scythrops novaehollandiae novaehollandiae",TRUE,FALSE,NA,"Migratory","local dispersal;partial migrant","Frugivore","Omnivore","Insessorial","mid-high",5,"LC","not listed","not listed","new_england",3779,37,TRUE,0.999769034364371,8.37324162201876,298,"25 Oct",1,TRUE,265,32,"22 Sep","01 Feb",TRUE,0.0664032460177667,0.0940541164806834,FALSE,334105,0.56295868688101,"2026-07-03"
"Channel-billed Cuckoo","Scythrops novaehollandiae","u348","Scythrops novaehollandiae novaehollandiae",TRUE,FALSE,NA,"Migratory","local dispersal;partial migrant","Frugivore","Omnivore","Insessorial","mid-high",5,"LC","not listed","not listed","south_west",1558,0,FALSE,NA,NA,NA,NA,NA,NA,NA,NA,NA,NA,FALSE,0,0,TRUE,334105,0.56295868688101,"2026-07-03"
"Black-fronted Dotterel","Thinornis melanops","u144","Elseyornis melanops",TRUE,FALSE,NA,"Partial migrant","local dispersal;nomadic","Aquatic predator","Carnivore","Terrestrial","ground",3,"LC","not listed","not listed","statewide",324813,12579,TRUE,0.39785332498304,0.507254217142658,82,"23 Mar",0,FALSE,NA,NA,NA,NA,FALSE,0.312508966048796,0.0959225720003348,FALSE,334105,0.355507961036604,"2026-07-03"
"Black-fronted Dotterel","Thinornis melanops","u144","Elseyornis melanops",TRUE,FALSE,NA,"Partial migrant","local dispersal;nomadic","Aquatic predator","Carnivore","Terrestrial","ground",3,"LC","not listed","not listed","central_west",3969,269,TRUE,0.395641555359873,0.503587805679023,79,"20 Mar",0,FALSE,NA,NA,NA,NA,FALSE,0.228013435465352,0.0747707997517389,FALSE,334105,0.355507961036604,"2026-07-03"
"Black-fronted Dotterel","Thinornis melanops","u144","Elseyornis melanops",TRUE,FALSE,NA,"Partial migrant","local dispersal;nomadic","Aquatic predator","Carnivore","Terrestrial","ground",3,"LC","not listed","not listed","new_england",3779,222,TRUE,0.396752219793519,0.505427254207793,81,"22 Mar",0,FALSE,NA,NA,NA,NA,FALSE,0.129780074279945,0.116993358871547,FALSE,334105,0.355507961036604,"2026-07-03"
"Black-fronted Dotterel","Thinornis melanops","u144","Elseyornis melanops",TRUE,FALSE,NA,"Partial migrant","local dispersal;nomadic","Aquatic predator","Carnivore","Terrestrial","ground",3,"LC","not listed","not listed","south_west",1544,41,TRUE,0.396145364347797,0.504421779462856,85,"26 Mar",0,FALSE,NA,NA,NA,NA,FALSE,0.227377133314435,0.103238065437046,FALSE,334105,0.355507961036604,"2026-07-03"
"Superb Lyrebird","Menura novaehollandiae","u350a;u350b;u350c","Menura novaehollandiae edwardi;Menura novaehollandiae novaehollandiae;Menura novaehollandiae victoriae",TRUE,TRUE,"multiple_nsw_subspecies","Sedentary","local dispersal","Invertivore","Carnivore","Terrestrial","ground",4,"LC","not listed","not listed","statewide",324794,9973,TRUE,0.602599915143281,0.922811735334703,167,"16 Jun",1,TRUE,120,220,"30 Apr","08 Aug",FALSE,0.162812633999181,0.147457574666923,FALSE,334105,0.63370919511558,"2026-07-03"
"Superb Lyrebird","Menura novaehollandiae","u350a;u350b;u350c","Menura novaehollandiae edwardi;Menura novaehollandiae novaehollandiae;Menura novaehollandiae victoriae",TRUE,TRUE,"multiple_nsw_subspecies","Sedentary","local dispersal","Invertivore","Carnivore","Terrestrial","ground",4,"LC","not listed","not listed","central_west",3971,40,TRUE,0.602207646471846,0.921825134647073,167,"16 Jun",1,TRUE,120,220,"30 Apr","08 Aug",FALSE,0.0196203187961764,0.16390398547591,FALSE,334105,0.63370919511558,"2026-07-03"
"Superb Lyrebird","Menura novaehollandiae","u350a;u350b;u350c","Menura novaehollandiae edwardi;Menura novaehollandiae novaehollandiae;Menura novaehollandiae victoriae",TRUE,TRUE,"multiple_nsw_subspecies","Sedentary","local dispersal","Invertivore","Carnivore","Terrestrial","ground",4,"LC","not listed","not listed","new_england",3781,15,FALSE,NA,NA,NA,NA,NA,NA,NA,NA,NA,NA,FALSE,0.202565283903398,0.115614799527176,FALSE,334105,0.63370919511558,"2026-07-03"
"Superb Lyrebird","Menura novaehollandiae","u350a;u350b;u350c","Menura novaehollandiae edwardi;Menura novaehollandiae novaehollandiae;Menura novaehollandiae victoriae",TRUE,TRUE,"multiple_nsw_subspecies","Sedentary","local dispersal","Invertivore","Carnivore","Terrestrial","ground",4,"LC","not listed","not listed","south_west",1559,0,FALSE,NA,NA,NA,NA,NA,NA,NA,NA,NA,NA,FALSE,0,0,TRUE,334105,0.63370919511558,"2026-07-03"
"Fairy Martin","Petrochelidon ariel","u360","Petrochelidon ariel",TRUE,FALSE,NA,"Partial migrant","local dispersal;partial migrant","Invertivore","Carnivore","Aerial","aerial",2,"LC","not listed","not listed","statewide",324800,12636,TRUE,0.934063771860526,2.71906724437779,269,"26 Sep",1,TRUE,232,38,"20 Aug","07 Feb",TRUE,3.2730500028844,0.108510005030493,FALSE,334101,0.33583810039577,"2026-07-03"
"Fairy Martin","Petrochelidon ariel","u360","Petrochelidon ariel",TRUE,FALSE,NA,"Partial migrant","local dispersal;partial migrant","Invertivore","Carnivore","Aerial","aerial",2,"LC","not listed","not listed","central_west",3969,238,TRUE,0.934415004001078,2.72440832872102,267,"24 Sep",1,TRUE,232,38,"20 Aug","07 Feb",TRUE,1.29488555319164,0.0833689176945556,FALSE,334101,0.33583810039577,"2026-07-03"
"Fairy Martin","Petrochelidon ariel","u360","Petrochelidon ariel",TRUE,FALSE,NA,"Partial migrant","local dispersal;partial migrant","Invertivore","Carnivore","Aerial","aerial",2,"LC","not listed","not listed","new_england",3781,141,TRUE,0.943954062350345,2.88158360934919,345,"11 Dec",1,TRUE,237,45,"25 Aug","14 Feb",TRUE,0.836467927992158,0.10926751743031,FALSE,334101,0.33583810039577,"2026-07-03"
"Fairy Martin","Petrochelidon ariel","u360","Petrochelidon ariel",TRUE,FALSE,NA,"Partial migrant","local dispersal;partial migrant","Invertivore","Carnivore","Aerial","aerial",2,"LC","not listed","not listed","south_west",1551,86,TRUE,0.934265909142149,2.72213760134146,268,"25 Sep",1,TRUE,232,38,"20 Aug","07 Feb",TRUE,1.46344775377496,0.117678385101844,FALSE,334101,0.33583810039577,"2026-07-03"
"Peaceful Dove","Geopelia placida","u30c","Geopelia placida placida",TRUE,FALSE,NA,"Sedentary","local dispersal","Granivore","Herbivore","Terrestrial","ground",4,"LC","not listed","not listed","statewide",324800,19248,TRUE,0.319296590337642,0.384628589487805,48,"17 Feb",0,FALSE,NA,NA,NA,NA,FALSE,0.54419497892842,0.091607075709547,FALSE,334105,0.434256848910843,"2026-07-03"
"Peaceful Dove","Geopelia placida","u30c","Geopelia placida placida",TRUE,FALSE,NA,"Sedentary","local dispersal","Granivore","Herbivore","Terrestrial","ground",4,"LC","not listed","not listed","central_west",3968,651,TRUE,0.317838772489021,0.382489245102649,44,"13 Feb",0,FALSE,NA,NA,NA,NA,FALSE,0.483780918943862,0.0550105105643729,FALSE,334105,0.434256848910843,"2026-07-03"
"Peaceful Dove","Geopelia placida","u30c","Geopelia placida placida",TRUE,FALSE,NA,"Sedentary","local dispersal","Granivore","Herbivore","Terrestrial","ground",4,"LC","not listed","not listed","new_england",3778,115,TRUE,0.317378895198695,0.381815324731843,44,"13 Feb",0,FALSE,NA,NA,NA,NA,FALSE,0.043525316733628,0.137510328889434,FALSE,334105,0.434256848910843,"2026-07-03"
"Peaceful Dove","Geopelia placida","u30c","Geopelia placida placida",TRUE,FALSE,NA,"Sedentary","local dispersal","Granivore","Herbivore","Terrestrial","ground",4,"LC","not listed","not listed","south_west",1559,173,TRUE,0.318684123031485,0.38372923754257,48,"17 Feb",0,FALSE,NA,NA,NA,NA,FALSE,0.2357537753651,0.0803113781261116,FALSE,334105,0.434256848910843,"2026-07-03"
"White-headed Pigeon","Columba leucomela","u28","Columba leucomela",TRUE,FALSE,NA,"Sedentary","local dispersal;nomadic","Omnivore","Herbivore","Insessorial","understory",3,"LC","not listed","not listed","statewide",324809,7793,TRUE,0.641687694510401,1.02635031116497,170,"19 Jun",1,TRUE,58,242,"27 Feb","30 Aug",FALSE,0.0380510935676385,0.145963827010039,FALSE,334105,0.561442949145192,"2026-07-03"
"White-headed Pigeon","Columba leucomela","u28","Columba leucomela",TRUE,FALSE,NA,"Sedentary","local dispersal;nomadic","Omnivore","Herbivore","Insessorial","understory",3,"LC","not listed","not listed","central_west",3970,0,FALSE,NA,NA,NA,NA,NA,NA,NA,NA,NA,NA,FALSE,0,0,TRUE,334105,0.561442949145192,"2026-07-03"
"White-headed Pigeon","Columba leucomela","u28","Columba leucomela",TRUE,FALSE,NA,"Sedentary","local dispersal;nomadic","Omnivore","Herbivore","Insessorial","understory",3,"LC","not listed","not listed","new_england",3781,1,FALSE,NA,NA,NA,NA,NA,NA,NA,NA,NA,NA,FALSE,0.00527785807277743,0.219888076324398,FALSE,334105,0.561442949145192,"2026-07-03"
"White-headed Pigeon","Columba leucomela","u28","Columba leucomela",TRUE,FALSE,NA,"Sedentary","local dispersal;nomadic","Omnivore","Herbivore","Insessorial","understory",3,"LC","not listed","not listed","south_west",1545,0,FALSE,NA,NA,NA,NA,NA,NA,NA,NA,NA,NA,FALSE,0,0,TRUE,334105,0.561442949145192,"2026-07-03"
"Pacific Heron","Ardea pacifica","u189","Ardea pacifica",TRUE,FALSE,NA,"Partial migrant","nomadic;irruptive","Omnivore","Carnivore","Terrestrial","around-water",2,"LC","not listed","not listed","statewide",324812,12183,TRUE,0.328894387376687,0.398828758534016,47,"16 Feb",0,FALSE,NA,NA,NA,NA,FALSE,0.455664550317171,0.079171369903666,FALSE,334105,0.37336290179831,"2026-07-03"
"Pacific Heron","Ardea pacifica","u189","Ardea pacifica",TRUE,FALSE,NA,"Partial migrant","nomadic;irruptive","Omnivore","Carnivore","Terrestrial","around-water",2,"LC","not listed","not listed","central_west",3968,118,TRUE,0.329355285453199,0.399515768755377,46,"15 Feb",0,FALSE,NA,NA,NA,NA,FALSE,0.142110240438728,0.0669950344358957,FALSE,334105,0.37336290179831,"2026-07-03"
"Pacific Heron","Ardea pacifica","u189","Ardea pacifica",TRUE,FALSE,NA,"Partial migrant","nomadic;irruptive","Omnivore","Carnivore","Terrestrial","around-water",2,"LC","not listed","not listed","new_england",3779,306,TRUE,0.500319902630188,0.693787190583051,310,"06 Nov",0.503,FALSE,NA,NA,NA,NA,FALSE,0.266366020919498,0.0884763004869992,FALSE,334105,0.37336290179831,"2026-07-03"
"Pacific Heron","Ardea pacifica","u189","Ardea pacifica",TRUE,FALSE,NA,"Partial migrant","nomadic;irruptive","Omnivore","Carnivore","Terrestrial","around-water",2,"LC","not listed","not listed","south_west",1546,145,TRUE,0.888597130782164,2.19460219582569,44,"13 Feb",1,TRUE,338,113,"04 Dec","23 Apr",TRUE,1.00724686268,0.0780247710823577,FALSE,334105,0.37336290179831,"2026-07-03"
"Little Egret","Egretta garzetta","u185b","Egretta garzetta immaculata",TRUE,FALSE,NA,"Partial migrant","local dispersal;partial migrant;irruptive","Aquatic predator","Carnivore","Terrestrial","around-water",5,"LC","not listed","not listed","statewide",324797,9002,TRUE,0.244189441707103,0.279964518472742,71,"12 Mar",0,FALSE,NA,NA,NA,NA,FALSE,0.00421070061443616,0.121456742142649,FALSE,334105,0.490766373305329,"2026-07-03"
"Little Egret","Egretta garzetta","u185b","Egretta garzetta immaculata",TRUE,FALSE,NA,"Partial migrant","local dispersal;partial migrant;irruptive","Aquatic predator","Carnivore","Terrestrial","around-water",5,"LC","not listed","not listed","central_west",3972,2,FALSE,NA,NA,NA,NA,NA,NA,NA,NA,NA,NA,FALSE,0,0,TRUE,334105,0.490766373305329,"2026-07-03"
"Little Egret","Egretta garzetta","u185b","Egretta garzetta immaculata",TRUE,FALSE,NA,"Partial migrant","local dispersal;partial migrant;irruptive","Aquatic predator","Carnivore","Terrestrial","around-water",5,"LC","not listed","not listed","new_england",3782,9,FALSE,NA,NA,NA,NA,NA,NA,NA,NA,NA,NA,FALSE,0,0,TRUE,334105,0.490766373305329,"2026-07-03"
"Little Egret","Egretta garzetta","u185b","Egretta garzetta immaculata",TRUE,FALSE,NA,"Partial migrant","local dispersal;partial migrant;irruptive","Aquatic predator","Carnivore","Terrestrial","around-water",5,"LC","not listed","not listed","south_west",1554,7,FALSE,NA,NA,NA,NA,NA,NA,NA,NA,NA,NA,FALSE,0.00349750588055844,0.117167239019697,FALSE,334105,0.490766373305329,"2026-07-03"
"Spiny-cheeked Honeyeater","Acanthagenys rufogularis","u640","Acanthagenys rufogularis",TRUE,FALSE,NA,"Sedentary","local dispersal;partial migrant","Omnivore","Omnivore","Insessorial","mid-high",7,"LC","not listed","not listed","statewide",324807,13805,TRUE,0.345565209481441,0.423983331111401,164,"13 Jun",0,FALSE,NA,NA,NA,NA,FALSE,1.48339453142111,0.0731607397148153,FALSE,334105,0.726257492402099,"2026-07-03"
"Spiny-cheeked Honeyeater","Acanthagenys rufogularis","u640","Acanthagenys rufogularis",TRUE,FALSE,NA,"Sedentary","local dispersal;partial migrant","Omnivore","Omnivore","Insessorial","mid-high",7,"LC","not listed","not listed","central_west",3971,465,TRUE,0.392251292597549,0.497993792645506,167,"16 Jun",0.002,FALSE,NA,NA,NA,NA,FALSE,0.76546124320426,0.0596029230842643,FALSE,334105,0.726257492402099,"2026-07-03"
"Spiny-cheeked Honeyeater","Acanthagenys rufogularis","u640","Acanthagenys rufogularis",TRUE,FALSE,NA,"Sedentary","local dispersal;partial migrant","Omnivore","Omnivore","Insessorial","mid-high",7,"LC","not listed","not listed","new_england",3778,211,TRUE,0.346020719388476,0.424679609048927,165,"14 Jun",0,FALSE,NA,NA,NA,NA,FALSE,0.0191926805434909,0.190313374068759,FALSE,334105,0.726257492402099,"2026-07-03"
"Spiny-cheeked Honeyeater","Acanthagenys rufogularis","u640","Acanthagenys rufogularis",TRUE,FALSE,NA,"Sedentary","local dispersal;partial migrant","Omnivore","Omnivore","Insessorial","mid-high",7,"LC","not listed","not listed","south_west",1549,227,TRUE,0.345368169245908,0.423682291830712,163,"12 Jun",0,FALSE,NA,NA,NA,NA,FALSE,1.77742723279887,0.0673611527535073,FALSE,334105,0.726257492402099,"2026-07-03"
"White-breasted Woodswallow","Artamus leucorynchus","u543","Artamus leucorynchus leucopygialis",TRUE,FALSE,NA,"Sedentary","local dispersal;partial migrant","Invertivore","Carnivore","Aerial","aerial",6,"LC","not listed","not listed","statewide",324810,10901,TRUE,0.892822933015747,2.23327298061686,80,"21 Mar",1,TRUE,255,121,"12 Sep","01 May",TRUE,0.920866033265726,0.116579717775295,FALSE,334103,0.433031153415473,"2026-07-03"
"White-breasted Woodswallow","Artamus leucorynchus","u543","Artamus leucorynchus leucopygialis",TRUE,FALSE,NA,"Sedentary","local dispersal;partial migrant","Invertivore","Carnivore","Aerial","aerial",6,"LC","not listed","not listed","central_west",3969,68,TRUE,0.892751448658616,2.23260622857168,79,"20 Mar",1,TRUE,255,121,"12 Sep","01 May",TRUE,0.0641280198528986,0.0999699023336246,FALSE,334103,0.433031153415473,"2026-07-03"
"White-breasted Woodswallow","Artamus leucorynchus","u543","Artamus leucorynchus leucopygialis",TRUE,FALSE,NA,"Sedentary","local dispersal;partial migrant","Invertivore","Carnivore","Aerial","aerial",6,"LC","not listed","not listed","new_england",3780,2,FALSE,NA,NA,NA,NA,NA,NA,NA,NA,NA,NA,FALSE,0,0,TRUE,334103,0.433031153415473,"2026-07-03"
"White-breasted Woodswallow","Artamus leucorynchus","u543","Artamus leucorynchus leucopygialis",TRUE,FALSE,NA,"Sedentary","local dispersal;partial migrant","Invertivore","Carnivore","Aerial","aerial",6,"LC","not listed","not listed","south_west",1544,79,TRUE,0.892029261781606,2.22589503099173,79,"20 Mar",1,TRUE,255,121,"12 Sep","01 May",TRUE,0.550040400546851,0.121858226011131,FALSE,334103,0.433031153415473,"2026-07-03"
"White-eared Honeyeater","Nesoptilotis leucotis","u617b;u617e","Nesoptilotis leucotis leucotis;Nesoptilotis leucotis depauperata",TRUE,TRUE,"multiple_nsw_subspecies","Sedentary","local dispersal;partial migrant","Invertivore","Omnivore","Insessorial","understory",3,"LC","not listed","not listed","statewide",324797,16541,TRUE,0.693020040177367,1.18097281097631,128,"08 May",1,TRUE,71,239,"12 Mar","27 Aug",FALSE,0.282044721838407,0.116946196497956,FALSE,334105,0.577374709856484,"2026-07-03"
"White-eared Honeyeater","Nesoptilotis leucotis","u617b;u617e","Nesoptilotis leucotis leucotis;Nesoptilotis leucotis depauperata",TRUE,TRUE,"multiple_nsw_subspecies","Sedentary","local dispersal;partial migrant","Invertivore","Omnivore","Insessorial","understory",3,"LC","not listed","not listed","central_west",3969,425,TRUE,0.692856595119411,1.18044052358518,127,"07 May",1,TRUE,71,239,"12 Mar","27 Aug",FALSE,0.360975082271536,0.0753010911574073,FALSE,334105,0.577374709856484,"2026-07-03"
"White-eared Honeyeater","Nesoptilotis leucotis","u617b;u617e","Nesoptilotis leucotis leucotis;Nesoptilotis leucotis depauperata",TRUE,TRUE,"multiple_nsw_subspecies","Sedentary","local dispersal;partial migrant","Invertivore","Omnivore","Insessorial","understory",3,"LC","not listed","not listed","new_england",3782,244,TRUE,0.692878616609224,1.18051222390154,128,"08 May",1,TRUE,71,239,"12 Mar","27 Aug",FALSE,0.453034741485527,0.0722680923788657,FALSE,334105,0.577374709856484,"2026-07-03"
"White-eared Honeyeater","Nesoptilotis leucotis","u617b;u617e","Nesoptilotis leucotis leucotis;Nesoptilotis leucotis depauperata",TRUE,TRUE,"multiple_nsw_subspecies","Sedentary","local dispersal;partial migrant","Invertivore","Omnivore","Insessorial","understory",3,"LC","not listed","not listed","south_west",1557,30,TRUE,0.692951626979708,1.18074997696595,129,"09 May",1,TRUE,71,239,"12 Mar","27 Aug",FALSE,0.206433791517505,0.0846324709426606,FALSE,334105,0.577374709856484,"2026-07-03"
"White-naped Honeyeater","Melithreptus lunatus","u578","Melithreptus lunatus",TRUE,FALSE,NA,"Sedentary","local dispersal;partial migrant","Invertivore","Carnivore","Insessorial","canopy",6,"LC","not listed","not listed","statewide",324803,13478,TRUE,0.860351470319331,1.96862651524882,138,"18 May",1,TRUE,97,257,"07 Apr","14 Sep",FALSE,0.682082535365296,0.0744310144881459,FALSE,334100,0.497666944967212,"2026-07-03"
"White-naped Honeyeater","Melithreptus lunatus","u578","Melithreptus lunatus",TRUE,FALSE,NA,"Sedentary","local dispersal;partial migrant","Invertivore","Carnivore","Insessorial","canopy",6,"LC","not listed","not listed","central_west",3968,93,TRUE,0.953308909708153,3.06420191855108,183,"02 Jul",1,TRUE,109,252,"19 Apr","09 Sep",FALSE,0.681152057782425,0.0711542935085215,FALSE,334100,0.497666944967212,"2026-07-03"
"White-naped Honeyeater","Melithreptus lunatus","u578","Melithreptus lunatus",TRUE,FALSE,NA,"Sedentary","local dispersal;partial migrant","Invertivore","Carnivore","Insessorial","canopy",6,"LC","not listed","not listed","new_england",3780,314,TRUE,0.730636855741844,1.31169483112737,129,"09 May",1,TRUE,88,255,"29 Mar","12 Sep",FALSE,1.541049282267,0.0838235728882531,FALSE,334100,0.497666944967212,"2026-07-03"
"White-naped Honeyeater","Melithreptus lunatus","u578","Melithreptus lunatus",TRUE,FALSE,NA,"Sedentary","local dispersal;partial migrant","Invertivore","Carnivore","Insessorial","canopy",6,"LC","not listed","not listed","south_west",1549,0,FALSE,NA,NA,NA,NA,NA,NA,NA,NA,NA,NA,FALSE,0,0,TRUE,334100,0.497666944967212,"2026-07-03"
"White-throated Gerygone","Gerygone olivacea","u453b","Gerygone olivacea olivacea",TRUE,FALSE,NA,"Sedentary","local dispersal;partial migrant","Invertivore","Carnivore","Insessorial","canopy",3,"LC","not listed","not listed","statewide",324806,14668,TRUE,0.855079653385324,1.93157102119248,292,"19 Oct",1,TRUE,244,10,"01 Sep","10 Jan",TRUE,0.127510247128794,0.0976172082597082,FALSE,334105,0.464785796712491,"2026-07-03"
"White-throated Gerygone","Gerygone olivacea","u453b","Gerygone olivacea olivacea",TRUE,FALSE,NA,"Sedentary","local dispersal;partial migrant","Invertivore","Carnivore","Insessorial","canopy",3,"LC","not listed","not listed","central_west",3970,238,TRUE,0.948411697497412,2.96446032788025,298,"25 Oct",1,TRUE,252,20,"09 Sep","20 Jan",TRUE,0.248397988585474,0.0529063041831355,FALSE,334105,0.464785796712491,"2026-07-03"
"White-throated Gerygone","Gerygone olivacea","u453b","Gerygone olivacea olivacea",TRUE,FALSE,NA,"Sedentary","local dispersal;partial migrant","Invertivore","Carnivore","Insessorial","canopy",3,"LC","not listed","not listed","new_england",3781,514,TRUE,0.938555179056817,2.78961572734889,300,"27 Oct",1,TRUE,255,67,"12 Sep","08 Mar",TRUE,0.485443852622769,0.0675408367564957,FALSE,334105,0.464785796712491,"2026-07-03"
"White-throated Gerygone","Gerygone olivacea","u453b","Gerygone olivacea olivacea",TRUE,FALSE,NA,"Sedentary","local dispersal;partial migrant","Invertivore","Carnivore","Insessorial","canopy",3,"LC","not listed","not listed","south_west",1548,0,FALSE,NA,NA,NA,NA,NA,NA,NA,NA,NA,NA,FALSE,3.85598110642221e-07,0.607502489537001,FALSE,334105,0.464785796712491,"2026-07-03"
"Australian Rufous Fantail","Rhipidura rufifrons","u362a;u362b","Rhipidura rufifrons intermedia;Rhipidura rufifrons rufifrons",TRUE,TRUE,"multiple_nsw_subspecies","Sedentary","local dispersal;partial migrant","Invertivore","Carnivore","Insessorial","ground",4,"LC","not listed","not listed","statewide",324800,11536,TRUE,0.89458690929779,2.24986845037636,53,"22 Feb",1,TRUE,282,96,"09 Oct","06 Apr",TRUE,0.0457540198146225,0.0939915876659341,FALSE,334105,0.519792952896146,"2026-07-03"
"Australian Rufous Fantail","Rhipidura rufifrons","u362a;u362b","Rhipidura rufifrons intermedia;Rhipidura rufifrons rufifrons",TRUE,TRUE,"multiple_nsw_subspecies","Sedentary","local dispersal;partial migrant","Invertivore","Carnivore","Insessorial","ground",4,"LC","not listed","not listed","central_west",3970,1,FALSE,NA,NA,NA,NA,NA,NA,NA,NA,NA,NA,FALSE,0.00433759994726082,0.101073559042609,FALSE,334105,0.519792952896146,"2026-07-03"
"Australian Rufous Fantail","Rhipidura rufifrons","u362a;u362b","Rhipidura rufifrons intermedia;Rhipidura rufifrons rufifrons",TRUE,TRUE,"multiple_nsw_subspecies","Sedentary","local dispersal;partial migrant","Invertivore","Carnivore","Insessorial","ground",4,"LC","not listed","not listed","new_england",3784,13,FALSE,NA,NA,NA,NA,NA,NA,NA,NA,NA,NA,FALSE,0.0495353096807532,0.0942183353588811,FALSE,334105,0.519792952896146,"2026-07-03"
"Australian Rufous Fantail","Rhipidura rufifrons","u362a;u362b","Rhipidura rufifrons intermedia;Rhipidura rufifrons rufifrons",TRUE,TRUE,"multiple_nsw_subspecies","Sedentary","local dispersal;partial migrant","Invertivore","Carnivore","Insessorial","ground",4,"LC","not listed","not listed","south_west",1551,0,FALSE,NA,NA,NA,NA,NA,NA,NA,NA,NA,NA,FALSE,0,0,TRUE,334105,0.519792952896146,"2026-07-03"
"Weebill","Smicrornis brevirostris","u465a;u465b;u465c","Smicrornis brevirostris brevirostris;Smicrornis brevirostris flavescens;Smicrornis brevirostris occidentalis",TRUE,TRUE,"multiple_nsw_subspecies","Sedentary","local dispersal","Invertivore","Carnivore","Insessorial","canopy",2,"LC","not listed","not listed","statewide",324811,24112,TRUE,0.392289617314646,0.498056854771452,181,"30 Jun",0,FALSE,NA,NA,NA,NA,FALSE,0.532756119982059,0.0590867436692591,FALSE,334105,0.590497129260897,"2026-07-03"
"Weebill","Smicrornis brevirostris","u465a;u465b;u465c","Smicrornis brevirostris brevirostris;Smicrornis brevirostris flavescens;Smicrornis brevirostris occidentalis",TRUE,TRUE,"multiple_nsw_subspecies","Sedentary","local dispersal","Invertivore","Carnivore","Insessorial","canopy",2,"LC","not listed","not listed","central_west",3968,616,TRUE,0.393476860764427,0.500012399247365,182,"01 Jul",0,FALSE,NA,NA,NA,NA,FALSE,0.668428312538236,0.0446078541732482,FALSE,334105,0.590497129260897,"2026-07-03"
"Weebill","Smicrornis brevirostris","u465a;u465b;u465c","Smicrornis brevirostris brevirostris;Smicrornis brevirostris flavescens;Smicrornis brevirostris occidentalis",TRUE,TRUE,"multiple_nsw_subspecies","Sedentary","local dispersal","Invertivore","Carnivore","Insessorial","canopy",2,"LC","not listed","not listed","new_england",3776,244,TRUE,0.393364286396633,0.49982681041396,183,"02 Jul",0,FALSE,NA,NA,NA,NA,FALSE,0.127007988550117,0.0808560008760017,FALSE,334105,0.590497129260897,"2026-07-03"
"Weebill","Smicrornis brevirostris","u465a;u465b;u465c","Smicrornis brevirostris brevirostris;Smicrornis brevirostris flavescens;Smicrornis brevirostris occidentalis",TRUE,TRUE,"multiple_nsw_subspecies","Sedentary","local dispersal","Invertivore","Carnivore","Insessorial","canopy",2,"LC","not listed","not listed","south_west",1550,159,TRUE,0.393017855009683,0.499255903527733,182,"01 Jul",0,FALSE,NA,NA,NA,NA,FALSE,1.05060880214491,0.0621054216869071,FALSE,334105,0.590497129260897,"2026-07-03"
"Common Bronzewing","Phaps chalcoptera","u34","Phaps chalcoptera",TRUE,FALSE,NA,"Sedentary","local dispersal;partial migrant;nomadic","Granivore","Herbivore","Terrestrial","ground",6,"LC","not listed","not listed","statewide",324806,16049,TRUE,0.173069354659318,0.190034450424738,353,"19 Dec",0,FALSE,NA,NA,NA,NA,FALSE,0.360823585570929,0.0822283505107225,FALSE,334105,0.350988360609034,"2026-07-03"
"Common Bronzewing","Phaps chalcoptera","u34","Phaps chalcoptera",TRUE,FALSE,NA,"Sedentary","local dispersal;partial migrant;nomadic","Granivore","Herbivore","Terrestrial","ground",6,"LC","not listed","not listed","central_west",3965,320,TRUE,0.172820692705405,0.189733790900394,351,"17 Dec",0,FALSE,NA,NA,NA,NA,FALSE,0.273389698840209,0.0647941097865587,FALSE,334105,0.350988360609034,"2026-07-03"
"Common Bronzewing","Phaps chalcoptera","u34","Phaps chalcoptera",TRUE,FALSE,NA,"Sedentary","local dispersal;partial migrant;nomadic","Granivore","Herbivore","Terrestrial","ground",6,"LC","not listed","not listed","new_england",3779,75,TRUE,0.175176127833342,0.192585403722163,359,"25 Dec",0,FALSE,NA,NA,NA,NA,FALSE,0.0785590649421092,0.112019506505573,FALSE,334105,0.350988360609034,"2026-07-03"
"Common Bronzewing","Phaps chalcoptera","u34","Phaps chalcoptera",TRUE,FALSE,NA,"Sedentary","local dispersal;partial migrant;nomadic","Granivore","Herbivore","Terrestrial","ground",6,"LC","not listed","not listed","south_west",1555,78,TRUE,0.175500650497057,0.192978925942233,357,"23 Dec",0,FALSE,NA,NA,NA,NA,FALSE,0.48194183261366,0.0836254461046473,FALSE,334105,0.350988360609034,"2026-07-03"
"Rainbow Bee-eater","Merops ornatus","u329","Merops ornatus",TRUE,FALSE,NA,"Migratory","local dispersal;partial migrant","Invertivore","Carnivore","Insessorial","understory",7,"LC","not listed","not listed","statewide",324798,18042,TRUE,0.874509131620308,2.07552228497238,47,"16 Feb",1,TRUE,264,86,"21 Sep","27 Mar",TRUE,1.74889126625649,0.0822962946913691,FALSE,334105,0.367498160737798,"2026-07-03"
"Rainbow Bee-eater","Merops ornatus","u329","Merops ornatus",TRUE,FALSE,NA,"Migratory","local dispersal;partial migrant","Invertivore","Carnivore","Insessorial","understory",7,"LC","not listed","not listed","central_west",3969,246,TRUE,0.989680306893734,4.57370125713577,43,"12 Feb",1,TRUE,274,81,"01 Oct","22 Mar",TRUE,0.431214927558987,0.0624470516819034,FALSE,334105,0.367498160737798,"2026-07-03"
"Rainbow Bee-eater","Merops ornatus","u329","Merops ornatus",TRUE,FALSE,NA,"Migratory","local dispersal;partial migrant","Invertivore","Carnivore","Insessorial","understory",7,"LC","not listed","not listed","new_england",3782,32,TRUE,0.874438301235904,2.0749580175993,46,"15 Feb",1,TRUE,265,87,"22 Sep","28 Mar",TRUE,0.074304272106457,0.104129517993989,FALSE,334105,0.367498160737798,"2026-07-03"
"Rainbow Bee-eater","Merops ornatus","u329","Merops ornatus",TRUE,FALSE,NA,"Migratory","local dispersal;partial migrant","Invertivore","Carnivore","Insessorial","understory",7,"LC","not listed","not listed","south_west",1556,110,TRUE,0.998112028377426,6.27225224178798,16,"16 Jan",1,TRUE,290,61,"17 Oct","02 Mar",TRUE,0.48680830826429,0.0808096939478999,FALSE,334105,0.367498160737798,"2026-07-03"
"Osprey","Pandion haliaetus","u241a","Pandion haliaetus cristatus",TRUE,FALSE,NA,"Migratory","local dispersal","Aquatic predator","Carnivore","Aerial","around-water",3,"LC","not listed","VU","statewide",324807,6814,TRUE,0.299130884634378,0.355434120698931,198,"17 Jul",0,FALSE,NA,NA,NA,NA,FALSE,0.00133721335282551,0.119466796122193,FALSE,334105,0.508982825266702,"2026-07-03"
"Osprey","Pandion haliaetus","u241a","Pandion haliaetus cristatus",TRUE,FALSE,NA,"Migratory","local dispersal","Aquatic predator","Carnivore","Aerial","around-water",3,"LC","not listed","VU","central_west",3968,0,FALSE,NA,NA,NA,NA,NA,NA,NA,NA,NA,NA,FALSE,0,0,TRUE,334105,0.508982825266702,"2026-07-03"
"Osprey","Pandion haliaetus","u241a","Pandion haliaetus cristatus",TRUE,FALSE,NA,"Migratory","local dispersal","Aquatic predator","Carnivore","Aerial","around-water",3,"LC","not listed","VU","new_england",3779,1,FALSE,NA,NA,NA,NA,NA,NA,NA,NA,NA,NA,FALSE,0,0,TRUE,334105,0.508982825266702,"2026-07-03"
"Osprey","Pandion haliaetus","u241a","Pandion haliaetus cristatus",TRUE,FALSE,NA,"Migratory","local dispersal","Aquatic predator","Carnivore","Aerial","around-water",3,"LC","not listed","VU","south_west",1551,0,FALSE,NA,NA,NA,NA,NA,NA,NA,NA,NA,NA,FALSE,0,0,TRUE,334105,0.508982825266702,"2026-07-03"
"Black-faced Monarch","Monarcha melanopsis","u373","Monarcha melanopsis",TRUE,FALSE,NA,"Migratory","total migrant","Invertivore","Carnivore","Insessorial","understory",5,"LC","not listed","not listed","statewide",324811,7424,TRUE,0.998574901831341,6.55351457734763,300,"27 Oct",1,TRUE,268,68,"25 Sep","09 Mar",TRUE,0.0596883077595019,0.086775723150501,FALSE,334105,0.622008936607583,"2026-07-03"
"Black-faced Monarch","Monarcha melanopsis","u373","Monarcha melanopsis",TRUE,FALSE,NA,"Migratory","total migrant","Invertivore","Carnivore","Insessorial","understory",5,"LC","not listed","not listed","central_west",3966,0,FALSE,NA,NA,NA,NA,NA,NA,NA,NA,NA,NA,FALSE,0.000192510300568357,0.0996738293518623,FALSE,334105,0.622008936607583,"2026-07-03"
"Black-faced Monarch","Monarcha melanopsis","u373","Monarcha melanopsis",TRUE,FALSE,NA,"Migratory","total migrant","Invertivore","Carnivore","Insessorial","understory",5,"LC","not listed","not listed","new_england",3779,9,FALSE,NA,NA,NA,NA,NA,NA,NA,NA,NA,NA,FALSE,0.0354272945116627,0.108537794067524,FALSE,334105,0.622008936607583,"2026-07-03"
"Black-faced Monarch","Monarcha melanopsis","u373","Monarcha melanopsis",TRUE,FALSE,NA,"Migratory","total migrant","Invertivore","Carnivore","Insessorial","understory",5,"LC","not listed","not listed","south_west",1549,0,FALSE,NA,NA,NA,NA,NA,NA,NA,NA,NA,NA,FALSE,0,0,TRUE,334105,0.622008936607583,"2026-07-03"
"Australian Pipit","Anthus australis","u647a","Anthus novaeseelandiae australis",TRUE,FALSE,NA,"Sedentary",NA,"Invertivore","Carnivore","Terrestrial",NA,2,NA,NA,NA,"statewide",324799,11590,TRUE,0.229756076056845,0.261048029958214,346,"12 Dec",0,FALSE,NA,NA,NA,NA,FALSE,0.479316046093829,0.0742906975049624,FALSE,334105,0.430345503505611,"2026-07-03"
"Australian Pipit","Anthus australis","u647a","Anthus novaeseelandiae australis",TRUE,FALSE,NA,"Sedentary",NA,"Invertivore","Carnivore","Terrestrial",NA,2,NA,NA,NA,"central_west",3973,123,TRUE,0.228867148174784,0.259894609205304,340,"06 Dec",0,FALSE,NA,NA,NA,NA,FALSE,0.308658398671712,0.064528372108004,FALSE,334105,0.430345503505611,"2026-07-03"
"Australian Pipit","Anthus australis","u647a","Anthus novaeseelandiae australis",TRUE,FALSE,NA,"Sedentary",NA,"Invertivore","Carnivore","Terrestrial",NA,2,NA,NA,NA,"new_england",3775,180,TRUE,0.22968130293179,0.260950957467821,347,"13 Dec",0,FALSE,NA,NA,NA,NA,FALSE,0.140442345354923,0.101138115309849,FALSE,334105,0.430345503505611,"2026-07-03"
"Australian Pipit","Anthus australis","u647a","Anthus novaeseelandiae australis",TRUE,FALSE,NA,"Sedentary",NA,"Invertivore","Carnivore","Terrestrial",NA,2,NA,NA,NA,"south_west",1558,180,TRUE,0.230604421999465,0.26215003601535,345,"11 Dec",0,FALSE,NA,NA,NA,NA,FALSE,1.05156961170187,0.0746412632518702,FALSE,334105,0.430345503505611,"2026-07-03"
"Wedge-tailed Eagle","Aquila audax","u224a","Aquila audax audax",TRUE,FALSE,NA,"Partial migrant","local dispersal","Vertivore","Carnivore","Generalist","ground",5,"LC","EN","not listed","statewide",324813,13395,TRUE,0.334648614348259,0.407439978403826,108,"18 Apr",0,FALSE,NA,NA,NA,NA,FALSE,0.226449635651535,0.0588507850805297,FALSE,334105,0.263725753224458,"2026-07-03"
"Wedge-tailed Eagle","Aquila audax","u224a","Aquila audax audax",TRUE,FALSE,NA,"Partial migrant","local dispersal","Vertivore","Carnivore","Generalist","ground",5,"LC","EN","not listed","central_west",3967,192,TRUE,0.333820557553802,0.406196211629928,100,"10 Apr",0,FALSE,NA,NA,NA,NA,FALSE,0.205767154722097,0.0481997971945138,FALSE,334105,0.263725753224458,"2026-07-03"
"Wedge-tailed Eagle","Aquila audax","u224a","Aquila audax audax",TRUE,FALSE,NA,"Partial migrant","local dispersal","Vertivore","Carnivore","Generalist","ground",5,"LC","EN","not listed","new_england",3782,237,TRUE,0.334437620663845,0.407122912502589,104,"14 Apr",0,FALSE,NA,NA,NA,NA,FALSE,0.214159111187816,0.0430095417274468,FALSE,334105,0.263725753224458,"2026-07-03"
"Wedge-tailed Eagle","Aquila audax","u224a","Aquila audax audax",TRUE,FALSE,NA,"Partial migrant","local dispersal","Vertivore","Carnivore","Generalist","ground",5,"LC","EN","not listed","south_west",1543,155,TRUE,0.333620371663035,0.40589575831921,94,"04 Apr",0,FALSE,NA,NA,NA,NA,FALSE,0.354897976751371,0.0649723749548699,FALSE,334105,0.263725753224458,"2026-07-03"
"Dusky Woodswallow","Artamus cyanopterus","u547a","Artamus cyanopterus cyanopterus",TRUE,FALSE,NA,"Sedentary","local dispersal;partial migrant","Invertivore","Carnivore","Aerial","aerial",2,"LC","not listed","not listed","statewide",324804,14105,TRUE,0.591234757744836,0.894614267545035,78,"19 Mar",1,TRUE,352,134,"18 Dec","14 May",TRUE,0.287034697954753,0.0838165138802706,FALSE,334105,0.415808264903261,"2026-07-03"
"Dusky Woodswallow","Artamus cyanopterus","u547a","Artamus cyanopterus cyanopterus",TRUE,FALSE,NA,"Sedentary","local dispersal;partial migrant","Invertivore","Carnivore","Aerial","aerial",2,"LC","not listed","not listed","central_west",3968,327,TRUE,0.5907961381923,0.893541807491476,84,"25 Mar",1,TRUE,351,134,"17 Dec","14 May",TRUE,0.807252729123336,0.064882785171506,FALSE,334105,0.415808264903261,"2026-07-03"
"Dusky Woodswallow","Artamus cyanopterus","u547a","Artamus cyanopterus cyanopterus",TRUE,FALSE,NA,"Sedentary","local dispersal;partial migrant","Invertivore","Carnivore","Aerial","aerial",2,"LC","not listed","not listed","new_england",3783,478,TRUE,0.592098424857854,0.896729371077099,82,"23 Mar",1,TRUE,350,134,"16 Dec","14 May",TRUE,0.779725879116101,0.0576027429964627,FALSE,334105,0.415808264903261,"2026-07-03"
"Dusky Woodswallow","Artamus cyanopterus","u547a","Artamus cyanopterus cyanopterus",TRUE,FALSE,NA,"Sedentary","local dispersal;partial migrant","Invertivore","Carnivore","Aerial","aerial",2,"LC","not listed","not listed","south_west",1550,15,FALSE,NA,NA,NA,NA,NA,NA,NA,NA,NA,NA,FALSE,0.157384248276786,0.0947825367151963,FALSE,334105,0.415808264903261,"2026-07-03"
"Sooty Oystercatcher","Haematopus fuliginosus","u131a","Haematopus fuliginosus fuliginosus",TRUE,FALSE,NA,"Sedentary","local dispersal","Aquatic predator","Carnivore","Terrestrial","ground",1,"LC","not listed","VU","statewide",324807,4420,TRUE,0.347691380654174,0.427237486491785,86,"27 Mar",0,FALSE,NA,NA,NA,NA,FALSE,0.00164982538698121,0.202556606934026,FALSE,334105,0.748505946893384,"2026-07-03"
"Sooty Oystercatcher","Haematopus fuliginosus","u131a","Haematopus fuliginosus fuliginosus",TRUE,FALSE,NA,"Sedentary","local dispersal","Aquatic predator","Carnivore","Terrestrial","ground",1,"LC","not listed","VU","central_west",3967,0,FALSE,NA,NA,NA,NA,NA,NA,NA,NA,NA,NA,FALSE,0,0,TRUE,334105,0.748505946893384,"2026-07-03"
"Sooty Oystercatcher","Haematopus fuliginosus","u131a","Haematopus fuliginosus fuliginosus",TRUE,FALSE,NA,"Sedentary","local dispersal","Aquatic predator","Carnivore","Terrestrial","ground",1,"LC","not listed","VU","new_england",3777,0,FALSE,NA,NA,NA,NA,NA,NA,NA,NA,NA,NA,FALSE,0,0,TRUE,334105,0.748505946893384,"2026-07-03"
"Sooty Oystercatcher","Haematopus fuliginosus","u131a","Haematopus fuliginosus fuliginosus",TRUE,FALSE,NA,"Sedentary","local dispersal","Aquatic predator","Carnivore","Terrestrial","ground",1,"LC","not listed","VU","south_west",1554,0,FALSE,NA,NA,NA,NA,NA,NA,NA,NA,NA,NA,FALSE,0,0,TRUE,334105,0.748505946893384,"2026-07-03"
"Bar-tailed Godwit","Limosa lapponica","u153a;u153b;u153c","Limosa lapponica baueri;Limosa lapponica menzbieri;Limosa lapponica anadyrensis",TRUE,TRUE,"multiple_nsw_subspecies","Migratory","total migrant","Aquatic predator","Carnivore","Terrestrial","around-water",5,"NT","not listed","not listed","statewide",324636,4769,TRUE,0.75784384357569,1.41817248644489,323,"19 Nov",1,TRUE,263,75,"20 Sep","16 Mar",TRUE,0.012615239330847,0.28618908901049,FALSE,333941,0.812368736789869,"2026-07-03"
"Bar-tailed Godwit","Limosa lapponica","u153a;u153b;u153c","Limosa lapponica baueri;Limosa lapponica menzbieri;Limosa lapponica anadyrensis",TRUE,TRUE,"multiple_nsw_subspecies","Migratory","total migrant","Aquatic predator","Carnivore","Terrestrial","around-water",5,"NT","not listed","not listed","central_west",3973,0,FALSE,NA,NA,NA,NA,NA,NA,NA,NA,NA,NA,FALSE,0,0,TRUE,333941,0.812368736789869,"2026-07-03"
"Bar-tailed Godwit","Limosa lapponica","u153a;u153b;u153c","Limosa lapponica baueri;Limosa lapponica menzbieri;Limosa lapponica anadyrensis",TRUE,TRUE,"multiple_nsw_subspecies","Migratory","total migrant","Aquatic predator","Carnivore","Terrestrial","around-water",5,"NT","not listed","not listed","new_england",3782,0,FALSE,NA,NA,NA,NA,NA,NA,NA,NA,NA,NA,FALSE,0,0,TRUE,333941,0.812368736789869,"2026-07-03"
"Bar-tailed Godwit","Limosa lapponica","u153a;u153b;u153c","Limosa lapponica baueri;Limosa lapponica menzbieri;Limosa lapponica anadyrensis",TRUE,TRUE,"multiple_nsw_subspecies","Migratory","total migrant","Aquatic predator","Carnivore","Terrestrial","around-water",5,"NT","not listed","not listed","south_west",1550,0,FALSE,NA,NA,NA,NA,NA,NA,NA,NA,NA,NA,FALSE,0,0,TRUE,333941,0.812368736789869,"2026-07-03"
"Jacky-winter","Microeca fascinans","u377a;u377b;u377c","Microeca fascinans assimilis;Microeca fascinans fascinans;Microeca fascinans pallida",TRUE,TRUE,"multiple_nsw_subspecies","Migratory","local dispersal","Invertivore","Carnivore","Insessorial","ground",4,"LC","not listed","not listed","statewide",324807,12748,TRUE,0.581545099759422,0.871186160115188,167,"16 Jun",1,TRUE,84,248,"25 Mar","05 Sep",FALSE,0.279069629657798,0.083869396764135,FALSE,334105,0.516197230516964,"2026-07-03"
"Jacky-winter","Microeca fascinans","u377a;u377b;u377c","Microeca fascinans assimilis;Microeca fascinans fascinans;Microeca fascinans pallida",TRUE,TRUE,"multiple_nsw_subspecies","Migratory","local dispersal","Invertivore","Carnivore","Insessorial","ground",4,"LC","not listed","not listed","central_west",3970,385,TRUE,0.581230435852271,0.870434476581437,167,"16 Jun",1,TRUE,84,248,"25 Mar","05 Sep",FALSE,0.53863103348514,0.0619579972145421,FALSE,334105,0.516197230516964,"2026-07-03"
"Jacky-winter","Microeca fascinans","u377a;u377b;u377c","Microeca fascinans assimilis;Microeca fascinans fascinans;Microeca fascinans pallida",TRUE,TRUE,"multiple_nsw_subspecies","Migratory","local dispersal","Invertivore","Carnivore","Insessorial","ground",4,"LC","not listed","not listed","new_england",3781,267,TRUE,0.581001306862891,0.869887478069378,168,"17 Jun",1,TRUE,84,249,"25 Mar","06 Sep",FALSE,0.175303814847904,0.104823117048821,FALSE,334105,0.516197230516964,"2026-07-03"
"Jacky-winter","Microeca fascinans","u377a;u377b;u377c","Microeca fascinans assimilis;Microeca fascinans fascinans;Microeca fascinans pallida",TRUE,TRUE,"multiple_nsw_subspecies","Migratory","local dispersal","Invertivore","Carnivore","Insessorial","ground",4,"LC","not listed","not listed","south_west",1547,36,TRUE,0.580721667471892,0.869220301485001,168,"17 Jun",1,TRUE,84,248,"25 Mar","05 Sep",FALSE,0.32567522338776,0.0847565826651006,FALSE,334105,0.516197230516964,"2026-07-03"
"Shining Bronze-Cuckoo","Chalcites lucidus","u344a;u344b","Chalcites lucidus lucidus;Chalcites lucidus plagosus",TRUE,FALSE,NA,"Sedentary","partial migrant","Invertivore","Carnivore","Insessorial","mid-high",6,"LC","not listed","not listed","statewide",324809,9291,TRUE,0.792013664001541,1.57028289375376,286,"13 Oct",1,TRUE,225,342,"13 Aug","08 Dec",FALSE,0.0465255849829705,0.0940925769670085,FALSE,334105,0.357543041846396,"2026-07-03"
"Shining Bronze-Cuckoo","Chalcites lucidus","u344a;u344b","Chalcites lucidus lucidus;Chalcites lucidus plagosus",TRUE,FALSE,NA,"Sedentary","partial migrant","Invertivore","Carnivore","Insessorial","mid-high",6,"LC","not listed","not listed","central_west",3967,74,TRUE,0.878081538408303,2.10440280530175,284,"11 Oct",1,TRUE,224,343,"12 Aug","09 Dec",FALSE,0.0601641916100915,0.0862166238755292,FALSE,334105,0.357543041846396,"2026-07-03"
"Shining Bronze-Cuckoo","Chalcites lucidus","u344a;u344b","Chalcites lucidus lucidus;Chalcites lucidus plagosus",TRUE,FALSE,NA,"Sedentary","partial migrant","Invertivore","Carnivore","Insessorial","mid-high",6,"LC","not listed","not listed","new_england",3780,117,TRUE,0.86822953929043,2.02669380411501,310,"06 Nov",1,TRUE,257,96,"14 Sep","06 Apr",TRUE,0.0773715981968309,0.0682840538782141,FALSE,334105,0.357543041846396,"2026-07-03"
"Shining Bronze-Cuckoo","Chalcites lucidus","u344a;u344b","Chalcites lucidus lucidus;Chalcites lucidus plagosus",TRUE,FALSE,NA,"Sedentary","partial migrant","Invertivore","Carnivore","Insessorial","mid-high",6,"LC","not listed","not listed","south_west",1549,0,FALSE,NA,NA,NA,NA,NA,NA,NA,NA,NA,NA,FALSE,0,0,TRUE,334105,0.357543041846396,"2026-07-03"
"Brown Goshawk","Tachyspiza fasciata","u221c","Accipiter fasciatus fasciatus",TRUE,FALSE,NA,"Sedentary","local dispersal;partial migrant","Vertivore","Carnivore","Generalist","ground",4,"LC","not listed","not listed","statewide",324806,8456,TRUE,0.496997482200834,0.687160103329983,260,"17 Sep",0.445,FALSE,NA,NA,NA,NA,FALSE,0.035816603902071,0.0664716830063837,FALSE,334105,0.165921512563347,"2026-07-03"
"Brown Goshawk","Tachyspiza fasciata","u221c","Accipiter fasciatus fasciatus",TRUE,FALSE,NA,"Sedentary","local dispersal;partial migrant","Vertivore","Carnivore","Generalist","ground",4,"LC","not listed","not listed","central_west",3966,83,TRUE,0.496876522891468,0.68691965767892,260,"17 Sep",0.443,FALSE,NA,NA,NA,NA,FALSE,0.0417345662840766,0.0512870634995957,FALSE,334105,0.165921512563347,"2026-07-03"
"Brown Goshawk","Tachyspiza fasciata","u221c","Accipiter fasciatus fasciatus",TRUE,FALSE,NA,"Sedentary","local dispersal;partial migrant","Vertivore","Carnivore","Generalist","ground",4,"LC","not listed","not listed","new_england",3780,139,TRUE,0.49797341455155,0.689102201632033,261,"18 Sep",0.455,FALSE,NA,NA,NA,NA,FALSE,0.0451173831139447,0.0703355070206926,FALSE,334105,0.165921512563347,"2026-07-03"
"Brown Goshawk","Tachyspiza fasciata","u221c","Accipiter fasciatus fasciatus",TRUE,FALSE,NA,"Sedentary","local dispersal;partial migrant","Vertivore","Carnivore","Generalist","ground",4,"LC","not listed","not listed","south_west",1553,12,FALSE,NA,NA,NA,NA,NA,NA,NA,NA,NA,NA,FALSE,0.0353238907021973,0.0759502258234882,FALSE,334105,0.165921512563347,"2026-07-03"
"Swamp Harrier","Circus approximans","u219","Circus approximans gouldi",TRUE,FALSE,NA,"Partial migrant","local dispersal;partial migrant","Vertivore","Carnivore","Aerial","ground",4,"LC","not listed","not listed","statewide",324807,5742,TRUE,0.335261383178926,0.408361373005514,271,"28 Sep",0,FALSE,NA,NA,NA,NA,FALSE,0.0316348328230564,0.112570593006705,FALSE,334105,0.379696094807395,"2026-07-03"
"Swamp Harrier","Circus approximans","u219","Circus approximans gouldi",TRUE,FALSE,NA,"Partial migrant","local dispersal;partial migrant","Vertivore","Carnivore","Aerial","ground",4,"LC","not listed","not listed","central_west",3968,18,FALSE,NA,NA,NA,NA,NA,NA,NA,NA,NA,NA,FALSE,0.00266692887654967,0.105748702253541,FALSE,334105,0.379696094807395,"2026-07-03"
"Swamp Harrier","Circus approximans","u219","Circus approximans gouldi",TRUE,FALSE,NA,"Partial migrant","local dispersal;partial migrant","Vertivore","Carnivore","Aerial","ground",4,"LC","not listed","not listed","new_england",3779,93,TRUE,0.336183085756927,0.409748899088276,270,"27 Sep",0,FALSE,NA,NA,NA,NA,FALSE,0.00947966355582797,0.127709972719351,FALSE,334105,0.379696094807395,"2026-07-03"
"Swamp Harrier","Circus approximans","u219","Circus approximans gouldi",TRUE,FALSE,NA,"Partial migrant","local dispersal;partial migrant","Vertivore","Carnivore","Aerial","ground",4,"LC","not listed","not listed","south_west",1551,39,TRUE,0.336846224778765,0.410748377196282,270,"27 Sep",0,FALSE,NA,NA,NA,NA,FALSE,0.187761671584289,0.0853158863717394,FALSE,334105,0.379696094807395,"2026-07-03"
"Green Catbird","Ailuroedus crassirostris","u676","Ailuroedus crassirostris",TRUE,FALSE,NA,"Sedentary","local dispersal","Omnivore","Herbivore","Insessorial","mid-high",1,"LC","not listed","not listed","statewide",324805,5534,TRUE,0.548619730679559,0.795445125522019,336,"02 Dec",0.995,TRUE,247,53,"04 Sep","22 Feb",TRUE,0.0247459263690133,0.140442866037382,FALSE,334105,0.648211952421468,"2026-07-03"
"Green Catbird","Ailuroedus crassirostris","u676","Ailuroedus crassirostris",TRUE,FALSE,NA,"Sedentary","local dispersal","Omnivore","Herbivore","Insessorial","mid-high",1,"LC","not listed","not listed","central_west",3971,0,FALSE,NA,NA,NA,NA,NA,NA,NA,NA,NA,NA,FALSE,0,0,TRUE,334105,0.648211952421468,"2026-07-03"
"Green Catbird","Ailuroedus crassirostris","u676","Ailuroedus crassirostris",TRUE,FALSE,NA,"Sedentary","local dispersal","Omnivore","Herbivore","Insessorial","mid-high",1,"LC","not listed","not listed","new_england",3778,1,FALSE,NA,NA,NA,NA,NA,NA,NA,NA,NA,NA,FALSE,0.00395319866836763,0.265916561264367,FALSE,334105,0.648211952421468,"2026-07-03"
"Green Catbird","Ailuroedus crassirostris","u676","Ailuroedus crassirostris",TRUE,FALSE,NA,"Sedentary","local dispersal","Omnivore","Herbivore","Insessorial","mid-high",1,"LC","not listed","not listed","south_west",1551,0,FALSE,NA,NA,NA,NA,NA,NA,NA,NA,NA,NA,FALSE,0,0,TRUE,334105,0.648211952421468,"2026-07-03"
"Tawny Frogmouth","Podargus strigoides","u313a;u313c","Podargus strigoides brachypterus;Podargus strigoides strigoides",TRUE,FALSE,NA,"Sedentary","local dispersal","Invertivore","Carnivore","Insessorial","ground",5,"LC","not listed","not listed","statewide",324811,5066,TRUE,0.462788707331698,0.621363793205708,323,"19 Nov",0.078,FALSE,NA,NA,NA,NA,FALSE,0.329674082110112,0.188273133381982,FALSE,334105,0.198707238132978,"2026-07-03"
"Tawny Frogmouth","Podargus strigoides","u313a;u313c","Podargus strigoides brachypterus;Podargus strigoides strigoides",TRUE,FALSE,NA,"Sedentary","local dispersal","Invertivore","Carnivore","Insessorial","ground",5,"LC","not listed","not listed","central_west",3971,28,TRUE,0.464163104068456,0.623925462854739,321,"17 Nov",0.077,FALSE,NA,NA,NA,NA,FALSE,0.369090859602462,0.174202705523778,FALSE,334105,0.198707238132978,"2026-07-03"
"Tawny Frogmouth","Podargus strigoides","u313a;u313c","Podargus strigoides brachypterus;Podargus strigoides strigoides",TRUE,FALSE,NA,"Sedentary","local dispersal","Invertivore","Carnivore","Insessorial","ground",5,"LC","not listed","not listed","new_england",3780,44,TRUE,0.464268927102007,0.624122973487705,323,"19 Nov",0.168,FALSE,NA,NA,NA,NA,FALSE,0.243692450942666,0.175674954359906,FALSE,334105,0.198707238132978,"2026-07-03"
"Tawny Frogmouth","Podargus strigoides","u313a;u313c","Podargus strigoides brachypterus;Podargus strigoides strigoides",TRUE,FALSE,NA,"Sedentary","local dispersal","Invertivore","Carnivore","Insessorial","ground",5,"LC","not listed","not listed","south_west",1543,30,TRUE,0.46179506229302,0.619515866247991,324,"20 Nov",0.069,FALSE,NA,NA,NA,NA,FALSE,0.243170083236793,0.193073905317365,FALSE,334105,0.198707238132978,"2026-07-03"
"Caspian Tern","Hydroprogne caspia","u112","Hydroprogne caspia",TRUE,FALSE,NA,"Migratory","local dispersal;partial migrant","Aquatic predator","Carnivore","Aerial","pelagic",4,"LC","not listed","not listed","statewide",324797,5775,TRUE,0.382962607064784,0.482825652480034,187,"06 Jul",0,FALSE,NA,NA,NA,NA,FALSE,0.0135238188241856,0.148214430588561,FALSE,334105,0.622942610056943,"2026-07-03"
"Caspian Tern","Hydroprogne caspia","u112","Hydroprogne caspia",TRUE,FALSE,NA,"Migratory","local dispersal;partial migrant","Aquatic predator","Carnivore","Aerial","pelagic",4,"LC","not listed","not listed","central_west",3972,0,FALSE,NA,NA,NA,NA,NA,NA,NA,NA,NA,NA,FALSE,0,0,TRUE,334105,0.622942610056943,"2026-07-03"
"Caspian Tern","Hydroprogne caspia","u112","Hydroprogne caspia",TRUE,FALSE,NA,"Migratory","local dispersal;partial migrant","Aquatic predator","Carnivore","Aerial","pelagic",4,"LC","not listed","not listed","new_england",3780,1,FALSE,NA,NA,NA,NA,NA,NA,NA,NA,NA,NA,FALSE,0,0,TRUE,334105,0.622942610056943,"2026-07-03"
"Caspian Tern","Hydroprogne caspia","u112","Hydroprogne caspia",TRUE,FALSE,NA,"Migratory","local dispersal;partial migrant","Aquatic predator","Carnivore","Aerial","pelagic",4,"LC","not listed","not listed","south_west",1556,33,TRUE,0.38404128026713,0.484575331114782,189,"08 Jul",0,FALSE,NA,NA,NA,NA,FALSE,0.0277415931099837,0.125804585145189,FALSE,334105,0.622942610056943,"2026-07-03"
"Double-barred Finch","Stizoptera bichenovii","u655b","Taeniopygia bichenovii bichenovii",TRUE,FALSE,NA,"Sedentary","local dispersal;partial migrant","Granivore","Herbivore","Terrestrial","ground",5,"LC","not listed","not listed","statewide",324802,13163,TRUE,0.643015812855521,1.03006379189644,138,"18 May",1,TRUE,52,228,"21 Feb","16 Aug",FALSE,0.488097714473914,0.107760507895946,FALSE,334104,0.492636631970392,"2026-07-03"
"Double-barred Finch","Stizoptera bichenovii","u655b","Taeniopygia bichenovii bichenovii",TRUE,FALSE,NA,"Sedentary","local dispersal;partial migrant","Granivore","Herbivore","Terrestrial","ground",5,"LC","not listed","not listed","central_west",3965,559,TRUE,0.642622760040254,1.02896336054609,136,"16 May",1,TRUE,53,228,"22 Feb","16 Aug",FALSE,1.6474621483346,0.0857755740321391,FALSE,334104,0.492636631970392,"2026-07-03"
"Double-barred Finch","Stizoptera bichenovii","u655b","Taeniopygia bichenovii bichenovii",TRUE,FALSE,NA,"Sedentary","local dispersal;partial migrant","Granivore","Herbivore","Terrestrial","ground",5,"LC","not listed","not listed","new_england",3779,293,TRUE,0.642705836001388,1.02919584770326,140,"20 May",1,TRUE,53,228,"22 Feb","16 Aug",FALSE,0.496884190087265,0.112767544567324,FALSE,334104,0.492636631970392,"2026-07-03"
"Double-barred Finch","Stizoptera bichenovii","u655b","Taeniopygia bichenovii bichenovii",TRUE,FALSE,NA,"Sedentary","local dispersal;partial migrant","Granivore","Herbivore","Terrestrial","ground",5,"LC","not listed","not listed","south_west",1558,0,FALSE,NA,NA,NA,NA,NA,NA,NA,NA,NA,NA,FALSE,0.000718877002519283,0.110051144742303,FALSE,334104,0.492636631970392,"2026-07-03"
"Striped Honeyeater","Plectorhyncha lanceolata","u585","Plectorhyncha lanceolata",TRUE,FALSE,NA,"Sedentary","local dispersal;nomadic;irruptive","Omnivore","Herbivore","Insessorial","understory",4,"LC","not listed","not listed","statewide",324806,11385,TRUE,0.000325245792864859,0.000325298696749243,157,"06 Jun",0,FALSE,NA,NA,NA,NA,FALSE,0.277134689613304,0.103822268899602,FALSE,334105,0.444637256435549,"2026-07-03"
"Striped Honeyeater","Plectorhyncha lanceolata","u585","Plectorhyncha lanceolata",TRUE,FALSE,NA,"Sedentary","local dispersal;nomadic;irruptive","Omnivore","Herbivore","Insessorial","understory",4,"LC","not listed","not listed","central_west",3969,378,TRUE,0.00135593892647212,0.00135685904350069,115,"25 Apr",0,FALSE,NA,NA,NA,NA,FALSE,0.166172461533047,0.0723378260563271,FALSE,334105,0.444637256435549,"2026-07-03"
"Striped Honeyeater","Plectorhyncha lanceolata","u585","Plectorhyncha lanceolata",TRUE,FALSE,NA,"Sedentary","local dispersal;nomadic;irruptive","Omnivore","Herbivore","Insessorial","understory",4,"LC","not listed","not listed","new_england",3779,16,FALSE,NA,NA,NA,NA,NA,NA,NA,NA,NA,NA,FALSE,0.00510268071226738,0.293350616057186,FALSE,334105,0.444637256435549,"2026-07-03"
"Striped Honeyeater","Plectorhyncha lanceolata","u585","Plectorhyncha lanceolata",TRUE,FALSE,NA,"Sedentary","local dispersal;nomadic;irruptive","Omnivore","Herbivore","Insessorial","understory",4,"LC","not listed","not listed","south_west",1551,110,TRUE,0.0027673804284869,0.00277121670496383,72,"13 Mar",0,FALSE,NA,NA,NA,NA,FALSE,0.190166640133968,0.0893345804017889,FALSE,334105,0.444637256435549,"2026-07-03"
"Leaden Flycatcher","Myiagra rubecula","u365c;u365d","Myiagra rubecula rubecula;Myiagra rubecula yorki",TRUE,TRUE,"multiple_nsw_subspecies","Sedentary","local dispersal;partial migrant","Invertivore","Carnivore","Insessorial","mid-high",6,"LC","not listed","not listed","statewide",324812,11995,TRUE,0.976027042201985,3.73082884231976,302,"29 Oct",1,TRUE,260,59,"17 Sep","28 Feb",TRUE,0.086266866591673,0.0883814638803179,FALSE,334105,0.467861599680121,"2026-07-03"
"Leaden Flycatcher","Myiagra rubecula","u365c;u365d","Myiagra rubecula rubecula;Myiagra rubecula yorki",TRUE,TRUE,"multiple_nsw_subspecies","Sedentary","local dispersal;partial migrant","Invertivore","Carnivore","Insessorial","mid-high",6,"LC","not listed","not listed","central_west",3973,54,TRUE,0.976097120046196,3.73375632714506,300,"27 Oct",1,TRUE,260,59,"17 Sep","28 Feb",TRUE,0.12362801990686,0.0824863915723401,FALSE,334105,0.467861599680121,"2026-07-03"
"Leaden Flycatcher","Myiagra rubecula","u365c;u365d","Myiagra rubecula rubecula;Myiagra rubecula yorki",TRUE,TRUE,"multiple_nsw_subspecies","Sedentary","local dispersal;partial migrant","Invertivore","Carnivore","Insessorial","mid-high",6,"LC","not listed","not listed","new_england",3778,226,TRUE,0.975859648529916,3.72387050376324,300,"27 Oct",1,TRUE,260,59,"17 Sep","28 Feb",TRUE,0.242882588899844,0.0829842752361709,FALSE,334105,0.467861599680121,"2026-07-03"
"Leaden Flycatcher","Myiagra rubecula","u365c;u365d","Myiagra rubecula rubecula;Myiagra rubecula yorki",TRUE,TRUE,"multiple_nsw_subspecies","Sedentary","local dispersal;partial migrant","Invertivore","Carnivore","Insessorial","mid-high",6,"LC","not listed","not listed","south_west",1542,1,FALSE,NA,NA,NA,NA,NA,NA,NA,NA,NA,NA,FALSE,0,0,TRUE,334105,0.467861599680121,"2026-07-03"
"Little Grassbird","Poodytes gramineus","u522a","Poodytes gramineus goulburni",TRUE,FALSE,NA,"Sedentary","local dispersal;nomadic","Invertivore","Carnivore","Generalist","ground",3,"LC","not listed","not listed","statewide",324806,5998,TRUE,0.733475942817377,1.32229076859629,294,"21 Oct",1,TRUE,227,51,"15 Aug","20 Feb",TRUE,0.0690799067550999,0.118982435834474,FALSE,334105,0.533604406147186,"2026-07-03"
"Little Grassbird","Poodytes gramineus","u522a","Poodytes gramineus goulburni",TRUE,FALSE,NA,"Sedentary","local dispersal;nomadic","Invertivore","Carnivore","Generalist","ground",3,"LC","not listed","not listed","central_west",3967,111,TRUE,0.733568770135407,1.32263911796526,295,"22 Oct",1,TRUE,226,51,"14 Aug","20 Feb",TRUE,0.0298357390237992,0.101289493676906,FALSE,334105,0.533604406147186,"2026-07-03"
"Little Grassbird","Poodytes gramineus","u522a","Poodytes gramineus goulburni",TRUE,FALSE,NA,"Sedentary","local dispersal;nomadic","Invertivore","Carnivore","Generalist","ground",3,"LC","not listed","not listed","new_england",3778,175,TRUE,0.733121737650706,1.32096267081432,293,"20 Oct",1,TRUE,227,51,"15 Aug","20 Feb",TRUE,0.0897684830873894,0.120959629581312,FALSE,334105,0.533604406147186,"2026-07-03"
"Little Grassbird","Poodytes gramineus","u522a","Poodytes gramineus goulburni",TRUE,FALSE,NA,"Sedentary","local dispersal;nomadic","Invertivore","Carnivore","Generalist","ground",3,"LC","not listed","not listed","south_west",1554,42,TRUE,0.734432965316004,1.32588798548355,294,"21 Oct",1,TRUE,226,51,"14 Aug","20 Feb",TRUE,0.329200150602873,0.0974056152132814,FALSE,334105,0.533604406147186,"2026-07-03"
"Long-billed Corella","Cacatua tenuirostris","u272","Cacatua tenuirostris",TRUE,FALSE,NA,"Sedentary","local dispersal","Granivore","Herbivore","Terrestrial","ground",2,"LC","not listed","not listed","statewide",324797,8225,TRUE,0.00146464119055978,0.00146571482592339,276,"03 Oct",0,FALSE,NA,NA,NA,NA,FALSE,0.0252859976376349,0.124318356084951,FALSE,334088,0.446582137350729,"2026-07-03"
"Long-billed Corella","Cacatua tenuirostris","u272","Cacatua tenuirostris",TRUE,FALSE,NA,"Sedentary","local dispersal","Granivore","Herbivore","Terrestrial","ground",2,"LC","not listed","not listed","central_west",3968,18,FALSE,NA,NA,NA,NA,NA,NA,NA,NA,NA,NA,FALSE,0,0,TRUE,334088,0.446582137350729,"2026-07-03"
"Long-billed Corella","Cacatua tenuirostris","u272","Cacatua tenuirostris",TRUE,FALSE,NA,"Sedentary","local dispersal","Granivore","Herbivore","Terrestrial","ground",2,"LC","not listed","not listed","new_england",3779,0,FALSE,NA,NA,NA,NA,NA,NA,NA,NA,NA,NA,FALSE,0,0,TRUE,334088,0.446582137350729,"2026-07-03"
"Long-billed Corella","Cacatua tenuirostris","u272","Cacatua tenuirostris",TRUE,FALSE,NA,"Sedentary","local dispersal","Granivore","Herbivore","Terrestrial","ground",2,"LC","not listed","not listed","south_west",1544,8,FALSE,NA,NA,NA,NA,NA,NA,NA,NA,NA,NA,FALSE,0.0504563168225922,0.168066259067066,FALSE,334088,0.446582137350729,"2026-07-03"
"Australasian Gannet","Morus serrator","u104","Morus serrator",TRUE,FALSE,NA,"Partial migrant","total migrant","Aquatic predator","Carnivore","Aerial","pelagic",2,"LC","not listed","not listed","statewide",324799,4108,TRUE,0.973558496247712,3.63282039147493,185,"04 Jul",1,TRUE,120,264,"30 Apr","21 Sep",FALSE,0.0108514062918603,0.554555689015754,FALSE,334102,0.806690400411952,"2026-07-03"
"Australasian Gannet","Morus serrator","u104","Morus serrator",TRUE,FALSE,NA,"Partial migrant","total migrant","Aquatic predator","Carnivore","Aerial","pelagic",2,"LC","not listed","not listed","central_west",3967,0,FALSE,NA,NA,NA,NA,NA,NA,NA,NA,NA,NA,FALSE,0,0,TRUE,334102,0.806690400411952,"2026-07-03"
"Australasian Gannet","Morus serrator","u104","Morus serrator",TRUE,FALSE,NA,"Partial migrant","total migrant","Aquatic predator","Carnivore","Aerial","pelagic",2,"LC","not listed","not listed","new_england",3775,0,FALSE,NA,NA,NA,NA,NA,NA,NA,NA,NA,NA,FALSE,0,0,TRUE,334102,0.806690400411952,"2026-07-03"
"Australasian Gannet","Morus serrator","u104","Morus serrator",TRUE,FALSE,NA,"Partial migrant","total migrant","Aquatic predator","Carnivore","Aerial","pelagic",2,"LC","not listed","not listed","south_west",1561,0,FALSE,NA,NA,NA,NA,NA,NA,NA,NA,NA,NA,FALSE,0,0,TRUE,334102,0.806690400411952,"2026-07-03"
"Hoary-headed Grebe","Poliocephalus poliocephalus","u62","Poliocephalus poliocephalus",TRUE,FALSE,NA,"Sedentary","nomadic","Aquatic predator","Carnivore","Aquatic","below-water",4,"LC","not listed","not listed","statewide",324748,7656,TRUE,0.375983598665277,0.471578626767871,126,"06 May",0,FALSE,NA,NA,NA,NA,FALSE,0.646493730073677,0.132302242998295,FALSE,334043,0.440444158305262,"2026-07-03"
"Hoary-headed Grebe","Poliocephalus poliocephalus","u62","Poliocephalus poliocephalus",TRUE,FALSE,NA,"Sedentary","nomadic","Aquatic predator","Carnivore","Aquatic","below-water",4,"LC","not listed","not listed","central_west",3969,144,TRUE,0.487953942095036,0.669340701142871,101,"11 Apr",0.456,FALSE,NA,NA,NA,NA,FALSE,0.138300014151651,0.105578482435327,FALSE,334043,0.440444158305262,"2026-07-03"
"Hoary-headed Grebe","Poliocephalus poliocephalus","u62","Poliocephalus poliocephalus",TRUE,FALSE,NA,"Sedentary","nomadic","Aquatic predator","Carnivore","Aquatic","below-water",4,"LC","not listed","not listed","new_england",3777,246,TRUE,0.375690368891017,0.471108829980763,128,"08 May",0,FALSE,NA,NA,NA,NA,FALSE,0.3116920165133,0.141233466737411,FALSE,334043,0.440444158305262,"2026-07-03"
"Hoary-headed Grebe","Poliocephalus poliocephalus","u62","Poliocephalus poliocephalus",TRUE,FALSE,NA,"Sedentary","nomadic","Aquatic predator","Carnivore","Aquatic","below-water",4,"LC","not listed","not listed","south_west",1549,55,TRUE,0.374428683078226,0.469089939712337,130,"10 May",0,FALSE,NA,NA,NA,NA,FALSE,2.39030166344401,0.149564631416917,FALSE,334043,0.440444158305262,"2026-07-03"
"Large-billed Scrubwren","Sericornis magnirostra","u494c","Sericornis magnirostra magnirostra",TRUE,FALSE,NA,"Partial migrant","local dispersal","Invertivore","Carnivore","Insessorial","mid-high",1,"LC","not listed","not listed","statewide",324805,7605,TRUE,0.172145547464947,0.188917922010834,35,"04 Feb",0,FALSE,NA,NA,NA,NA,FALSE,0.0350721735804354,0.0970476829508178,FALSE,334105,0.657975261878522,"2026-07-03"
"Large-billed Scrubwren","Sericornis magnirostra","u494c","Sericornis magnirostra magnirostra",TRUE,FALSE,NA,"Partial migrant","local dispersal","Invertivore","Carnivore","Insessorial","mid-high",1,"LC","not listed","not listed","central_west",3970,0,FALSE,NA,NA,NA,NA,NA,NA,NA,NA,NA,NA,FALSE,0,0,TRUE,334105,0.657975261878522,"2026-07-03"
"Large-billed Scrubwren","Sericornis magnirostra","u494c","Sericornis magnirostra magnirostra",TRUE,FALSE,NA,"Partial migrant","local dispersal","Invertivore","Carnivore","Insessorial","mid-high",1,"LC","not listed","not listed","new_england",3782,4,FALSE,NA,NA,NA,NA,NA,NA,NA,NA,NA,NA,FALSE,0.0144014045661645,0.124436889758862,FALSE,334105,0.657975261878522,"2026-07-03"
"Large-billed Scrubwren","Sericornis magnirostra","u494c","Sericornis magnirostra magnirostra",TRUE,FALSE,NA,"Partial migrant","local dispersal","Invertivore","Carnivore","Insessorial","mid-high",1,"LC","not listed","not listed","south_west",1548,0,FALSE,NA,NA,NA,NA,NA,NA,NA,NA,NA,NA,FALSE,0,0,TRUE,334105,0.657975261878522,"2026-07-03"
"Restless Flycatcher","Myiagra inquieta","u728","Myiagra inquieta",TRUE,FALSE,NA,"Partial migrant","local dispersal;partial migrant","Invertivore","Carnivore","Insessorial","ground",1,"LC","not listed","not listed","statewide",324809,10156,TRUE,0.21853053682795,0.246579204519932,129,"09 May",0,FALSE,NA,NA,NA,NA,FALSE,0.113128856552141,0.082931039061594,FALSE,334105,0.349228733557123,"2026-07-03"
"Restless Flycatcher","Myiagra inquieta","u728","Myiagra inquieta",TRUE,FALSE,NA,"Partial migrant","local dispersal;partial migrant","Invertivore","Carnivore","Insessorial","ground",1,"LC","not listed","not listed","central_west",3969,123,TRUE,0.153583341118492,0.166743536028422,123,"03 May",0,FALSE,NA,NA,NA,NA,FALSE,0.218374693847875,0.0537189113193257,FALSE,334105,0.349228733557123,"2026-07-03"
"Restless Flycatcher","Myiagra inquieta","u728","Myiagra inquieta",TRUE,FALSE,NA,"Partial migrant","local dispersal;partial migrant","Invertivore","Carnivore","Insessorial","ground",1,"LC","not listed","not listed","new_england",3781,245,TRUE,0.219571936519666,0.247912710500019,131,"11 May",0,FALSE,NA,NA,NA,NA,FALSE,0.0961789263206806,0.0873311996615604,FALSE,334105,0.349228733557123,"2026-07-03"
"Restless Flycatcher","Myiagra inquieta","u728","Myiagra inquieta",TRUE,FALSE,NA,"Partial migrant","local dispersal;partial migrant","Invertivore","Carnivore","Insessorial","ground",1,"LC","not listed","not listed","south_west",1546,52,TRUE,0.2180226039359,0.245929444143467,134,"14 May",0,FALSE,NA,NA,NA,NA,FALSE,0.0888169893180424,0.0757013466569328,FALSE,334105,0.349228733557123,"2026-07-03"
"Spangled Drongo","Dicrurus bracteatus","u673c","Dicrurus bracteatus bracteatus",TRUE,FALSE,NA,"Sedentary","local dispersal;partial migrant","Invertivore","Carnivore","Insessorial","canopy",4,"LC","not listed","not listed","statewide",324798,12999,TRUE,0.484006043688401,0.661660226143589,56,"25 Feb",0.145,FALSE,NA,NA,NA,NA,FALSE,0.0196678989820699,0.207755030608939,FALSE,334105,0.594897837239249,"2026-07-03"
"Spangled Drongo","Dicrurus bracteatus","u673c","Dicrurus bracteatus bracteatus",TRUE,FALSE,NA,"Sedentary","local dispersal;partial migrant","Invertivore","Carnivore","Insessorial","canopy",4,"LC","not listed","not listed","central_west",3972,0,FALSE,NA,NA,NA,NA,NA,NA,NA,NA,NA,NA,FALSE,2.7453817552658e-06,0.115823708474636,FALSE,334105,0.594897837239249,"2026-07-03"
"Spangled Drongo","Dicrurus bracteatus","u673c","Dicrurus bracteatus bracteatus",TRUE,FALSE,NA,"Sedentary","local dispersal;partial migrant","Invertivore","Carnivore","Insessorial","canopy",4,"LC","not listed","not listed","new_england",3782,19,FALSE,NA,NA,NA,NA,NA,NA,NA,NA,NA,NA,FALSE,0.00416541757991444,0.213494694428848,FALSE,334105,0.594897837239249,"2026-07-03"
"Spangled Drongo","Dicrurus bracteatus","u673c","Dicrurus bracteatus bracteatus",TRUE,FALSE,NA,"Sedentary","local dispersal;partial migrant","Invertivore","Carnivore","Insessorial","canopy",4,"LC","not listed","not listed","south_west",1553,0,FALSE,NA,NA,NA,NA,NA,NA,NA,NA,NA,NA,FALSE,0,0,TRUE,334105,0.594897837239249,"2026-07-03"
"Brown Treecreeper","Climacteris picumnus","u555c;u555b","Climacteris picumnus victoriae;Climacteris picumnus picumnus",TRUE,TRUE,"multiple_nsw_subspecies","Sedentary","local dispersal","Invertivore","Carnivore","Insessorial","ground",6,"LC","not listed","VU","statewide",324813,15020,TRUE,0.0736324876072838,0.0764842414390383,230,"18 Aug",0,FALSE,NA,NA,NA,NA,FALSE,0.246899746366998,0.0802589608483669,FALSE,334105,0.640888230591926,"2026-07-03"
"Brown Treecreeper","Climacteris picumnus","u555c;u555b","Climacteris picumnus victoriae;Climacteris picumnus picumnus",TRUE,TRUE,"multiple_nsw_subspecies","Sedentary","local dispersal","Invertivore","Carnivore","Insessorial","ground",6,"LC","not listed","VU","central_west",3968,281,TRUE,0.073375864821153,0.0762072593078909,211,"30 Jul",0,FALSE,NA,NA,NA,NA,FALSE,0.472214904977217,0.0577365798832789,FALSE,334105,0.640888230591926,"2026-07-03"
"Brown Treecreeper","Climacteris picumnus","u555c;u555b","Climacteris picumnus victoriae;Climacteris picumnus picumnus",TRUE,TRUE,"multiple_nsw_subspecies","Sedentary","local dispersal","Invertivore","Carnivore","Insessorial","ground",6,"LC","not listed","VU","new_england",3775,104,TRUE,0.0727545494723046,0.0755369690383905,223,"11 Aug",0,FALSE,NA,NA,NA,NA,FALSE,0.0723802470056101,0.107061608885728,FALSE,334105,0.640888230591926,"2026-07-03"
"Brown Treecreeper","Climacteris picumnus","u555c;u555b","Climacteris picumnus victoriae;Climacteris picumnus picumnus",TRUE,TRUE,"multiple_nsw_subspecies","Sedentary","local dispersal","Invertivore","Carnivore","Insessorial","ground",6,"LC","not listed","VU","south_west",1549,295,TRUE,0.0724527015384648,0.0752114901549206,212,"31 Jul",0,FALSE,NA,NA,NA,NA,FALSE,0.626216782449274,0.07601507743622,FALSE,334105,0.640888230591926,"2026-07-03"
"Far Eastern Curlew","Numenius madagascariensis","u149","Numenius madagascariensis",TRUE,FALSE,NA,"Migratory","total migrant","Aquatic predator","Carnivore","Terrestrial","ground",3,"EN","not listed","not listed","statewide",324785,4078,TRUE,0.928712544563111,2.64103490761784,288,"15 Oct",1,TRUE,237,64,"25 Aug","05 Mar",TRUE,0.00503236131906177,0.312326955564913,FALSE,334076,0.867199597603937,"2026-07-03"
"Far Eastern Curlew","Numenius madagascariensis","u149","Numenius madagascariensis",TRUE,FALSE,NA,"Migratory","total migrant","Aquatic predator","Carnivore","Terrestrial","ground",3,"EN","not listed","not listed","central_west",3963,0,FALSE,NA,NA,NA,NA,NA,NA,NA,NA,NA,NA,FALSE,0,0,TRUE,334076,0.867199597603937,"2026-07-03"
"Far Eastern Curlew","Numenius madagascariensis","u149","Numenius madagascariensis",TRUE,FALSE,NA,"Migratory","total migrant","Aquatic predator","Carnivore","Terrestrial","ground",3,"EN","not listed","not listed","new_england",3780,0,FALSE,NA,NA,NA,NA,NA,NA,NA,NA,NA,NA,FALSE,0,0,TRUE,334076,0.867199597603937,"2026-07-03"
"Far Eastern Curlew","Numenius madagascariensis","u149","Numenius madagascariensis",TRUE,FALSE,NA,"Migratory","total migrant","Aquatic predator","Carnivore","Terrestrial","ground",3,"EN","not listed","not listed","south_west",1548,0,FALSE,NA,NA,NA,NA,NA,NA,NA,NA,NA,NA,FALSE,0,0,TRUE,334076,0.867199597603937,"2026-07-03"
"Apostlebird","Struthidea cinerea","u675a","Struthidea cinerea cinerea",TRUE,FALSE,NA,"Sedentary","local dispersal","Omnivore","Omnivore","Terrestrial","ground",2,"LC","not listed","not listed","statewide",324800,7953,TRUE,0.121347679265081,0.12936599909408,130,"10 May",0,FALSE,NA,NA,NA,NA,FALSE,2.93056533119058,0.157071124094848,FALSE,334105,0.681528711326379,"2026-07-03"
"Apostlebird","Struthidea cinerea","u675a","Struthidea cinerea cinerea",TRUE,FALSE,NA,"Sedentary","local dispersal","Omnivore","Omnivore","Terrestrial","ground",2,"LC","not listed","not listed","central_west",3971,577,TRUE,0.12191052511919,0.130006782930125,137,"17 May",0,FALSE,NA,NA,NA,NA,FALSE,2.8049954244074,0.132092678452653,FALSE,334105,0.681528711326379,"2026-07-03"
"Apostlebird","Struthidea cinerea","u675a","Struthidea cinerea cinerea",TRUE,FALSE,NA,"Sedentary","local dispersal","Omnivore","Omnivore","Terrestrial","ground",2,"LC","not listed","not listed","new_england",3783,115,TRUE,0.123282567700015,0.131570536588492,132,"12 May",0,FALSE,NA,NA,NA,NA,FALSE,0.0431530355911397,0.296672927403483,FALSE,334105,0.681528711326379,"2026-07-03"
"Apostlebird","Struthidea cinerea","u675a","Struthidea cinerea cinerea",TRUE,FALSE,NA,"Sedentary","local dispersal","Omnivore","Omnivore","Terrestrial","ground",2,"LC","not listed","not listed","south_west",1551,32,TRUE,0.536696827606344,0.769373639197577,227,"15 Aug",0.639,FALSE,NA,NA,NA,NA,FALSE,0.647835940952807,0.142907068002221,FALSE,334105,0.681528711326379,"2026-07-03"
"Topknot Pigeon","Lopholaimus antarcticus","u27","Lopholaimus antarcticus",TRUE,FALSE,NA,"Sedentary","local dispersal;partial migrant","Frugivore","Herbivore","Insessorial","canopy",3,"LC","not listed","not listed","statewide",324792,4912,TRUE,0.494274600249583,0.681761445243515,135,"15 May",0.451,FALSE,NA,NA,NA,NA,FALSE,0.0637556866748557,0.179017644688053,FALSE,334097,0.507337533658492,"2026-07-03"
"Topknot Pigeon","Lopholaimus antarcticus","u27","Lopholaimus antarcticus",TRUE,FALSE,NA,"Sedentary","local dispersal;partial migrant","Frugivore","Herbivore","Insessorial","canopy",3,"LC","not listed","not listed","central_west",3969,0,FALSE,NA,NA,NA,NA,NA,NA,NA,NA,NA,NA,FALSE,0,0,TRUE,334097,0.507337533658492,"2026-07-03"
"Topknot Pigeon","Lopholaimus antarcticus","u27","Lopholaimus antarcticus",TRUE,FALSE,NA,"Sedentary","local dispersal;partial migrant","Frugivore","Herbivore","Insessorial","canopy",3,"LC","not listed","not listed","new_england",3781,2,FALSE,NA,NA,NA,NA,NA,NA,NA,NA,NA,NA,FALSE,0.0111634448676688,0.22271956101225,FALSE,334097,0.507337533658492,"2026-07-03"
"Topknot Pigeon","Lopholaimus antarcticus","u27","Lopholaimus antarcticus",TRUE,FALSE,NA,"Sedentary","local dispersal;partial migrant","Frugivore","Herbivore","Insessorial","canopy",3,"LC","not listed","not listed","south_west",1555,0,FALSE,NA,NA,NA,NA,NA,NA,NA,NA,NA,NA,FALSE,0,0,TRUE,334097,0.507337533658492,"2026-07-03"
"Plumed Egret","Ardea plumifera","u186","Ardea plumifera",TRUE,FALSE,NA,"Partial migrant",NA,"Aquatic predator","Carnivore","Terrestrial",NA,4,"LC",NA,NA,"statewide",324802,10410,TRUE,0.476425437797023,0.647075828626604,59,"28 Feb",0.112,FALSE,NA,NA,NA,NA,FALSE,0.0927188946911305,0.120144679707159,FALSE,334103,0.512994904469381,"2026-07-03"
"Plumed Egret","Ardea plumifera","u186","Ardea plumifera",TRUE,FALSE,NA,"Partial migrant",NA,"Aquatic predator","Carnivore","Terrestrial",NA,4,"LC",NA,NA,"central_west",3973,24,TRUE,0.47687173471644,0.647928595877715,60,"01 Mar",0.102,FALSE,NA,NA,NA,NA,FALSE,0.0178282766099554,0.0992666021752661,FALSE,334103,0.512994904469381,"2026-07-03"
"Plumed Egret","Ardea plumifera","u186","Ardea plumifera",TRUE,FALSE,NA,"Partial migrant",NA,"Aquatic predator","Carnivore","Terrestrial",NA,4,"LC",NA,NA,"new_england",3781,94,TRUE,0.54454970567297,0.786468691558065,33,"02 Feb",0.668,FALSE,NA,NA,NA,NA,FALSE,0.0553835840955592,0.129920434091683,FALSE,334103,0.512994904469381,"2026-07-03"
"Plumed Egret","Ardea plumifera","u186","Ardea plumifera",TRUE,FALSE,NA,"Partial migrant",NA,"Aquatic predator","Carnivore","Terrestrial",NA,4,"LC",NA,NA,"south_west",1547,17,FALSE,NA,NA,NA,NA,NA,NA,NA,NA,NA,NA,FALSE,0.0421275584568994,0.10140933106567,FALSE,334103,0.512994904469381,"2026-07-03"
"Little Friarbird","Philemon citreogularis","u646a","Philemon citreogularis citreogularis",TRUE,FALSE,NA,"Partial migrant","local dispersal;partial migrant","Omnivore","Herbivore","Insessorial","canopy",5,"LC","not listed","not listed","statewide",324806,13863,TRUE,0.551430233466484,0.801691054322076,287,"14 Oct",0.998,TRUE,238,365,"26 Aug","31 Dec",FALSE,0.365842103246906,0.0996869947890296,FALSE,334105,0.452519463013809,"2026-07-03"
"Little Friarbird","Philemon citreogularis","u646a","Philemon citreogularis citreogularis",TRUE,FALSE,NA,"Partial migrant","local dispersal;partial migrant","Omnivore","Herbivore","Insessorial","canopy",5,"LC","not listed","not listed","central_west",3969,421,TRUE,0.742652376826187,1.35732748869904,295,"22 Oct",1,TRUE,241,61,"29 Aug","02 Mar",TRUE,0.285688858169578,0.0702733523662187,FALSE,334105,0.452519463013809,"2026-07-03"
"Little Friarbird","Philemon citreogularis","u646a","Philemon citreogularis citreogularis",TRUE,FALSE,NA,"Partial migrant","local dispersal;partial migrant","Omnivore","Herbivore","Insessorial","canopy",5,"LC","not listed","not listed","new_england",3776,25,TRUE,0.550519048236009,0.799661802466722,289,"16 Oct",0.995,TRUE,237,364,"25 Aug","30 Dec",FALSE,0.0108430143920666,0.202202977220607,FALSE,334105,0.452519463013809,"2026-07-03"
"Little Friarbird","Philemon citreogularis","u646a","Philemon citreogularis citreogularis",TRUE,FALSE,NA,"Partial migrant","local dispersal;partial migrant","Omnivore","Herbivore","Insessorial","canopy",5,"LC","not listed","not listed","south_west",1554,128,TRUE,0.552881059484428,0.804930633598623,287,"14 Oct",0.993,TRUE,238,364,"26 Aug","30 Dec",FALSE,0.0727437255929705,0.0937974184651211,FALSE,334105,0.452519463013809,"2026-07-03"
"Australasian Shoveler","Spatula rhynchotis","u212","Spatula rhynchotis",TRUE,FALSE,NA,"Sedentary","nomadic","Aquatic predator","Carnivore","Aquatic","below-water",2,"LC","not listed","not listed","statewide",324789,5955,TRUE,0.785793533486205,1.54081493228414,181,"30 Jun",1,TRUE,40,234,"09 Feb","22 Aug",FALSE,0.325406220605982,0.141172915494217,FALSE,334095,0.514659702061096,"2026-07-03"
"Australasian Shoveler","Spatula rhynchotis","u212","Spatula rhynchotis",TRUE,FALSE,NA,"Sedentary","nomadic","Aquatic predator","Carnivore","Aquatic","below-water",2,"LC","not listed","not listed","central_west",3973,147,TRUE,0.786782783175694,1.54544383561551,184,"03 Jul",1,TRUE,40,234,"09 Feb","22 Aug",FALSE,0.147213194487972,0.116102467287876,FALSE,334095,0.514659702061096,"2026-07-03"
"Australasian Shoveler","Spatula rhynchotis","u212","Spatula rhynchotis",TRUE,FALSE,NA,"Sedentary","nomadic","Aquatic predator","Carnivore","Aquatic","below-water",2,"LC","not listed","not listed","new_england",3781,404,TRUE,0.786330072230995,1.5433228482766,183,"02 Jul",1,TRUE,40,234,"09 Feb","22 Aug",FALSE,0.880789825041571,0.15603097949935,FALSE,334095,0.514659702061096,"2026-07-03"
"Australasian Shoveler","Spatula rhynchotis","u212","Spatula rhynchotis",TRUE,FALSE,NA,"Sedentary","nomadic","Aquatic predator","Carnivore","Aquatic","below-water",2,"LC","not listed","not listed","south_west",1552,29,TRUE,0.785386063225516,1.5389145078631,185,"04 Jul",1,TRUE,40,235,"09 Feb","23 Aug",FALSE,1.45433938275375,0.162176979580363,FALSE,334095,0.514659702061096,"2026-07-03"
"Tawny Grassbird","Cincloramphus timoriensis","u523","Cincloramphus timoriensis alisteri",TRUE,FALSE,NA,"Sedentary","local dispersal","Invertivore","Carnivore","Generalist","ground",3,"LC","not listed","not listed","statewide",324799,9783,TRUE,0.577955142766006,0.862643673832206,6,"06 Jan",1,TRUE,262,75,"19 Sep","16 Mar",TRUE,0.0209371045356549,0.132904232206703,FALSE,334105,0.681901913552791,"2026-07-03"
"Tawny Grassbird","Cincloramphus timoriensis","u523","Cincloramphus timoriensis alisteri",TRUE,FALSE,NA,"Sedentary","local dispersal","Invertivore","Carnivore","Generalist","ground",3,"LC","not listed","not listed","central_west",3970,4,FALSE,NA,NA,NA,NA,NA,NA,NA,NA,NA,NA,FALSE,0.0126758887100588,0.117658954184959,FALSE,334105,0.681901913552791,"2026-07-03"
"Tawny Grassbird","Cincloramphus timoriensis","u523","Cincloramphus timoriensis alisteri",TRUE,FALSE,NA,"Sedentary","local dispersal","Invertivore","Carnivore","Generalist","ground",3,"LC","not listed","not listed","new_england",3778,124,TRUE,0.576686770601873,0.859642878936001,9,"09 Jan",1,TRUE,262,75,"19 Sep","16 Mar",TRUE,0.0751300757087851,0.138551125179411,FALSE,334105,0.681901913552791,"2026-07-03"
"Tawny Grassbird","Cincloramphus timoriensis","u523","Cincloramphus timoriensis alisteri",TRUE,FALSE,NA,"Sedentary","local dispersal","Invertivore","Carnivore","Generalist","ground",3,"LC","not listed","not listed","south_west",1558,0,FALSE,NA,NA,NA,NA,NA,NA,NA,NA,NA,NA,FALSE,0,0,TRUE,334105,0.681901913552791,"2026-07-03"
"Buff-rumped Thornbill","Acanthiza reguloides","u484a;u484b;u484c","Acanthiza reguloides australis;Acanthiza reguloides nesa;Acanthiza reguloides reguloides",TRUE,TRUE,"multiple_nsw_subspecies","Sedentary","local dispersal","Invertivore","Carnivore","Insessorial","ground",3,"LC","not listed","not listed","statewide",324806,12754,TRUE,0.39095386740392,0.495861262751938,146,"26 May",0,FALSE,NA,NA,NA,NA,FALSE,0.152303775968105,0.097046311633169,FALSE,334105,0.580197965039479,"2026-07-03"
"Buff-rumped Thornbill","Acanthiza reguloides","u484a;u484b;u484c","Acanthiza reguloides australis;Acanthiza reguloides nesa;Acanthiza reguloides reguloides",TRUE,TRUE,"multiple_nsw_subspecies","Sedentary","local dispersal","Invertivore","Carnivore","Insessorial","ground",3,"LC","not listed","not listed","central_west",3969,332,TRUE,0.390029405506181,0.494344528724553,144,"24 May",0,FALSE,NA,NA,NA,NA,FALSE,0.355891840846011,0.0820426737532366,FALSE,334105,0.580197965039479,"2026-07-03"
"Buff-rumped Thornbill","Acanthiza reguloides","u484a;u484b;u484c","Acanthiza reguloides australis;Acanthiza reguloides nesa;Acanthiza reguloides reguloides",TRUE,TRUE,"multiple_nsw_subspecies","Sedentary","local dispersal","Invertivore","Carnivore","Insessorial","ground",3,"LC","not listed","not listed","new_england",3781,379,TRUE,0.39192027481515,0.497449278663591,147,"27 May",0,FALSE,NA,NA,NA,NA,FALSE,0.68001557084297,0.0818830305180909,FALSE,334105,0.580197965039479,"2026-07-03"
"Buff-rumped Thornbill","Acanthiza reguloides","u484a;u484b;u484c","Acanthiza reguloides australis;Acanthiza reguloides nesa;Acanthiza reguloides reguloides",TRUE,TRUE,"multiple_nsw_subspecies","Sedentary","local dispersal","Invertivore","Carnivore","Insessorial","ground",3,"LC","not listed","not listed","south_west",1549,9,FALSE,NA,NA,NA,NA,NA,NA,NA,NA,NA,NA,FALSE,1.15363924957103e-05,0.184514051303267,FALSE,334105,0.580197965039479,"2026-07-03"
"Rufous Songlark","Cincloramphus mathewsi","u509","Cincloramphus mathewsi",TRUE,FALSE,NA,"Migratory","local dispersal;partial migrant","Invertivore","Carnivore","Terrestrial","ground",2,"LC","not listed","not listed","statewide",324816,7165,TRUE,0.981491587307446,3.98952991012275,301,"28 Oct",1,TRUE,247,15,"04 Sep","15 Jan",TRUE,1.14000982845589,0.0874454691669113,FALSE,334105,0.574436965475493,"2026-07-03"
"Rufous Songlark","Cincloramphus mathewsi","u509","Cincloramphus mathewsi",TRUE,FALSE,NA,"Migratory","local dispersal;partial migrant","Invertivore","Carnivore","Terrestrial","ground",2,"LC","not listed","not listed","central_west",3967,290,TRUE,0.983037114784569,4.07672754425256,300,"27 Oct",1,TRUE,249,16,"06 Sep","16 Jan",TRUE,1.15057053804223,0.0674452691151027,FALSE,334105,0.574436965475493,"2026-07-03"
"Rufous Songlark","Cincloramphus mathewsi","u509","Cincloramphus mathewsi",TRUE,FALSE,NA,"Migratory","local dispersal;partial migrant","Invertivore","Carnivore","Terrestrial","ground",2,"LC","not listed","not listed","new_england",3778,241,TRUE,0.982059390920243,4.02068847199375,323,"19 Nov",1,TRUE,265,34,"22 Sep","03 Feb",TRUE,0.368412971731316,0.114244346392699,FALSE,334105,0.574436965475493,"2026-07-03"
"Rufous Songlark","Cincloramphus mathewsi","u509","Cincloramphus mathewsi",TRUE,FALSE,NA,"Migratory","local dispersal;partial migrant","Invertivore","Carnivore","Terrestrial","ground",2,"LC","not listed","not listed","south_west",1544,47,TRUE,0.988674367101267,4.48068672407667,286,"13 Oct",1,TRUE,231,354,"19 Aug","20 Dec",FALSE,0.52921304352033,0.0878399313770578,FALSE,334105,0.574436965475493,"2026-07-03"
"Brown Quail","Synoicus ypsilophorus","u11a","Synoicus ypsilophorus australis",TRUE,FALSE,NA,"Sedentary","local dispersal;nomadic;irruptive","Granivore","Herbivore","Terrestrial","ground",5,"LC","not listed","not listed","statewide",324804,7559,TRUE,0.461731873178001,0.619398465976355,108,"18 Apr",0.054,FALSE,NA,NA,NA,NA,FALSE,0.197751184537235,0.125815421225357,FALSE,334105,0.32166702572552,"2026-07-03"
"Brown Quail","Synoicus ypsilophorus","u11a","Synoicus ypsilophorus australis",TRUE,FALSE,NA,"Sedentary","local dispersal;nomadic;irruptive","Granivore","Herbivore","Terrestrial","ground",5,"LC","not listed","not listed","central_west",3970,40,TRUE,0.460749685272691,0.617575410074081,105,"15 Apr",0.036,FALSE,NA,NA,NA,NA,FALSE,0.244320646706673,0.10680842058443,FALSE,334105,0.32166702572552,"2026-07-03"
"Brown Quail","Synoicus ypsilophorus","u11a","Synoicus ypsilophorus australis",TRUE,FALSE,NA,"Sedentary","local dispersal;nomadic;irruptive","Granivore","Herbivore","Terrestrial","ground",5,"LC","not listed","not listed","new_england",3782,112,TRUE,0.463212387729065,0.622152770582494,106,"16 Apr",0.05,FALSE,NA,NA,NA,NA,FALSE,0.109053657666571,0.145583340317877,FALSE,334105,0.32166702572552,"2026-07-03"
"Brown Quail","Synoicus ypsilophorus","u11a","Synoicus ypsilophorus australis",TRUE,FALSE,NA,"Sedentary","local dispersal;nomadic;irruptive","Granivore","Herbivore","Terrestrial","ground",5,"LC","not listed","not listed","south_west",1549,13,FALSE,NA,NA,NA,NA,NA,NA,NA,NA,NA,NA,FALSE,0.0795539425733099,0.136985295970708,FALSE,334105,0.32166702572552,"2026-07-03"
"Brown-headed Honeyeater","Melithreptus brevirostris","u583a;u583d","Melithreptus brevirostris brevirostris;Melithreptus brevirostris pallidiceps",TRUE,TRUE,"multiple_nsw_subspecies","Sedentary","local dispersal;partial migrant;nomadic","Omnivore","Omnivore","Insessorial","canopy",5,"LC","not listed","not listed","statewide",324800,11528,TRUE,0.463504065806733,0.622696295331028,168,"17 Jun",0.034,FALSE,NA,NA,NA,NA,FALSE,0.204466371966696,0.105655276356937,FALSE,334105,0.518353846899671,"2026-07-03"
"Brown-headed Honeyeater","Melithreptus brevirostris","u583a;u583d","Melithreptus brevirostris brevirostris;Melithreptus brevirostris pallidiceps",TRUE,TRUE,"multiple_nsw_subspecies","Sedentary","local dispersal;partial migrant;nomadic","Omnivore","Omnivore","Insessorial","canopy",5,"LC","not listed","not listed","central_west",3970,304,TRUE,0.462081393203851,0.620048018748603,168,"17 Jun",0.022,FALSE,NA,NA,NA,NA,FALSE,0.288645402976318,0.0796192090467884,FALSE,334105,0.518353846899671,"2026-07-03"
"Brown-headed Honeyeater","Melithreptus brevirostris","u583a;u583d","Melithreptus brevirostris brevirostris;Melithreptus brevirostris pallidiceps",TRUE,TRUE,"multiple_nsw_subspecies","Sedentary","local dispersal;partial migrant;nomadic","Omnivore","Omnivore","Insessorial","canopy",5,"LC","not listed","not listed","new_england",3782,206,TRUE,0.462149116712308,0.62017392584891,167,"16 Jun",0.025,FALSE,NA,NA,NA,NA,FALSE,0.219072249494273,0.0900347878755519,FALSE,334105,0.518353846899671,"2026-07-03"
"Brown-headed Honeyeater","Melithreptus brevirostris","u583a;u583d","Melithreptus brevirostris brevirostris;Melithreptus brevirostris pallidiceps",TRUE,TRUE,"multiple_nsw_subspecies","Sedentary","local dispersal;partial migrant;nomadic","Omnivore","Omnivore","Insessorial","canopy",5,"LC","not listed","not listed","south_west",1553,40,TRUE,0.462784398926438,0.621355773292423,168,"17 Jun",0.03,FALSE,NA,NA,NA,NA,FALSE,0.417288994471599,0.126257930231688,FALSE,334105,0.518353846899671,"2026-07-03"
"Pink-eared Duck","Malacorhynchus membranaceus","u213","Malacorhynchus membranaceus",TRUE,FALSE,NA,"Partial migrant","nomadic;irruptive","Omnivore","Omnivore","Aquatic","around-water",2,"LC","not listed","not listed","statewide",324640,5706,TRUE,0.549755547908707,0.797964616842534,155,"04 Jun",0.937,FALSE,NA,NA,NA,NA,FALSE,1.65434562799448,0.184630847086839,FALSE,333944,0.450741445798405,"2026-07-03"
"Pink-eared Duck","Malacorhynchus membranaceus","u213","Malacorhynchus membranaceus",TRUE,FALSE,NA,"Partial migrant","nomadic;irruptive","Omnivore","Omnivore","Aquatic","around-water",2,"LC","not listed","not listed","central_west",3965,83,TRUE,0.548448758357578,0.795066420555034,156,"05 Jun",0.938,FALSE,NA,NA,NA,NA,FALSE,0.270708189615044,0.145678378357967,FALSE,333944,0.450741445798405,"2026-07-03"
"Pink-eared Duck","Malacorhynchus membranaceus","u213","Malacorhynchus membranaceus",TRUE,FALSE,NA,"Partial migrant","nomadic;irruptive","Omnivore","Omnivore","Aquatic","around-water",2,"LC","not listed","not listed","new_england",3780,155,TRUE,0.547889029093411,0.793827618427479,156,"05 Jun",0.919,FALSE,NA,NA,NA,NA,FALSE,0.510753817795692,0.173838824867279,FALSE,333944,0.450741445798405,"2026-07-03"
"Pink-eared Duck","Malacorhynchus membranaceus","u213","Malacorhynchus membranaceus",TRUE,FALSE,NA,"Partial migrant","nomadic;irruptive","Omnivore","Omnivore","Aquatic","around-water",2,"LC","not listed","not listed","south_west",1559,42,TRUE,0.548336570779275,0.794818002139127,157,"06 Jun",0.941,FALSE,NA,NA,NA,NA,FALSE,3.72357397621759,0.202810438691182,FALSE,333944,0.450741445798405,"2026-07-03"
"Yellow-throated Scrubwren","Neosericornis citreogularis","u493b;u493c","Sericornis citreogularis citreogularis;Sericornis citreogularis intermedius",TRUE,TRUE,"multiple_nsw_subspecies","Sedentary","local dispersal","Invertivore","Carnivore","Terrestrial","ground",1,"LC","not listed","not listed","statewide",324812,4889,TRUE,0.32214095610909,0.388815912521829,357,"23 Dec",0,FALSE,NA,NA,NA,NA,FALSE,0.0465387540196398,0.188242763180232,FALSE,334105,0.739086368745624,"2026-07-03"
"Yellow-throated Scrubwren","Neosericornis citreogularis","u493b;u493c","Sericornis citreogularis citreogularis;Sericornis citreogularis intermedius",TRUE,TRUE,"multiple_nsw_subspecies","Sedentary","local dispersal","Invertivore","Carnivore","Terrestrial","ground",1,"LC","not listed","not listed","central_west",3963,0,FALSE,NA,NA,NA,NA,NA,NA,NA,NA,NA,NA,FALSE,0,0,TRUE,334105,0.739086368745624,"2026-07-03"
"Yellow-throated Scrubwren","Neosericornis citreogularis","u493b;u493c","Sericornis citreogularis citreogularis;Sericornis citreogularis intermedius",TRUE,TRUE,"multiple_nsw_subspecies","Sedentary","local dispersal","Invertivore","Carnivore","Terrestrial","ground",1,"LC","not listed","not listed","new_england",3778,2,FALSE,NA,NA,NA,NA,NA,NA,NA,NA,NA,NA,FALSE,0.0331777418248891,0.27085813056545,FALSE,334105,0.739086368745624,"2026-07-03"
"Yellow-throated Scrubwren","Neosericornis citreogularis","u493b;u493c","Sericornis citreogularis citreogularis;Sericornis citreogularis intermedius",TRUE,TRUE,"multiple_nsw_subspecies","Sedentary","local dispersal","Invertivore","Carnivore","Terrestrial","ground",1,"LC","not listed","not listed","south_west",1552,0,FALSE,NA,NA,NA,NA,NA,NA,NA,NA,NA,NA,FALSE,0,0,TRUE,334105,0.739086368745624,"2026-07-03"
"Azure Kingfisher","Ceyx azureus","u319a","Ceyx azureus azureus",TRUE,FALSE,NA,"Sedentary","local dispersal;partial migrant","Aquatic predator","Carnivore","Insessorial","below-water",5,"LC","EN","not listed","statewide",324808,5203,TRUE,0.215533125632299,0.242750932853264,64,"05 Mar",0,FALSE,NA,NA,NA,NA,FALSE,0.00398151550430219,0.0961760965566494,FALSE,334105,0.24177322424817,"2026-07-03"
"Azure Kingfisher","Ceyx azureus","u319a","Ceyx azureus azureus",TRUE,FALSE,NA,"Sedentary","local dispersal;partial migrant","Aquatic predator","Carnivore","Insessorial","below-water",5,"LC","EN","not listed","central_west",3969,88,TRUE,0.213585743692837,0.240271581743864,66,"07 Mar",0,FALSE,NA,NA,NA,NA,FALSE,0.00117590766859197,0.0885187170826472,FALSE,334105,0.24177322424817,"2026-07-03"
"Azure Kingfisher","Ceyx azureus","u319a","Ceyx azureus azureus",TRUE,FALSE,NA,"Sedentary","local dispersal;partial migrant","Aquatic predator","Carnivore","Insessorial","below-water",5,"LC","EN","not listed","new_england",3777,44,TRUE,0.21612811188602,0.243509680002157,79,"20 Mar",0,FALSE,NA,NA,NA,NA,FALSE,0.00114045131151057,0.184979073532502,FALSE,334105,0.24177322424817,"2026-07-03"
"Azure Kingfisher","Ceyx azureus","u319a","Ceyx azureus azureus",TRUE,FALSE,NA,"Sedentary","local dispersal;partial migrant","Aquatic predator","Carnivore","Insessorial","below-water",5,"LC","EN","not listed","south_west",1551,8,FALSE,NA,NA,NA,NA,NA,NA,NA,NA,NA,NA,FALSE,0.000818116726261071,0.151330671718587,FALSE,334105,0.24177322424817,"2026-07-03"
"Little Heron","Butorides atricapilla",NA,NA,FALSE,FALSE,NA,"Sedentary",NA,"Aquatic predator","Carnivore","Terrestrial",NA,NA,NA,NA,NA,"statewide",324809,4109,TRUE,0.229829153848888,0.26114291062739,33,"02 Feb",0,FALSE,NA,NA,NA,NA,FALSE,0.000481446951123461,0.876937019101003,FALSE,334105,0.43438389932987,"2026-07-03"
"Little Heron","Butorides atricapilla",NA,NA,FALSE,FALSE,NA,"Sedentary",NA,"Aquatic predator","Carnivore","Terrestrial",NA,NA,NA,NA,NA,"central_west",3968,0,FALSE,NA,NA,NA,NA,NA,NA,NA,NA,NA,NA,FALSE,2.55801189466222e-07,1.07281150999,FALSE,334105,0.43438389932987,"2026-07-03"
"Little Heron","Butorides atricapilla",NA,NA,FALSE,FALSE,NA,"Sedentary",NA,"Aquatic predator","Carnivore","Terrestrial",NA,NA,NA,NA,NA,"new_england",3778,0,FALSE,NA,NA,NA,NA,NA,NA,NA,NA,NA,NA,FALSE,1.30221788751568e-07,3.96056655464147,FALSE,334105,0.43438389932987,"2026-07-03"
"Little Heron","Butorides atricapilla",NA,NA,FALSE,FALSE,NA,"Sedentary",NA,"Aquatic predator","Carnivore","Terrestrial",NA,NA,NA,NA,NA,"south_west",1550,0,FALSE,NA,NA,NA,NA,NA,NA,NA,NA,NA,NA,FALSE,2.530389082732e-05,0.449469064840244,FALSE,334105,0.43438389932987,"2026-07-03"
"Yellow-throated Miner","Manorina flavigula","u635a;u635e","Manorina flavigula flavigula;Manorina flavigula wayensis",TRUE,TRUE,"multiple_nsw_subspecies","Sedentary","local dispersal","Invertivore","Carnivore","Insessorial","mid-high",7,"LC","not listed","not listed","statewide",324804,6923,TRUE,0.362202328814576,0.449734175737048,159,"08 Jun",0,FALSE,NA,NA,NA,NA,FALSE,1.67856248473239,0.107807985478723,FALSE,334105,0.782251370752219,"2026-07-03"
"Yellow-throated Miner","Manorina flavigula","u635a;u635e","Manorina flavigula flavigula;Manorina flavigula wayensis",TRUE,TRUE,"multiple_nsw_subspecies","Sedentary","local dispersal","Invertivore","Carnivore","Insessorial","mid-high",7,"LC","not listed","not listed","central_west",3970,226,TRUE,0.361407972446545,0.448489483036424,161,"10 Jun",0,FALSE,NA,NA,NA,NA,FALSE,0.321565274813435,0.140786347081038,FALSE,334105,0.782251370752219,"2026-07-03"
"Yellow-throated Miner","Manorina flavigula","u635a;u635e","Manorina flavigula flavigula;Manorina flavigula wayensis",TRUE,TRUE,"multiple_nsw_subspecies","Sedentary","local dispersal","Invertivore","Carnivore","Insessorial","mid-high",7,"LC","not listed","not listed","new_england",3780,5,FALSE,NA,NA,NA,NA,NA,NA,NA,NA,NA,NA,FALSE,0,0,TRUE,334105,0.782251370752219,"2026-07-03"
"Yellow-throated Miner","Manorina flavigula","u635a;u635e","Manorina flavigula flavigula;Manorina flavigula wayensis",TRUE,TRUE,"multiple_nsw_subspecies","Sedentary","local dispersal","Invertivore","Carnivore","Insessorial","mid-high",7,"LC","not listed","not listed","south_west",1551,141,TRUE,0.361309974174955,0.448336034905648,160,"09 Jun",0,FALSE,NA,NA,NA,NA,FALSE,1.07377671706548,0.0960111839084502,FALSE,334105,0.782251370752219,"2026-07-03"
"European Goldfinch","Carduelis carduelis",NA,NA,FALSE,FALSE,NA,"Sedentary","local dispersal;partial migrant;nomadic","Granivore","Herbivore","Insessorial","understory",9,"LC","not listed","not listed","statewide",324810,5437,TRUE,0.000271532304385813,0.000271569175956721,230,"18 Aug",0,FALSE,NA,NA,NA,NA,FALSE,0.049704914263477,0.123418659545475,FALSE,334105,0.561619065945916,"2026-07-03"
"European Goldfinch","Carduelis carduelis",NA,NA,FALSE,FALSE,NA,"Sedentary","local dispersal;partial migrant;nomadic","Granivore","Herbivore","Insessorial","understory",9,"LC","not listed","not listed","central_west",3970,21,TRUE,0.00312506388335299,0.00312995709254404,304,"31 Oct",0,FALSE,NA,NA,NA,NA,FALSE,0.00949061945124758,0.106190055987803,FALSE,334105,0.561619065945916,"2026-07-03"
"European Goldfinch","Carduelis carduelis",NA,NA,FALSE,FALSE,NA,"Sedentary","local dispersal;partial migrant;nomadic","Granivore","Herbivore","Insessorial","understory",9,"LC","not listed","not listed","new_england",3778,108,TRUE,0.00257425058972827,0.00257756967009759,174,"23 Jun",0,FALSE,NA,NA,NA,NA,FALSE,0.0947376344202174,0.147646953887294,FALSE,334105,0.561619065945916,"2026-07-03"
"European Goldfinch","Carduelis carduelis",NA,NA,FALSE,FALSE,NA,"Sedentary","local dispersal;partial migrant;nomadic","Granivore","Herbivore","Insessorial","understory",9,"LC","not listed","not listed","south_west",1547,0,FALSE,NA,NA,NA,NA,NA,NA,NA,NA,NA,NA,FALSE,0.0199718545085368,0.14980121015645,FALSE,334105,0.561619065945916,"2026-07-03"
"Black Kite","Milvus migrans","u229","Milvus migrans affinis",TRUE,FALSE,NA,"Migratory","local dispersal;partial migrant;irruptive","Omnivore","Omnivore","Aerial","ground",8,"LC","not listed","not listed","statewide",324804,7837,TRUE,0.211821476374388,0.238030661959094,214,"02 Aug",0,FALSE,NA,NA,NA,NA,FALSE,0.754216230997524,0.0915986393595999,FALSE,334099,0.533012861609842,"2026-07-03"
"Black Kite","Milvus migrans","u229","Milvus migrans affinis",TRUE,FALSE,NA,"Migratory","local dispersal;partial migrant;irruptive","Omnivore","Omnivore","Aerial","ground",8,"LC","not listed","not listed","central_west",3966,163,TRUE,0.214239145827386,0.24110278962626,213,"01 Aug",0,FALSE,NA,NA,NA,NA,FALSE,0.070693769197734,0.0866859448811502,FALSE,334099,0.533012861609842,"2026-07-03"
"Black Kite","Milvus migrans","u229","Milvus migrans affinis",TRUE,FALSE,NA,"Migratory","local dispersal;partial migrant;irruptive","Omnivore","Omnivore","Aerial","ground",8,"LC","not listed","not listed","new_england",3782,14,FALSE,NA,NA,NA,NA,NA,NA,NA,NA,NA,NA,FALSE,0.00214615932584586,0.241466167857602,FALSE,334099,0.533012861609842,"2026-07-03"
"Black Kite","Milvus migrans","u229","Milvus migrans affinis",TRUE,FALSE,NA,"Migratory","local dispersal;partial migrant;irruptive","Omnivore","Omnivore","Aerial","ground",8,"LC","not listed","not listed","south_west",1547,394,TRUE,0.211037895982753,0.237036989686151,213,"01 Aug",0,FALSE,NA,NA,NA,NA,FALSE,0.325719116001686,0.0762983052144044,FALSE,334099,0.533012861609842,"2026-07-03"
"Rose Robin","Petroica rosea","u384","Petroica rosea",TRUE,FALSE,NA,"Migratory","total migrant","Invertivore","Carnivore","Insessorial","mid-high",2,"LC","not listed","not listed","statewide",324816,6607,TRUE,0.931508171511937,2.6810408329749,136,"16 May",1,TRUE,98,249,"08 Apr","06 Sep",FALSE,0.0751790235603693,0.0893230491331167,FALSE,334105,0.499236750705434,"2026-07-03"
"Rose Robin","Petroica rosea","u384","Petroica rosea",TRUE,FALSE,NA,"Migratory","total migrant","Invertivore","Carnivore","Insessorial","mid-high",2,"LC","not listed","not listed","central_west",3967,16,FALSE,NA,NA,NA,NA,NA,NA,NA,NA,NA,NA,FALSE,0.0482829504817002,0.0876111536545717,FALSE,334105,0.499236750705434,"2026-07-03"
"Rose Robin","Petroica rosea","u384","Petroica rosea",TRUE,FALSE,NA,"Migratory","total migrant","Invertivore","Carnivore","Insessorial","mid-high",2,"LC","not listed","not listed","new_england",3778,21,TRUE,0.931640744123037,2.68297830615147,137,"17 May",1,TRUE,98,249,"08 Apr","06 Sep",FALSE,0.152290570884427,0.0976867144292966,FALSE,334105,0.499236750705434,"2026-07-03"
"Rose Robin","Petroica rosea","u384","Petroica rosea",TRUE,FALSE,NA,"Migratory","total migrant","Invertivore","Carnivore","Insessorial","mid-high",2,"LC","not listed","not listed","south_west",1544,0,FALSE,NA,NA,NA,NA,NA,NA,NA,NA,NA,NA,FALSE,0,0,TRUE,334105,0.499236750705434,"2026-07-03"
"Eastern Shrike-tit","Falcunculus frontatus","u416","Falcunculus frontatus",TRUE,FALSE,NA,"Sedentary","local dispersal","Invertivore","Carnivore","Insessorial","mid-high",3,"LC","VU","not listed","statewide",324799,6294,TRUE,0.11343083959086,0.120396141384963,151,"31 May",0,FALSE,NA,NA,NA,NA,FALSE,0.0261108709146609,0.100014506052083,FALSE,334105,0.362357756118003,"2026-07-03"
"Eastern Shrike-tit","Falcunculus frontatus","u416","Falcunculus frontatus",TRUE,FALSE,NA,"Sedentary","local dispersal","Invertivore","Carnivore","Insessorial","mid-high",3,"LC","VU","not listed","central_west",3967,131,TRUE,0.113839254721077,0.120856916753092,151,"31 May",0,FALSE,NA,NA,NA,NA,FALSE,0.0782514679305359,0.0855255997778754,FALSE,334105,0.362357756118003,"2026-07-03"
"Eastern Shrike-tit","Falcunculus frontatus","u416","Falcunculus frontatus",TRUE,FALSE,NA,"Sedentary","local dispersal","Invertivore","Carnivore","Insessorial","mid-high",3,"LC","VU","not listed","new_england",3777,99,TRUE,0.113289207622116,0.120236401273062,160,"09 Jun",0,FALSE,NA,NA,NA,NA,FALSE,0.0515464157837576,0.0891873264155747,FALSE,334105,0.362357756118003,"2026-07-03"
"Eastern Shrike-tit","Falcunculus frontatus","u416","Falcunculus frontatus",TRUE,FALSE,NA,"Sedentary","local dispersal","Invertivore","Carnivore","Insessorial","mid-high",3,"LC","VU","not listed","south_west",1562,11,FALSE,NA,NA,NA,NA,NA,NA,NA,NA,NA,NA,FALSE,1.36133544719568e-05,0.0931968837976456,FALSE,334105,0.362357756118003,"2026-07-03"
"Sahul Cicadabird","Edolisoma tenuirostre","u429b","Edolisoma tenuirostre tenuirostre",TRUE,FALSE,NA,"Sedentary",NA,"Invertivore","Carnivore","Insessorial",NA,5,"LC",NA,NA,"statewide",324807,6517,TRUE,0.995255465815131,5.35076202141905,332,"28 Nov",1,TRUE,288,69,"15 Oct","10 Mar",TRUE,0.0528813410165746,0.140102402562273,FALSE,334105,0.58346425050603,"2026-07-03"
"Sahul Cicadabird","Edolisoma tenuirostre","u429b","Edolisoma tenuirostre tenuirostre",TRUE,FALSE,NA,"Sedentary",NA,"Invertivore","Carnivore","Insessorial",NA,5,"LC",NA,NA,"central_west",3972,41,TRUE,0.995236490840935,5.34677066405983,333,"29 Nov",1,TRUE,288,68,"15 Oct","09 Mar",TRUE,0.0439842347934671,0.126994581262686,FALSE,334105,0.58346425050603,"2026-07-03"
"Sahul Cicadabird","Edolisoma tenuirostre","u429b","Edolisoma tenuirostre tenuirostre",TRUE,FALSE,NA,"Sedentary",NA,"Invertivore","Carnivore","Insessorial",NA,5,"LC",NA,NA,"new_england",3776,35,TRUE,0.99533611826738,5.36790718775537,332,"28 Nov",1,TRUE,288,68,"15 Oct","09 Mar",TRUE,0.0497259265963603,0.111652551861742,FALSE,334105,0.58346425050603,"2026-07-03"
"Sahul Cicadabird","Edolisoma tenuirostre","u429b","Edolisoma tenuirostre tenuirostre",TRUE,FALSE,NA,"Sedentary",NA,"Invertivore","Carnivore","Insessorial",NA,5,"LC",NA,NA,"south_west",1550,0,FALSE,NA,NA,NA,NA,NA,NA,NA,NA,NA,NA,FALSE,0,0,TRUE,334105,0.58346425050603,"2026-07-03"
"Buff-banded Rail","Gallirallus philippensis","u46c","Hypotaenidia philippensis mellori",TRUE,FALSE,NA,"Sedentary","local dispersal;nomadic","Omnivore","Omnivore","Terrestrial","ground",9,"LC","not listed","not listed","statewide",324805,4030,TRUE,0.507277268010836,0.707808672909426,330,"26 Nov",0.611,FALSE,NA,NA,NA,NA,FALSE,0.00429266668575671,0.160466287765483,FALSE,334105,0.327962092779122,"2026-07-03"
"Buff-banded Rail","Gallirallus philippensis","u46c","Hypotaenidia philippensis mellori",TRUE,FALSE,NA,"Sedentary","local dispersal;nomadic","Omnivore","Omnivore","Terrestrial","ground",9,"LC","not listed","not listed","central_west",3972,8,FALSE,NA,NA,NA,NA,NA,NA,NA,NA,NA,NA,FALSE,0.00231618612861656,0.142789074574211,FALSE,334105,0.327962092779122,"2026-07-03"
"Buff-banded Rail","Gallirallus philippensis","u46c","Hypotaenidia philippensis mellori",TRUE,FALSE,NA,"Sedentary","local dispersal;nomadic","Omnivore","Omnivore","Terrestrial","ground",9,"LC","not listed","not listed","new_england",3779,18,FALSE,NA,NA,NA,NA,NA,NA,NA,NA,NA,NA,FALSE,0,0,TRUE,334105,0.327962092779122,"2026-07-03"
"Buff-banded Rail","Gallirallus philippensis","u46c","Hypotaenidia philippensis mellori",TRUE,FALSE,NA,"Sedentary","local dispersal;nomadic","Omnivore","Omnivore","Terrestrial","ground",9,"LC","not listed","not listed","south_west",1549,1,FALSE,NA,NA,NA,NA,NA,NA,NA,NA,NA,NA,FALSE,0.00536028487674731,0.158936981336637,FALSE,334105,0.327962092779122,"2026-07-03"
"Yellow-billed Spoonbill","Platalea flavipes","u182","Platalea flavipes",TRUE,FALSE,NA,"Partial migrant","local dispersal;partial migrant","Aquatic predator","Carnivore","Terrestrial","around-water",2,"LC","not listed","not listed","statewide",324807,6698,TRUE,0.486789577859384,0.667069338300689,71,"12 Mar",0.303,FALSE,NA,NA,NA,NA,FALSE,0.251213081274713,0.104823367684542,FALSE,334105,0.519191113035371,"2026-07-03"
"Yellow-billed Spoonbill","Platalea flavipes","u182","Platalea flavipes",TRUE,FALSE,NA,"Partial migrant","local dispersal;partial migrant","Aquatic predator","Carnivore","Terrestrial","around-water",2,"LC","not listed","not listed","central_west",3971,141,TRUE,0.487308677759077,0.668081325943441,72,"13 Mar",0.306,FALSE,NA,NA,NA,NA,FALSE,0.166228116123233,0.0863844590782355,FALSE,334105,0.519191113035371,"2026-07-03"
"Yellow-billed Spoonbill","Platalea flavipes","u182","Platalea flavipes",TRUE,FALSE,NA,"Partial migrant","local dispersal;partial migrant","Aquatic predator","Carnivore","Terrestrial","around-water",2,"LC","not listed","not listed","new_england",3779,97,TRUE,0.489328466095609,0.672028686250763,73,"14 Mar",0.306,FALSE,NA,NA,NA,NA,FALSE,0.0435934313482142,0.124130596442443,FALSE,334105,0.519191113035371,"2026-07-03"
"Yellow-billed Spoonbill","Platalea flavipes","u182","Platalea flavipes",TRUE,FALSE,NA,"Partial migrant","local dispersal;partial migrant","Aquatic predator","Carnivore","Terrestrial","around-water",2,"LC","not listed","not listed","south_west",1548,100,TRUE,0.487854824031769,0.669147147321478,69,"10 Mar",0.31,FALSE,NA,NA,NA,NA,FALSE,0.511653813282762,0.10199077355116,FALSE,334105,0.519191113035371,"2026-07-03"
"Mallard","Anas platyrhynchos",NA,NA,FALSE,FALSE,NA,"Partial migrant","local dispersal","Herbivore aquatic","Herbivore","Aquatic","around-water",4,"LC","not listed","not listed","statewide",324817,3887,TRUE,0.317392409351152,0.381835122370879,208,"27 Jul",0,FALSE,NA,NA,NA,NA,FALSE,0.000339771349433329,0.132156363172191,FALSE,334105,0.44978339937297,"2026-07-03"
"Mallard","Anas platyrhynchos",NA,NA,FALSE,FALSE,NA,"Partial migrant","local dispersal","Herbivore aquatic","Herbivore","Aquatic","around-water",4,"LC","not listed","not listed","central_west",3962,10,FALSE,NA,NA,NA,NA,NA,NA,NA,NA,NA,NA,FALSE,0,0,TRUE,334105,0.44978339937297,"2026-07-03"
"Mallard","Anas platyrhynchos",NA,NA,FALSE,FALSE,NA,"Partial migrant","local dispersal","Herbivore aquatic","Herbivore","Aquatic","around-water",4,"LC","not listed","not listed","new_england",3780,19,FALSE,NA,NA,NA,NA,NA,NA,NA,NA,NA,NA,FALSE,0,0,TRUE,334105,0.44978339937297,"2026-07-03"
"Mallard","Anas platyrhynchos",NA,NA,FALSE,FALSE,NA,"Partial migrant","local dispersal","Herbivore aquatic","Herbivore","Aquatic","around-water",4,"LC","not listed","not listed","south_west",1546,8,FALSE,NA,NA,NA,NA,NA,NA,NA,NA,NA,NA,FALSE,0,0,TRUE,334105,0.44978339937297,"2026-07-03"
"Singing Honeyeater","Gavicalis virescens","u608b;u608c","Gavicalis virescens forresti;Gavicalis virescens sonorus",TRUE,TRUE,"multiple_nsw_subspecies","Sedentary","local dispersal;nomadic","Invertivore","Omnivore","Insessorial","understory",5,"LC","not listed","not listed","statewide",324810,8148,TRUE,0.209256695966783,0.234781884700436,149,"29 May",0,FALSE,NA,NA,NA,NA,FALSE,0.828532102349773,0.163464000155731,FALSE,334105,0.732614623398524,"2026-07-03"
"Singing Honeyeater","Gavicalis virescens","u608b;u608c","Gavicalis virescens forresti;Gavicalis virescens sonorus",TRUE,TRUE,"multiple_nsw_subspecies","Sedentary","local dispersal;nomadic","Invertivore","Omnivore","Insessorial","understory",5,"LC","not listed","not listed","central_west",3967,74,TRUE,0.207680761413078,0.232790889358346,152,"01 Jun",0,FALSE,NA,NA,NA,NA,FALSE,0.0674962066749999,0.0886503451030949,FALSE,334105,0.732614623398524,"2026-07-03"
"Singing Honeyeater","Gavicalis virescens","u608b;u608c","Gavicalis virescens forresti;Gavicalis virescens sonorus",TRUE,TRUE,"multiple_nsw_subspecies","Sedentary","local dispersal;nomadic","Invertivore","Omnivore","Insessorial","understory",5,"LC","not listed","not listed","new_england",3780,65,TRUE,0.210714879494359,0.236627653952326,148,"28 May",0,FALSE,NA,NA,NA,NA,FALSE,0.00239000755486573,0.44715722552848,FALSE,334105,0.732614623398524,"2026-07-03"
"Singing Honeyeater","Gavicalis virescens","u608b;u608c","Gavicalis virescens forresti;Gavicalis virescens sonorus",TRUE,TRUE,"multiple_nsw_subspecies","Sedentary","local dispersal;nomadic","Invertivore","Omnivore","Insessorial","understory",5,"LC","not listed","not listed","south_west",1548,218,TRUE,0.210185647206491,0.235957357600978,149,"29 May",0,FALSE,NA,NA,NA,NA,FALSE,1.28975710243146,0.0736365268098345,FALSE,334105,0.732614623398524,"2026-07-03"
"Little Lorikeet","Psitteuteles pusillus","u260","Glossopsitta pusilla",TRUE,FALSE,NA,"Sedentary","local dispersal;nomadic","Omnivore","Herbivore","Insessorial","mid-high",2,"LC","not listed","VU","statewide",324805,7587,TRUE,0.571739341093981,0.848023252639849,123,"03 May",1,TRUE,54,203,"23 Feb","22 Jul",FALSE,0.169770778967049,0.126393148498849,FALSE,334105,0.443470810556377,"2026-07-03"
"Little Lorikeet","Psitteuteles pusillus","u260","Glossopsitta pusilla",TRUE,FALSE,NA,"Sedentary","local dispersal;nomadic","Omnivore","Herbivore","Insessorial","mid-high",2,"LC","not listed","VU","central_west",3968,68,TRUE,0.571171423029721,0.846698027392338,125,"05 May",0.999,TRUE,54,203,"23 Feb","22 Jul",FALSE,0.659493498390828,0.115217507164381,FALSE,334105,0.443470810556377,"2026-07-03"
"Little Lorikeet","Psitteuteles pusillus","u260","Glossopsitta pusilla",TRUE,FALSE,NA,"Sedentary","local dispersal;nomadic","Omnivore","Herbivore","Insessorial","mid-high",2,"LC","not listed","VU","new_england",3778,83,TRUE,0.572984016845794,0.850933835179557,126,"06 May",0.998,TRUE,54,202,"23 Feb","21 Jul",FALSE,0.225803353006303,0.180572029045341,FALSE,334105,0.443470810556377,"2026-07-03"
"Little Lorikeet","Psitteuteles pusillus","u260","Glossopsitta pusilla",TRUE,FALSE,NA,"Sedentary","local dispersal;nomadic","Omnivore","Herbivore","Insessorial","mid-high",2,"LC","not listed","VU","south_west",1554,0,FALSE,NA,NA,NA,NA,NA,NA,NA,NA,NA,NA,FALSE,0,0,TRUE,334105,0.443470810556377,"2026-07-03"
"Brown Falcon","Falco berigora",NA,NA,FALSE,FALSE,NA,"Sedentary","local dispersal;partial migrant","Vertivore","Carnivore","Generalist","ground",5,"LC","not listed","not listed","statewide",324799,7561,TRUE,0.135017458444688,0.145045955426991,211,"30 Jul",0,FALSE,NA,NA,NA,NA,FALSE,0.143141259922306,0.0658470669494159,FALSE,334105,0.361869317151222,"2026-07-03"
"Brown Falcon","Falco berigora",NA,NA,FALSE,FALSE,NA,"Sedentary","local dispersal;partial migrant","Vertivore","Carnivore","Generalist","ground",5,"LC","not listed","not listed","central_west",3966,133,TRUE,0.135844605223205,0.146002671284329,218,"06 Aug",0,FALSE,NA,NA,NA,NA,FALSE,0.104077910571418,0.0557141191104857,FALSE,334105,0.361869317151222,"2026-07-03"
"Brown Falcon","Falco berigora",NA,NA,FALSE,FALSE,NA,"Sedentary","local dispersal;partial migrant","Vertivore","Carnivore","Generalist","ground",5,"LC","not listed","not listed","new_england",3779,140,TRUE,0.13567589134145,0.145807454757949,220,"08 Aug",0,FALSE,NA,NA,NA,NA,FALSE,0.041006702520114,0.0694200321828962,FALSE,334105,0.361869317151222,"2026-07-03"
"Brown Falcon","Falco berigora",NA,NA,FALSE,FALSE,NA,"Sedentary","local dispersal;partial migrant","Vertivore","Carnivore","Generalist","ground",5,"LC","not listed","not listed","south_west",1561,120,TRUE,0.134224162915038,0.144129252558475,220,"08 Aug",0,FALSE,NA,NA,NA,NA,FALSE,0.256304034050512,0.0657180993640901,FALSE,334105,0.361869317151222,"2026-07-03"
"Zebra Finch","Taeniopygia guttata","u653","Taeniopygia castanotis",TRUE,FALSE,NA,"Partial migrant","local dispersal;nomadic;irruptive","Granivore","Herbivore","Terrestrial","canopy",5,"LC","not listed","not listed","statewide",324801,4692,TRUE,0.417239169783439,0.539978416568761,108,"18 Apr",0.002,FALSE,NA,NA,NA,NA,FALSE,3.32715610103041,0.128626578797262,FALSE,334099,0.677272715592801,"2026-07-03"
"Zebra Finch","Taeniopygia guttata","u653","Taeniopygia castanotis",TRUE,FALSE,NA,"Partial migrant","local dispersal;nomadic;irruptive","Granivore","Herbivore","Terrestrial","canopy",5,"LC","not listed","not listed","central_west",3969,48,TRUE,0.418931977501728,0.542887450673077,112,"22 Apr",0.009,FALSE,NA,NA,NA,NA,FALSE,0.709040895708746,0.106571498733376,FALSE,334099,0.677272715592801,"2026-07-03"
"Zebra Finch","Taeniopygia guttata","u653","Taeniopygia castanotis",TRUE,FALSE,NA,"Partial migrant","local dispersal;nomadic;irruptive","Granivore","Herbivore","Terrestrial","canopy",5,"LC","not listed","not listed","new_england",3778,127,TRUE,0.418338145477946,0.541866006075927,112,"22 Apr",0.008,FALSE,NA,NA,NA,NA,FALSE,0.0164142369037747,0.153002544640357,FALSE,334099,0.677272715592801,"2026-07-03"
"Zebra Finch","Taeniopygia guttata","u653","Taeniopygia castanotis",TRUE,FALSE,NA,"Partial migrant","local dispersal;nomadic;irruptive","Granivore","Herbivore","Terrestrial","canopy",5,"LC","not listed","not listed","south_west",1551,44,TRUE,0.422274738561446,0.548656849543959,115,"25 Apr",0.009,FALSE,NA,NA,NA,NA,FALSE,3.92009271914001,0.134026352932626,FALSE,334099,0.677272715592801,"2026-07-03"
"Red-capped Plover","Anarhynchus ruficapillus","u143","Charadrius ruficapillus",TRUE,FALSE,NA,"Partial migrant","partial migrant;nomadic","Aquatic predator","Carnivore","Terrestrial","ground",3,"LC","not listed","not listed","statewide",324805,3842,TRUE,0.000475054208808223,0.000475167082807815,325,"21 Nov",0,FALSE,NA,NA,NA,NA,FALSE,0.0967531580501477,0.176567891296829,FALSE,334100,0.744055709607051,"2026-07-03"
"Red-capped Plover","Anarhynchus ruficapillus","u143","Charadrius ruficapillus",TRUE,FALSE,NA,"Partial migrant","partial migrant;nomadic","Aquatic predator","Carnivore","Terrestrial","ground",3,"LC","not listed","not listed","central_west",3967,0,FALSE,NA,NA,NA,NA,NA,NA,NA,NA,NA,NA,FALSE,0,0,TRUE,334100,0.744055709607051,"2026-07-03"
"Red-capped Plover","Anarhynchus ruficapillus","u143","Charadrius ruficapillus",TRUE,FALSE,NA,"Partial migrant","partial migrant;nomadic","Aquatic predator","Carnivore","Terrestrial","ground",3,"LC","not listed","not listed","new_england",3780,0,FALSE,NA,NA,NA,NA,NA,NA,NA,NA,NA,NA,FALSE,0,0,TRUE,334100,0.744055709607051,"2026-07-03"
"Red-capped Plover","Anarhynchus ruficapillus","u143","Charadrius ruficapillus",TRUE,FALSE,NA,"Partial migrant","partial migrant;nomadic","Aquatic predator","Carnivore","Terrestrial","ground",3,"LC","not listed","not listed","south_west",1548,2,FALSE,NA,NA,NA,NA,NA,NA,NA,NA,NA,NA,FALSE,0.0263689519293746,0.152830500854179,FALSE,334100,0.744055709607051,"2026-07-03"
"Australian Ringneck","Barnardius zonarius","u294a","Barnardius zonarius barnardi",TRUE,FALSE,NA,"Sedentary","local dispersal","Omnivore","Herbivore","Insessorial","mid-high",6,"LC","not listed","not listed","statewide",324801,7110,TRUE,0.419613305162932,0.544060682361213,151,"31 May",0,FALSE,NA,NA,NA,NA,FALSE,0.97537949419468,0.124429842941736,FALSE,334105,0.760484204875702,"2026-07-03"
"Australian Ringneck","Barnardius zonarius","u294a","Barnardius zonarius barnardi",TRUE,FALSE,NA,"Sedentary","local dispersal","Omnivore","Herbivore","Insessorial","mid-high",6,"LC","not listed","not listed","central_west",3968,188,TRUE,0.329491378714032,0.399718718347589,2,"02 Jan",0.021,FALSE,NA,NA,NA,NA,FALSE,0.122462823227665,0.120540337820834,FALSE,334105,0.760484204875702,"2026-07-03"
"Australian Ringneck","Barnardius zonarius","u294a","Barnardius zonarius barnardi",TRUE,FALSE,NA,"Sedentary","local dispersal","Omnivore","Herbivore","Insessorial","mid-high",6,"LC","not listed","not listed","new_england",3780,0,FALSE,NA,NA,NA,NA,NA,NA,NA,NA,NA,NA,FALSE,2.64077178441446e-05,0.727791739114655,FALSE,334105,0.760484204875702,"2026-07-03"
"Australian Ringneck","Barnardius zonarius","u294a","Barnardius zonarius barnardi",TRUE,FALSE,NA,"Sedentary","local dispersal","Omnivore","Herbivore","Insessorial","mid-high",6,"LC","not listed","not listed","south_west",1556,169,TRUE,0.419894609812961,0.544545484729396,150,"30 May",0,FALSE,NA,NA,NA,NA,FALSE,1.36339693882003,0.0894865105505783,FALSE,334105,0.760484204875702,"2026-07-03"
"White-winged Triller","Lalage tricolor","u430","Lalage tricolor",TRUE,FALSE,NA,"Sedentary","local dispersal;partial migrant;irruptive","Invertivore","Carnivore","Insessorial","ground",5,"LC","not listed","not listed","statewide",324801,5349,TRUE,0.990396313899984,4.64560828545385,304,"31 Oct",1,TRUE,249,4,"06 Sep","04 Jan",TRUE,1.10660772314541,0.101433960802598,FALSE,334105,0.544173098785764,"2026-07-03"
"White-winged Triller","Lalage tricolor","u430","Lalage tricolor",TRUE,FALSE,NA,"Sedentary","local dispersal;partial migrant;irruptive","Invertivore","Carnivore","Insessorial","ground",5,"LC","not listed","not listed","central_west",3970,120,TRUE,0.990415533771376,4.64761159223299,304,"31 Oct",1,TRUE,249,4,"06 Sep","04 Jan",TRUE,0.50232423140564,0.0824051448744304,FALSE,334105,0.544173098785764,"2026-07-03"
"White-winged Triller","Lalage tricolor","u430","Lalage tricolor",TRUE,FALSE,NA,"Sedentary","local dispersal;partial migrant;irruptive","Invertivore","Carnivore","Insessorial","ground",5,"LC","not listed","not listed","new_england",3782,148,TRUE,0.991220261873542,4.73530869792363,318,"14 Nov",1,TRUE,262,23,"19 Sep","23 Jan",TRUE,0.239690972800848,0.110281615011347,FALSE,334105,0.544173098785764,"2026-07-03"
"White-winged Triller","Lalage tricolor","u430","Lalage tricolor",TRUE,FALSE,NA,"Sedentary","local dispersal;partial migrant;irruptive","Invertivore","Carnivore","Insessorial","ground",5,"LC","not listed","not listed","south_west",1552,34,TRUE,0.990370969908764,4.64297277566545,306,"02 Nov",1,TRUE,249,4,"06 Sep","04 Jan",TRUE,0.763257110486778,0.111887014410507,FALSE,334105,0.544173098785764,"2026-07-03"
"Latham's Snipe","Gallinago hardwickii","u168","Gallinago hardwickii",TRUE,FALSE,NA,"Migratory","total migrant","Aquatic predator","Carnivore","Terrestrial","ground",4,"NT","not listed","not listed","statewide",324809,3659,TRUE,0.999671947643305,8.02233733825016,9,"09 Jan",1,TRUE,257,63,"14 Sep","04 Mar",TRUE,0.030771720310042,0.170054504901982,FALSE,334105,0.537302470161244,"2026-07-03"
"Latham's Snipe","Gallinago hardwickii","u168","Gallinago hardwickii",TRUE,FALSE,NA,"Migratory","total migrant","Aquatic predator","Carnivore","Terrestrial","ground",4,"NT","not listed","not listed","central_west",3968,17,FALSE,NA,NA,NA,NA,NA,NA,NA,NA,NA,NA,FALSE,0.0169720122265386,0.165113548426617,FALSE,334105,0.537302470161244,"2026-07-03"
"Latham's Snipe","Gallinago hardwickii","u168","Gallinago hardwickii",TRUE,FALSE,NA,"Migratory","total migrant","Aquatic predator","Carnivore","Terrestrial","ground",4,"NT","not listed","not listed","new_england",3776,86,TRUE,0.99968230486411,8.05441832719234,12,"12 Jan",1,TRUE,257,63,"14 Sep","04 Mar",TRUE,0.149271590730766,0.156262175022443,FALSE,334105,0.537302470161244,"2026-07-03"
"Latham's Snipe","Gallinago hardwickii","u168","Gallinago hardwickii",TRUE,FALSE,NA,"Migratory","total migrant","Aquatic predator","Carnivore","Terrestrial","ground",4,"NT","not listed","not listed","south_west",1552,1,FALSE,NA,NA,NA,NA,NA,NA,NA,NA,NA,NA,FALSE,0.00224074007907257,0.189997159138128,FALSE,334105,0.537302470161244,"2026-07-03"
"Red-necked Stint","Calidris ruficollis","u162","Calidris ruficollis",TRUE,FALSE,NA,"Migratory","total migrant","Aquatic predator","Carnivore","Terrestrial","around-water",5,"NT","not listed","not listed","statewide",324740,2107,TRUE,0.927280749233417,2.62114913215577,318,"14 Nov",1,TRUE,273,95,"30 Sep","05 Apr",TRUE,0.0218376847832919,0.254908318846742,FALSE,334029,0.784341134136413,"2026-07-03"
"Red-necked Stint","Calidris ruficollis","u162","Calidris ruficollis",TRUE,FALSE,NA,"Migratory","total migrant","Aquatic predator","Carnivore","Terrestrial","around-water",5,"NT","not listed","not listed","central_west",3963,0,FALSE,NA,NA,NA,NA,NA,NA,NA,NA,NA,NA,FALSE,0,0,TRUE,334029,0.784341134136413,"2026-07-03"
"Red-necked Stint","Calidris ruficollis","u162","Calidris ruficollis",TRUE,FALSE,NA,"Migratory","total migrant","Aquatic predator","Carnivore","Terrestrial","around-water",5,"NT","not listed","not listed","new_england",3777,1,FALSE,NA,NA,NA,NA,NA,NA,NA,NA,NA,NA,FALSE,0,0,TRUE,334029,0.784341134136413,"2026-07-03"
"Red-necked Stint","Calidris ruficollis","u162","Calidris ruficollis",TRUE,FALSE,NA,"Migratory","total migrant","Aquatic predator","Carnivore","Terrestrial","around-water",5,"NT","not listed","not listed","south_west",1549,1,FALSE,NA,NA,NA,NA,NA,NA,NA,NA,NA,NA,FALSE,0.0218288070154984,0.245399658769813,FALSE,334029,0.784341134136413,"2026-07-03"
"White-throated Needletail","Hirundapus caudacutus","u334","Hirundapus caudacutus caudacutus",TRUE,FALSE,NA,"Migratory","partial migrant","Invertivore","Carnivore","Aerial","aerial",5,"LC","not listed","not listed","statewide",324772,3986,TRUE,0.999970857826584,10.4433241746652,59,"28 Feb",1,TRUE,314,85,"10 Nov","26 Mar",TRUE,0.286453486664485,0.242788014178687,FALSE,334081,0.522882947830711,"2026-07-03"
"White-throated Needletail","Hirundapus caudacutus","u334","Hirundapus caudacutus caudacutus",TRUE,FALSE,NA,"Migratory","partial migrant","Invertivore","Carnivore","Aerial","aerial",5,"LC","not listed","not listed","central_west",3973,62,TRUE,0.999971149805894,10.4533938369357,60,"01 Mar",1,TRUE,314,85,"10 Nov","26 Mar",TRUE,0.276419248583033,0.199072609322921,FALSE,334081,0.522882947830711,"2026-07-03"
"White-throated Needletail","Hirundapus caudacutus","u334","Hirundapus caudacutus caudacutus",TRUE,FALSE,NA,"Migratory","partial migrant","Invertivore","Carnivore","Aerial","aerial",5,"LC","not listed","not listed","new_england",3783,21,TRUE,0.99978623631855,8.45063944541122,75,"16 Mar",1,TRUE,29,104,"29 Jan","14 Apr",FALSE,0.607028376290762,0.241719815457116,FALSE,334081,0.522882947830711,"2026-07-03"
"White-throated Needletail","Hirundapus caudacutus","u334","Hirundapus caudacutus caudacutus",TRUE,FALSE,NA,"Migratory","partial migrant","Invertivore","Carnivore","Aerial","aerial",5,"LC","not listed","not listed","south_west",1553,0,FALSE,NA,NA,NA,NA,NA,NA,NA,NA,NA,NA,FALSE,0,0,TRUE,334081,0.522882947830711,"2026-07-03"
"Sharp-tailed Sandpiper","Calidris acuminata","u163","Calidris acuminata",TRUE,FALSE,NA,"Migratory","total migrant","Aquatic predator","Carnivore","Terrestrial","ground",3,"VU","not listed","not listed","statewide",324748,2728,TRUE,0.999537289478245,7.67840892240287,310,"06 Nov",1,TRUE,267,76,"24 Sep","17 Mar",TRUE,0.536687155313954,0.238827844950376,FALSE,334040,0.696649354388523,"2026-07-03"
"Sharp-tailed Sandpiper","Calidris acuminata","u163","Calidris acuminata",TRUE,FALSE,NA,"Migratory","total migrant","Aquatic predator","Carnivore","Terrestrial","ground",3,"VU","not listed","not listed","central_west",3966,28,TRUE,0.999537412552407,7.67867494300792,311,"07 Nov",1,TRUE,267,77,"24 Sep","18 Mar",TRUE,0.048034038753275,0.193019728839129,FALSE,334040,0.696649354388523,"2026-07-03"
"Sharp-tailed Sandpiper","Calidris acuminata","u163","Calidris acuminata",TRUE,FALSE,NA,"Migratory","total migrant","Aquatic predator","Carnivore","Terrestrial","ground",3,"VU","not listed","not listed","new_england",3780,42,TRUE,0.999532142313038,7.66734639597842,314,"10 Nov",1,TRUE,267,78,"24 Sep","19 Mar",TRUE,0.00611775742165345,0.263871621917671,FALSE,334040,0.696649354388523,"2026-07-03"
"Sharp-tailed Sandpiper","Calidris acuminata","u163","Calidris acuminata",TRUE,FALSE,NA,"Migratory","total migrant","Aquatic predator","Carnivore","Terrestrial","ground",3,"VU","not listed","not listed","south_west",1546,6,FALSE,NA,NA,NA,NA,NA,NA,NA,NA,NA,NA,FALSE,1.07653476415907,0.228230806218992,FALSE,334040,0.696649354388523,"2026-07-03"
"Brahminy Kite","Haliastur indus","u227","Haliastur indus girrenera",TRUE,FALSE,NA,"Sedentary","local dispersal","Omnivore","Carnivore","Generalist","ground",4,"LC","not listed","not listed","statewide",324799,5210,TRUE,0.526021370617041,0.74659304399341,161,"10 Jun",0.875,FALSE,NA,NA,NA,NA,FALSE,0.0011473013822334,0.142949768141384,FALSE,334105,0.547359716164623,"2026-07-03"
"Brahminy Kite","Haliastur indus","u227","Haliastur indus girrenera",TRUE,FALSE,NA,"Sedentary","local dispersal","Omnivore","Carnivore","Generalist","ground",4,"LC","not listed","not listed","central_west",3969,0,FALSE,NA,NA,NA,NA,NA,NA,NA,NA,NA,NA,FALSE,0,0,TRUE,334105,0.547359716164623,"2026-07-03"
"Brahminy Kite","Haliastur indus","u227","Haliastur indus girrenera",TRUE,FALSE,NA,"Sedentary","local dispersal","Omnivore","Carnivore","Generalist","ground",4,"LC","not listed","not listed","new_england",3781,0,FALSE,NA,NA,NA,NA,NA,NA,NA,NA,NA,NA,FALSE,0,0,TRUE,334105,0.547359716164623,"2026-07-03"
"Brahminy Kite","Haliastur indus","u227","Haliastur indus girrenera",TRUE,FALSE,NA,"Sedentary","local dispersal","Omnivore","Carnivore","Generalist","ground",4,"LC","not listed","not listed","south_west",1556,0,FALSE,NA,NA,NA,NA,NA,NA,NA,NA,NA,NA,FALSE,0,0,TRUE,334105,0.547359716164623,"2026-07-03"
"Varied Sittella","Daphoenositta chrysoptera","u549a;u549b;u549d","Daphoenositta chrysoptera chrysoptera;Daphoenositta chrysoptera leucocephala;Daphoenositta chrysoptera pileata",TRUE,TRUE,"multiple_nsw_subspecies","Sedentary","local dispersal","Invertivore","Carnivore","Insessorial","canopy",2,"LC","not listed","VU","statewide",324800,6728,TRUE,0.382116484454746,0.481455325462925,150,"30 May",0,FALSE,NA,NA,NA,NA,FALSE,0.102781404687921,0.111211192471601,FALSE,334105,0.362204464553308,"2026-07-03"
"Varied Sittella","Daphoenositta chrysoptera","u549a;u549b;u549d","Daphoenositta chrysoptera chrysoptera;Daphoenositta chrysoptera leucocephala;Daphoenositta chrysoptera pileata",TRUE,TRUE,"multiple_nsw_subspecies","Sedentary","local dispersal","Invertivore","Carnivore","Insessorial","canopy",2,"LC","not listed","VU","central_west",3970,140,TRUE,0.381328789003349,0.480181308970113,150,"30 May",0,FALSE,NA,NA,NA,NA,FALSE,0.120331094729682,0.0869274007642482,FALSE,334105,0.362204464553308,"2026-07-03"
"Varied Sittella","Daphoenositta chrysoptera","u549a;u549b;u549d","Daphoenositta chrysoptera chrysoptera;Daphoenositta chrysoptera leucocephala;Daphoenositta chrysoptera pileata",TRUE,TRUE,"multiple_nsw_subspecies","Sedentary","local dispersal","Invertivore","Carnivore","Insessorial","canopy",2,"LC","not listed","VU","new_england",3782,203,TRUE,0.380774525642702,0.479285816794967,154,"03 Jun",0,FALSE,NA,NA,NA,NA,FALSE,0.19848381445862,0.0990253224254981,FALSE,334105,0.362204464553308,"2026-07-03"
"Varied Sittella","Daphoenositta chrysoptera","u549a;u549b;u549d","Daphoenositta chrysoptera chrysoptera;Daphoenositta chrysoptera leucocephala;Daphoenositta chrysoptera pileata",TRUE,TRUE,"multiple_nsw_subspecies","Sedentary","local dispersal","Invertivore","Carnivore","Insessorial","canopy",2,"LC","not listed","VU","south_west",1553,12,FALSE,NA,NA,NA,NA,NA,NA,NA,NA,NA,NA,FALSE,0.0878255587987092,0.13831299598235,FALSE,334105,0.362204464553308,"2026-07-03"
"Little Tern","Sternula albifrons","u117a","Sternula albifrons placens",TRUE,FALSE,NA,"Migratory","local dispersal;partial migrant","Aquatic predator","Carnivore","Aerial","pelagic",5,"LC","not listed","EN","statewide",324793,1937,TRUE,0.996517200351911,5.65991881205246,350,"16 Dec",1,TRUE,299,89,"26 Oct","30 Mar",TRUE,0.0141151671377399,0.602522445635663,FALSE,334082,0.875962046683321,"2026-07-03"
"Little Tern","Sternula albifrons","u117a","Sternula albifrons placens",TRUE,FALSE,NA,"Migratory","local dispersal;partial migrant","Aquatic predator","Carnivore","Aerial","pelagic",5,"LC","not listed","EN","central_west",3966,0,FALSE,NA,NA,NA,NA,NA,NA,NA,NA,NA,NA,FALSE,0,0,TRUE,334082,0.875962046683321,"2026-07-03"
"Little Tern","Sternula albifrons","u117a","Sternula albifrons placens",TRUE,FALSE,NA,"Migratory","local dispersal;partial migrant","Aquatic predator","Carnivore","Aerial","pelagic",5,"LC","not listed","EN","new_england",3776,0,FALSE,NA,NA,NA,NA,NA,NA,NA,NA,NA,NA,FALSE,0,0,TRUE,334082,0.875962046683321,"2026-07-03"
"Little Tern","Sternula albifrons","u117a","Sternula albifrons placens",TRUE,FALSE,NA,"Migratory","local dispersal;partial migrant","Aquatic predator","Carnivore","Aerial","pelagic",5,"LC","not listed","EN","south_west",1547,0,FALSE,NA,NA,NA,NA,NA,NA,NA,NA,NA,NA,FALSE,0,0,TRUE,334082,0.875962046683321,"2026-07-03"
"Australian Hobby","Falco longipennis","u235a;u235b","Falco longipennis longipennis;Falco longipennis murchisonianus",TRUE,TRUE,"multiple_nsw_subspecies","Partial migrant","local dispersal;partial migrant","Vertivore","Carnivore","Aerial","understory",4,"LC","not listed","not listed","statewide",324806,4121,TRUE,0.252034954675435,0.290399032949092,62,"03 Mar",0,FALSE,NA,NA,NA,NA,FALSE,0.0291890561414688,0.0714670160533932,FALSE,334105,0.141452188011324,"2026-07-03"
"Australian Hobby","Falco longipennis","u235a;u235b","Falco longipennis longipennis;Falco longipennis murchisonianus",TRUE,TRUE,"multiple_nsw_subspecies","Partial migrant","local dispersal;partial migrant","Vertivore","Carnivore","Aerial","understory",4,"LC","not listed","not listed","central_west",3970,73,TRUE,0.254527961809647,0.293737652938374,63,"04 Mar",0,FALSE,NA,NA,NA,NA,FALSE,0.0262237518099602,0.0594408801161636,FALSE,334105,0.141452188011324,"2026-07-03"
"Australian Hobby","Falco longipennis","u235a;u235b","Falco longipennis longipennis;Falco longipennis murchisonianus",TRUE,TRUE,"multiple_nsw_subspecies","Partial migrant","local dispersal;partial migrant","Vertivore","Carnivore","Aerial","understory",4,"LC","not listed","not listed","new_england",3780,72,TRUE,0.252082092656421,0.290462056571251,57,"26 Feb",0,FALSE,NA,NA,NA,NA,FALSE,0.0158575409481435,0.082418047135305,FALSE,334105,0.141452188011324,"2026-07-03"
"Australian Hobby","Falco longipennis","u235a;u235b","Falco longipennis longipennis;Falco longipennis murchisonianus",TRUE,TRUE,"multiple_nsw_subspecies","Partial migrant","local dispersal;partial migrant","Vertivore","Carnivore","Aerial","understory",4,"LC","not listed","not listed","south_west",1549,39,TRUE,0.251426863574887,0.289586369241035,61,"02 Mar",0,FALSE,NA,NA,NA,NA,FALSE,0.0375339902607732,0.0695647220840667,FALSE,334105,0.141452188011324,"2026-07-03"
"Fuscous Honeyeater","Ptilotula fusca","u613a","Ptilotula fusca fusca",TRUE,FALSE,NA,"Sedentary","local dispersal;partial migrant;nomadic","Invertivore","Omnivore","Insessorial","mid-high",4,"LC","not listed","not listed","statewide",324813,8394,TRUE,0.58500939147901,0.879499389077407,189,"08 Jul",1,TRUE,104,259,"14 Apr","16 Sep",FALSE,0.221159844639386,0.142897696125833,FALSE,334104,0.626223156020899,"2026-07-03"
"Fuscous Honeyeater","Ptilotula fusca","u613a","Ptilotula fusca fusca",TRUE,FALSE,NA,"Sedentary","local dispersal;partial migrant;nomadic","Invertivore","Omnivore","Insessorial","mid-high",4,"LC","not listed","not listed","central_west",3968,29,TRUE,0.820675686810698,1.71855930695438,121,"01 May",0.998,TRUE,34,202,"03 Feb","21 Jul",FALSE,0.893366956763476,0.109905450534743,FALSE,334104,0.626223156020899,"2026-07-03"
"Fuscous Honeyeater","Ptilotula fusca","u613a","Ptilotula fusca fusca",TRUE,FALSE,NA,"Sedentary","local dispersal;partial migrant;nomadic","Invertivore","Omnivore","Insessorial","mid-high",4,"LC","not listed","not listed","new_england",3776,433,TRUE,0.58440660605093,0.878047915097375,184,"03 Jul",1,TRUE,104,259,"14 Apr","16 Sep",FALSE,0.373758389259197,0.120747003460694,FALSE,334104,0.626223156020899,"2026-07-03"
"Fuscous Honeyeater","Ptilotula fusca","u613a","Ptilotula fusca fusca",TRUE,FALSE,NA,"Sedentary","local dispersal;partial migrant;nomadic","Invertivore","Omnivore","Insessorial","mid-high",4,"LC","not listed","not listed","south_west",1547,0,FALSE,NA,NA,NA,NA,NA,NA,NA,NA,NA,NA,FALSE,1.92108311159084e-05,0.404792983077236,FALSE,334104,0.626223156020899,"2026-07-03"
"Red-capped Robin","Petroica goodenovii","u381","Petroica goodenovii",TRUE,FALSE,NA,"Sedentary","local dispersal;partial migrant","Invertivore","Carnivore","Insessorial","ground",3,"LC","not listed","not listed","statewide",324793,6631,TRUE,0.342562906591654,0.419406194931972,148,"28 May",0,FALSE,NA,NA,NA,NA,FALSE,0.309125171232333,0.0925808596754889,FALSE,334105,0.624634045176216,"2026-07-03"
"Red-capped Robin","Petroica goodenovii","u381","Petroica goodenovii",TRUE,FALSE,NA,"Sedentary","local dispersal;partial migrant","Invertivore","Carnivore","Insessorial","ground",3,"LC","not listed","not listed","central_west",3968,162,TRUE,0.342334819451819,0.419059321313639,150,"30 May",0,FALSE,NA,NA,NA,NA,FALSE,0.0791413792969949,0.0725826276674349,FALSE,334105,0.624634045176216,"2026-07-03"
"Red-capped Robin","Petroica goodenovii","u381","Petroica goodenovii",TRUE,FALSE,NA,"Sedentary","local dispersal;partial migrant","Invertivore","Carnivore","Insessorial","ground",3,"LC","not listed","not listed","new_england",3779,3,FALSE,NA,NA,NA,NA,NA,NA,NA,NA,NA,NA,FALSE,0.00478488518041109,0.181388112916852,FALSE,334105,0.624634045176216,"2026-07-03"
"Red-capped Robin","Petroica goodenovii","u381","Petroica goodenovii",TRUE,FALSE,NA,"Sedentary","local dispersal;partial migrant","Invertivore","Carnivore","Insessorial","ground",3,"LC","not listed","not listed","south_west",1565,76,TRUE,0.343548475643068,0.420906427482798,151,"31 May",0,FALSE,NA,NA,NA,NA,FALSE,0.377549006834757,0.0850329153243421,FALSE,334105,0.624634045176216,"2026-07-03"
"Musk Duck","Biziura lobata","u217b","Biziura lobata menziesi",TRUE,FALSE,NA,"Partial migrant","local dispersal;nomadic","Aquatic predator","Carnivore","Aquatic","below-water",3,"LC","not listed","not listed","statewide",324803,3237,TRUE,0.0855565351570718,0.0894396339009917,44,"13 Feb",0,FALSE,NA,NA,NA,NA,FALSE,0.0133219132360293,0.164993936258718,FALSE,334105,0.564948848625343,"2026-07-03"
"Musk Duck","Biziura lobata","u217b","Biziura lobata menziesi",TRUE,FALSE,NA,"Partial migrant","local dispersal;nomadic","Aquatic predator","Carnivore","Aquatic","below-water",3,"LC","not listed","not listed","central_west",3968,21,TRUE,0.0879265569877092,0.0920347625314015,37,"06 Feb",0,FALSE,NA,NA,NA,NA,FALSE,0.00118879681263839,0.115153951255698,FALSE,334105,0.564948848625343,"2026-07-03"
"Musk Duck","Biziura lobata","u217b","Biziura lobata menziesi",TRUE,FALSE,NA,"Partial migrant","local dispersal;nomadic","Aquatic predator","Carnivore","Aquatic","below-water",3,"LC","not listed","not listed","new_england",3778,324,TRUE,0.0861663063733344,0.0901066785403097,53,"22 Feb",0,FALSE,NA,NA,NA,NA,FALSE,0.0856540188739104,0.143616326212853,FALSE,334105,0.564948848625343,"2026-07-03"
"Musk Duck","Biziura lobata","u217b","Biziura lobata menziesi",TRUE,FALSE,NA,"Partial migrant","local dispersal;nomadic","Aquatic predator","Carnivore","Aquatic","below-water",3,"LC","not listed","not listed","south_west",1556,14,FALSE,NA,NA,NA,NA,NA,NA,NA,NA,NA,NA,FALSE,0.0326010926701539,0.147465707110927,FALSE,334105,0.564948848625343,"2026-07-03"
"Gray-crowned Babbler","Pomatostomus temporalis","u443b","Pomatostomus temporalis temporalis",TRUE,FALSE,NA,"Sedentary","local dispersal","Invertivore","Carnivore","Generalist","ground",4,"LC","not listed","VU","statewide",324805,5992,TRUE,0.000278968710595406,0.000279007629604422,262,"19 Sep",0,FALSE,NA,NA,NA,NA,FALSE,0.536624825089078,0.131532305564189,FALSE,334105,0.570575628144083,"2026-07-03"
"Gray-crowned Babbler","Pomatostomus temporalis","u443b","Pomatostomus temporalis temporalis",TRUE,FALSE,NA,"Sedentary","local dispersal","Invertivore","Carnivore","Generalist","ground",4,"LC","not listed","VU","central_west",3970,357,TRUE,0.00161761898226964,0.00161892874050595,259,"16 Sep",0,FALSE,NA,NA,NA,NA,FALSE,0.618020278593759,0.0944837241054133,FALSE,334105,0.570575628144083,"2026-07-03"
"Gray-crowned Babbler","Pomatostomus temporalis","u443b","Pomatostomus temporalis temporalis",TRUE,FALSE,NA,"Sedentary","local dispersal","Invertivore","Carnivore","Generalist","ground",4,"LC","not listed","VU","new_england",3779,0,FALSE,NA,NA,NA,NA,NA,NA,NA,NA,NA,NA,FALSE,0.0144058310677346,0.360617194192773,FALSE,334105,0.570575628144083,"2026-07-03"
"Gray-crowned Babbler","Pomatostomus temporalis","u443b","Pomatostomus temporalis temporalis",TRUE,FALSE,NA,"Sedentary","local dispersal","Invertivore","Carnivore","Generalist","ground",4,"LC","not listed","VU","south_west",1551,33,TRUE,0.0111351567131305,0.0111976166710814,209,"28 Jul",0,FALSE,NA,NA,NA,NA,FALSE,0.0528249895360818,0.118321276271965,FALSE,334105,0.570575628144083,"2026-07-03"
"Pacific Golden-Plover","Pluvialis fulva","u137","Pluvialis fulva",TRUE,FALSE,NA,"Migratory","total migrant","Omnivore","Carnivore","Terrestrial","ground",5,"LC","not listed","not listed","statewide",324789,2068,TRUE,0.983462145588926,4.10210331901795,66,"07 Mar",1,TRUE,282,93,"09 Oct","03 Apr",TRUE,0.0344595705479651,0.473568605000207,FALSE,334098,0.835222300033433,"2026-07-03"
"Pacific Golden-Plover","Pluvialis fulva","u137","Pluvialis fulva",TRUE,FALSE,NA,"Migratory","total migrant","Omnivore","Carnivore","Terrestrial","ground",5,"LC","not listed","not listed","central_west",3972,0,FALSE,NA,NA,NA,NA,NA,NA,NA,NA,NA,NA,FALSE,0,0,TRUE,334098,0.835222300033433,"2026-07-03"
"Pacific Golden-Plover","Pluvialis fulva","u137","Pluvialis fulva",TRUE,FALSE,NA,"Migratory","total migrant","Omnivore","Carnivore","Terrestrial","ground",5,"LC","not listed","not listed","new_england",3778,1,FALSE,NA,NA,NA,NA,NA,NA,NA,NA,NA,NA,FALSE,0,0,TRUE,334098,0.835222300033433,"2026-07-03"
"Pacific Golden-Plover","Pluvialis fulva","u137","Pluvialis fulva",TRUE,FALSE,NA,"Migratory","total migrant","Omnivore","Carnivore","Terrestrial","ground",5,"LC","not listed","not listed","south_west",1559,0,FALSE,NA,NA,NA,NA,NA,NA,NA,NA,NA,NA,FALSE,0,0,TRUE,334098,0.835222300033433,"2026-07-03"
"Pheasant Coucal","Centropus phasianinus","u349a","Centropus phasianinus phasianinus",TRUE,FALSE,NA,"Sedentary","local dispersal","Invertivore","Carnivore","Terrestrial","ground",6,"LC","not listed","not listed","statewide",324804,7640,TRUE,0.907093045245463,2.37615677315993,352,"18 Dec",1,TRUE,272,55,"29 Sep","24 Feb",TRUE,0.0274141422771623,0.0948458063320576,FALSE,334105,0.583071007942307,"2026-07-03"
"Pheasant Coucal","Centropus phasianinus","u349a","Centropus phasianinus phasianinus",TRUE,FALSE,NA,"Sedentary","local dispersal","Invertivore","Carnivore","Terrestrial","ground",6,"LC","not listed","not listed","central_west",3970,0,FALSE,NA,NA,NA,NA,NA,NA,NA,NA,NA,NA,FALSE,0,0,TRUE,334105,0.583071007942307,"2026-07-03"
"Pheasant Coucal","Centropus phasianinus","u349a","Centropus phasianinus phasianinus",TRUE,FALSE,NA,"Sedentary","local dispersal","Invertivore","Carnivore","Terrestrial","ground",6,"LC","not listed","not listed","new_england",3780,2,FALSE,NA,NA,NA,NA,NA,NA,NA,NA,NA,NA,FALSE,0.000866191856711968,0.0865905657410622,FALSE,334105,0.583071007942307,"2026-07-03"
"Pheasant Coucal","Centropus phasianinus","u349a","Centropus phasianinus phasianinus",TRUE,FALSE,NA,"Sedentary","local dispersal","Invertivore","Carnivore","Terrestrial","ground",6,"LC","not listed","not listed","south_west",1551,0,FALSE,NA,NA,NA,NA,NA,NA,NA,NA,NA,NA,FALSE,0,0,TRUE,334105,0.583071007942307,"2026-07-03"
"Sahul Brush Cuckoo","Cacomantis variolosus","u339","Cacomantis variolosus variolosus",TRUE,FALSE,NA,"Sedentary","partial migrant","Invertivore","Carnivore","Insessorial","understory",4,"LC","not listed","not listed","statewide",324800,4804,TRUE,0.989805384348634,4.58589557538529,342,"08 Dec",1,TRUE,283,46,"10 Oct","15 Feb",TRUE,0.0364209704409203,0.104493186314149,FALSE,334105,0.457762881411486,"2026-07-03"
"Sahul Brush Cuckoo","Cacomantis variolosus","u339","Cacomantis variolosus variolosus",TRUE,FALSE,NA,"Sedentary","partial migrant","Invertivore","Carnivore","Insessorial","understory",4,"LC","not listed","not listed","central_west",3967,18,FALSE,NA,NA,NA,NA,NA,NA,NA,NA,NA,NA,FALSE,0.00842688924022837,0.0948005771178743,FALSE,334105,0.457762881411486,"2026-07-03"
"Sahul Brush Cuckoo","Cacomantis variolosus","u339","Cacomantis variolosus variolosus",TRUE,FALSE,NA,"Sedentary","partial migrant","Invertivore","Carnivore","Insessorial","understory",4,"LC","not listed","not listed","new_england",3780,37,TRUE,0.989786181251383,4.58401369630117,342,"08 Dec",1,TRUE,283,46,"10 Oct","15 Feb",TRUE,0.0608974714167852,0.106751592537146,FALSE,334105,0.457762881411486,"2026-07-03"
"Sahul Brush Cuckoo","Cacomantis variolosus","u339","Cacomantis variolosus variolosus",TRUE,FALSE,NA,"Sedentary","partial migrant","Invertivore","Carnivore","Insessorial","understory",4,"LC","not listed","not listed","south_west",1558,0,FALSE,NA,NA,NA,NA,NA,NA,NA,NA,NA,NA,FALSE,0,0,TRUE,334105,0.457762881411486,"2026-07-03"
"Horsfield's Bronze-Cuckoo","Chalcites basalis","u342","Chalcites basalis",TRUE,FALSE,NA,"Sedentary","local dispersal;partial migrant","Invertivore","Carnivore","Generalist","mid-high",3,"LC","not listed","not listed","statewide",324801,5180,TRUE,0.93133209655264,2.67847338765354,282,"09 Oct",1,TRUE,223,6,"11 Aug","06 Jan",TRUE,0.159872117726049,0.0899223148219026,FALSE,334105,0.353163993748997,"2026-07-03"
"Horsfield's Bronze-Cuckoo","Chalcites basalis","u342","Chalcites basalis",TRUE,FALSE,NA,"Sedentary","local dispersal;partial migrant","Invertivore","Carnivore","Generalist","mid-high",3,"LC","not listed","not listed","central_west",3971,82,TRUE,0.930996093687197,2.67359216275832,282,"09 Oct",1,TRUE,223,6,"11 Aug","06 Jan",TRUE,0.0788113639794672,0.0781542176003614,FALSE,334105,0.353163993748997,"2026-07-03"
"Horsfield's Bronze-Cuckoo","Chalcites basalis","u342","Chalcites basalis",TRUE,FALSE,NA,"Sedentary","local dispersal;partial migrant","Invertivore","Carnivore","Generalist","mid-high",3,"LC","not listed","not listed","new_england",3778,78,TRUE,0.919024518451183,2.51360886705984,292,"19 Oct",1,TRUE,232,29,"20 Aug","29 Jan",TRUE,0.0468132073357008,0.0844549358239589,FALSE,334105,0.353163993748997,"2026-07-03"
"Horsfield's Bronze-Cuckoo","Chalcites basalis","u342","Chalcites basalis",TRUE,FALSE,NA,"Sedentary","local dispersal;partial migrant","Invertivore","Carnivore","Generalist","mid-high",3,"LC","not listed","not listed","south_west",1555,44,TRUE,0.931111363150855,2.67526403692735,281,"08 Oct",1,TRUE,223,6,"11 Aug","06 Jan",TRUE,0.214624471550583,0.0896646227127973,FALSE,334105,0.353163993748997,"2026-07-03"
"Yellow-tufted Honeyeater","Lichenostomus melanops","u619b;u619c;u619d","Lichenostomus melanops gippslandicus;Lichenostomus melanops melanops;Lichenostomus melanops meltoni",TRUE,TRUE,"multiple_nsw_subspecies","Partial migrant","local dispersal;nomadic","Omnivore","Omnivore","Insessorial","understory",5,"LC","CR","not listed","statewide",324809,7669,TRUE,0.38679172404531,0.48905063573718,139,"19 May",0,FALSE,NA,NA,NA,NA,FALSE,0.101329805403352,0.214191745428697,FALSE,334105,0.688194146686098,"2026-07-03"
"Yellow-tufted Honeyeater","Lichenostomus melanops","u619b;u619c;u619d","Lichenostomus melanops gippslandicus;Lichenostomus melanops melanops;Lichenostomus melanops meltoni",TRUE,TRUE,"multiple_nsw_subspecies","Partial migrant","local dispersal;nomadic","Omnivore","Omnivore","Insessorial","understory",5,"LC","CR","not listed","central_west",3966,52,TRUE,0.389327704726756,0.49319480530814,144,"24 May",0,FALSE,NA,NA,NA,NA,FALSE,0.519898437230235,0.162485143448897,FALSE,334105,0.688194146686098,"2026-07-03"
"Yellow-tufted Honeyeater","Lichenostomus melanops","u619b;u619c;u619d","Lichenostomus melanops gippslandicus;Lichenostomus melanops melanops;Lichenostomus melanops meltoni",TRUE,TRUE,"multiple_nsw_subspecies","Partial migrant","local dispersal;nomadic","Omnivore","Omnivore","Insessorial","understory",5,"LC","CR","not listed","new_england",3780,63,TRUE,0.390107296358756,0.494472232956329,138,"18 May",0,FALSE,NA,NA,NA,NA,FALSE,0.0858641202645222,0.175238920374013,FALSE,334105,0.688194146686098,"2026-07-03"
"Yellow-tufted Honeyeater","Lichenostomus melanops","u619b;u619c;u619d","Lichenostomus melanops gippslandicus;Lichenostomus melanops melanops;Lichenostomus melanops meltoni",TRUE,TRUE,"multiple_nsw_subspecies","Partial migrant","local dispersal;nomadic","Omnivore","Omnivore","Insessorial","understory",5,"LC","CR","not listed","south_west",1550,0,FALSE,NA,NA,NA,NA,NA,NA,NA,NA,NA,NA,FALSE,0,0,TRUE,334105,0.688194146686098,"2026-07-03"
"Nankeen Night Heron","Nycticorax caledonicus","u192","Nycticorax caledonicus australasiae",TRUE,FALSE,NA,"Partial migrant","nomadic;irruptive","Aquatic predator","Carnivore","Terrestrial","around-water",6,"LC","not listed","not listed","statewide",324798,3256,TRUE,0.526785181200478,0.748205831223863,15,"15 Jan",0.765,FALSE,NA,NA,NA,NA,FALSE,0.147655778498342,0.178204681430143,FALSE,334105,0.342570790157657,"2026-07-03"
"Nankeen Night Heron","Nycticorax caledonicus","u192","Nycticorax caledonicus australasiae",TRUE,FALSE,NA,"Partial migrant","nomadic;irruptive","Aquatic predator","Carnivore","Terrestrial","around-water",6,"LC","not listed","not listed","central_west",3970,15,FALSE,NA,NA,NA,NA,NA,NA,NA,NA,NA,NA,FALSE,0.0108299640079511,0.15938738783696,FALSE,334105,0.342570790157657,"2026-07-03"
"Nankeen Night Heron","Nycticorax caledonicus","u192","Nycticorax caledonicus australasiae",TRUE,FALSE,NA,"Partial migrant","nomadic;irruptive","Aquatic predator","Carnivore","Terrestrial","around-water",6,"LC","not listed","not listed","new_england",3778,43,TRUE,0.90375210243401,2.34082814952305,365,"31 Dec",0.999,TRUE,295,75,"22 Oct","16 Mar",TRUE,0.0268042445092185,0.218179881267233,FALSE,334105,0.342570790157657,"2026-07-03"
"Nankeen Night Heron","Nycticorax caledonicus","u192","Nycticorax caledonicus australasiae",TRUE,FALSE,NA,"Partial migrant","nomadic;irruptive","Aquatic predator","Carnivore","Terrestrial","around-water",6,"LC","not listed","not listed","south_west",1559,30,TRUE,0.526748644638468,0.748128624952734,9,"09 Jan",0.8,FALSE,NA,NA,NA,NA,FALSE,0.718596297817122,0.170001775122841,FALSE,334105,0.342570790157657,"2026-07-03"
"Australian Owlet-nightjar","Aegotheles cristatus","u317a","Aegotheles cristatus cristatus",TRUE,FALSE,NA,"Sedentary","local dispersal","Invertivore","Carnivore","Insessorial","ground",4,"LC","not listed","not listed","statewide",324813,2950,TRUE,0.561972885422305,0.825474465093225,76,"17 Mar",0.985,TRUE,16,133,"16 Jan","13 May",FALSE,1.10393665139172,0.121394146038857,FALSE,334105,0.432948856231309,"2026-07-03"
"Australian Owlet-nightjar","Aegotheles cristatus","u317a","Aegotheles cristatus cristatus",TRUE,FALSE,NA,"Sedentary","local dispersal","Invertivore","Carnivore","Insessorial","ground",4,"LC","not listed","not listed","central_west",3970,24,TRUE,0.562555977854001,0.826806530751262,72,"13 Mar",0.991,TRUE,16,134,"16 Jan","14 May",FALSE,0.616090554584569,0.113003616976488,FALSE,334105,0.432948856231309,"2026-07-03"
"Australian Owlet-nightjar","Aegotheles cristatus","u317a","Aegotheles cristatus cristatus",TRUE,FALSE,NA,"Sedentary","local dispersal","Invertivore","Carnivore","Insessorial","ground",4,"LC","not listed","not listed","new_england",3779,25,TRUE,0.563486350625349,0.828935634146358,74,"15 Mar",0.982,TRUE,16,133,"16 Jan","13 May",FALSE,0.376372708007693,0.132848414241401,FALSE,334105,0.432948856231309,"2026-07-03"
"Australian Owlet-nightjar","Aegotheles cristatus","u317a","Aegotheles cristatus cristatus",TRUE,FALSE,NA,"Sedentary","local dispersal","Invertivore","Carnivore","Insessorial","ground",4,"LC","not listed","not listed","south_west",1543,49,TRUE,0.562044525982879,0.825638031268321,74,"15 Mar",0.986,TRUE,15,134,"15 Jan","14 May",FALSE,1.2115811149991,0.125667873033067,FALSE,334105,0.432948856231309,"2026-07-03"
"Red-backed Fairywren","Malurus melanocephalus","u541b","Malurus melanocephalus melanocephalus",TRUE,FALSE,NA,"Sedentary","local dispersal","Invertivore","Carnivore","Terrestrial","ground",5,"LC","not listed","not listed","statewide",324807,12457,TRUE,0.0743627186676538,0.0772728258970119,342,"08 Dec",0,FALSE,NA,NA,NA,NA,FALSE,0.0228794636387093,0.0923969424636226,FALSE,334105,0.740485321796528,"2026-07-03"
"Red-backed Fairywren","Malurus melanocephalus","u541b","Malurus melanocephalus melanocephalus",TRUE,FALSE,NA,"Sedentary","local dispersal","Invertivore","Carnivore","Terrestrial","ground",5,"LC","not listed","not listed","central_west",3970,0,FALSE,NA,NA,NA,NA,NA,NA,NA,NA,NA,NA,FALSE,0,0,TRUE,334105,0.740485321796528,"2026-07-03"
"Red-backed Fairywren","Malurus melanocephalus","u541b","Malurus melanocephalus melanocephalus",TRUE,FALSE,NA,"Sedentary","local dispersal","Invertivore","Carnivore","Terrestrial","ground",5,"LC","not listed","not listed","new_england",3782,1,FALSE,NA,NA,NA,NA,NA,NA,NA,NA,NA,NA,FALSE,0.000747896217102215,0.149664287303769,FALSE,334105,0.740485321796528,"2026-07-03"
"Red-backed Fairywren","Malurus melanocephalus","u541b","Malurus melanocephalus melanocephalus",TRUE,FALSE,NA,"Sedentary","local dispersal","Invertivore","Carnivore","Terrestrial","ground",5,"LC","not listed","not listed","south_west",1546,0,FALSE,NA,NA,NA,NA,NA,NA,NA,NA,NA,NA,FALSE,0,0,TRUE,334105,0.740485321796528,"2026-07-03"
"Gray Goshawk","Tachyspiza novaehollandiae","u220","Accipiter novaehollandiae",TRUE,FALSE,NA,"Sedentary",NA,"Vertivore","Carnivore","Insessorial",NA,4,"LC",NA,NA,"statewide",324807,2318,TRUE,0.190502210603816,0.211341236694385,222,"10 Aug",0,FALSE,NA,NA,NA,NA,FALSE,0.0020682263692969,0.249422626895822,FALSE,334105,0.246373088341365,"2026-07-03"
"Gray Goshawk","Tachyspiza novaehollandiae","u220","Accipiter novaehollandiae",TRUE,FALSE,NA,"Sedentary",NA,"Vertivore","Carnivore","Insessorial",NA,4,"LC",NA,NA,"central_west",3967,6,FALSE,NA,NA,NA,NA,NA,NA,NA,NA,NA,NA,FALSE,0.00154796210018641,0.14885047072498,FALSE,334105,0.246373088341365,"2026-07-03"
"Gray Goshawk","Tachyspiza novaehollandiae","u220","Accipiter novaehollandiae",TRUE,FALSE,NA,"Sedentary",NA,"Vertivore","Carnivore","Insessorial",NA,4,"LC",NA,NA,"new_england",3779,5,FALSE,NA,NA,NA,NA,NA,NA,NA,NA,NA,NA,FALSE,0.0034660675285652,0.181729535481721,FALSE,334105,0.246373088341365,"2026-07-03"
"Gray Goshawk","Tachyspiza novaehollandiae","u220","Accipiter novaehollandiae",TRUE,FALSE,NA,"Sedentary",NA,"Vertivore","Carnivore","Insessorial",NA,4,"LC",NA,NA,"south_west",1552,0,FALSE,NA,NA,NA,NA,NA,NA,NA,NA,NA,NA,FALSE,1.7892899702376e-05,0.632683991576751,FALSE,334105,0.246373088341365,"2026-07-03"
"Peregrine Falcon","Falco peregrinus","u237a","Falco peregrinus macropus",TRUE,FALSE,NA,"Partial migrant","local dispersal","Vertivore","Carnivore","Aerial","ground",8,"LC","not listed","not listed","statewide",324806,3162,TRUE,0.000277003491482741,0.00027704186403632,142,"22 May",0,FALSE,NA,NA,NA,NA,FALSE,0.00739120867654651,0.0806478189445021,FALSE,334105,0.103898216607567,"2026-07-03"
"Peregrine Falcon","Falco peregrinus","u237a","Falco peregrinus macropus",TRUE,FALSE,NA,"Partial migrant","local dispersal","Vertivore","Carnivore","Aerial","ground",8,"LC","not listed","not listed","central_west",3966,21,TRUE,0.00515647022790011,0.00516981070009814,16,"16 Jan",0,FALSE,NA,NA,NA,NA,FALSE,0.0100992538904769,0.0629053295859872,FALSE,334105,0.103898216607567,"2026-07-03"
"Peregrine Falcon","Falco peregrinus","u237a","Falco peregrinus macropus",TRUE,FALSE,NA,"Partial migrant","local dispersal","Vertivore","Carnivore","Aerial","ground",8,"LC","not listed","not listed","new_england",3780,24,TRUE,0.00324523671696975,0.00325051391791487,126,"06 May",0,FALSE,NA,NA,NA,NA,FALSE,0.00838208426503578,0.0676459189501002,FALSE,334105,0.103898216607567,"2026-07-03"
"Peregrine Falcon","Falco peregrinus","u237a","Falco peregrinus macropus",TRUE,FALSE,NA,"Partial migrant","local dispersal","Vertivore","Carnivore","Aerial","ground",8,"LC","not listed","not listed","south_west",1553,8,FALSE,NA,NA,NA,NA,NA,NA,NA,NA,NA,NA,FALSE,0.00866463381601299,0.0965271616796928,FALSE,334105,0.103898216607567,"2026-07-03"
"Speckled Warbler","Pyrrholaemus sagittatus","u504","Pyrrholaemus sagittatus",TRUE,FALSE,NA,"Sedentary","local dispersal","Invertivore","Carnivore","Terrestrial","ground",4,"LC","not listed","VU","statewide",324813,6456,TRUE,0.28256363466827,0.33207102471463,156,"05 Jun",0,FALSE,NA,NA,NA,NA,FALSE,0.0573161901219816,0.160699321897595,FALSE,334105,0.601390449589463,"2026-07-03"
"Speckled Warbler","Pyrrholaemus sagittatus","u504","Pyrrholaemus sagittatus",TRUE,FALSE,NA,"Sedentary","local dispersal","Invertivore","Carnivore","Terrestrial","ground",4,"LC","not listed","VU","central_west",3972,314,TRUE,0.285070087701257,0.335570765849872,160,"09 Jun",0,FALSE,NA,NA,NA,NA,FALSE,0.222482234283569,0.099653335786964,FALSE,334105,0.601390449589463,"2026-07-03"
"Speckled Warbler","Pyrrholaemus sagittatus","u504","Pyrrholaemus sagittatus",TRUE,FALSE,NA,"Sedentary","local dispersal","Invertivore","Carnivore","Terrestrial","ground",4,"LC","not listed","VU","new_england",3778,123,TRUE,0.281437590477913,0.330502716383347,163,"12 Jun",0,FALSE,NA,NA,NA,NA,FALSE,0.0422193458758791,0.132940178136464,FALSE,334105,0.601390449589463,"2026-07-03"
"Speckled Warbler","Pyrrholaemus sagittatus","u504","Pyrrholaemus sagittatus",TRUE,FALSE,NA,"Sedentary","local dispersal","Invertivore","Carnivore","Terrestrial","ground",4,"LC","not listed","VU","south_west",1542,0,FALSE,NA,NA,NA,NA,NA,NA,NA,NA,NA,NA,FALSE,0.00041213633007347,0.285743923038475,FALSE,334105,0.601390449589463,"2026-07-03"
"Purple-backed Fairywren","Malurus assimilis","u536d","Malurus assimilis assimilis",TRUE,FALSE,NA,"Sedentary",NA,"Invertivore","Carnivore","Insessorial",NA,1,"LC",NA,NA,"statewide",324803,4618,TRUE,0.00116565301710714,0.00116633291898971,191,"10 Jul",0,FALSE,NA,NA,NA,NA,FALSE,0.528845993769723,0.101315570907462,FALSE,334105,0.68699759624833,"2026-07-03"
"Purple-backed Fairywren","Malurus assimilis","u536d","Malurus assimilis assimilis",TRUE,FALSE,NA,"Sedentary",NA,"Invertivore","Carnivore","Insessorial",NA,1,"LC",NA,NA,"central_west",3968,50,TRUE,0.00252775465930533,0.00253095482507426,34,"03 Feb",0,FALSE,NA,NA,NA,NA,FALSE,0.103909917085567,0.0879319594199197,FALSE,334105,0.68699759624833,"2026-07-03"
"Purple-backed Fairywren","Malurus assimilis","u536d","Malurus assimilis assimilis",TRUE,FALSE,NA,"Sedentary",NA,"Invertivore","Carnivore","Insessorial",NA,1,"LC",NA,NA,"new_england",3777,6,FALSE,NA,NA,NA,NA,NA,NA,NA,NA,NA,NA,FALSE,0.0124692426549479,0.17590394066001,FALSE,334105,0.68699759624833,"2026-07-03"
"Purple-backed Fairywren","Malurus assimilis","u536d","Malurus assimilis assimilis",TRUE,FALSE,NA,"Sedentary",NA,"Invertivore","Carnivore","Insessorial",NA,1,"LC",NA,NA,"south_west",1557,83,TRUE,0.0017935447762264,0.00179515510340922,313,"09 Nov",0,FALSE,NA,NA,NA,NA,FALSE,0.471038922111573,0.0948633111331817,FALSE,334105,0.68699759624833,"2026-07-03"
"Varied Triller","Lalage leucomela","u431a","Lalage leucomela leucomela",TRUE,FALSE,NA,"Sedentary","local dispersal","Invertivore","Carnivore","Insessorial","canopy",4,"LC","not listed","not listed","statewide",324808,4521,TRUE,0.218607311755722,0.246677453655678,240,"28 Aug",0,FALSE,NA,NA,NA,NA,FALSE,0.00338020634319707,0.246487672425629,FALSE,334105,0.598273805154236,"2026-07-03"
"Varied Triller","Lalage leucomela","u431a","Lalage leucomela leucomela",TRUE,FALSE,NA,"Sedentary","local dispersal","Invertivore","Carnivore","Insessorial","canopy",4,"LC","not listed","not listed","central_west",3966,0,FALSE,NA,NA,NA,NA,NA,NA,NA,NA,NA,NA,FALSE,0,0,TRUE,334105,0.598273805154236,"2026-07-03"
"Varied Triller","Lalage leucomela","u431a","Lalage leucomela leucomela",TRUE,FALSE,NA,"Sedentary","local dispersal","Invertivore","Carnivore","Insessorial","canopy",4,"LC","not listed","not listed","new_england",3781,0,FALSE,NA,NA,NA,NA,NA,NA,NA,NA,NA,NA,FALSE,0.000477370630892499,0.51017319033435,FALSE,334105,0.598273805154236,"2026-07-03"
"Varied Triller","Lalage leucomela","u431a","Lalage leucomela leucomela",TRUE,FALSE,NA,"Sedentary","local dispersal","Invertivore","Carnivore","Insessorial","canopy",4,"LC","not listed","not listed","south_west",1550,0,FALSE,NA,NA,NA,NA,NA,NA,NA,NA,NA,NA,FALSE,0,0,TRUE,334105,0.598273805154236,"2026-07-03"
"Australian Logrunner","Orthonyx temminckii","u434","Orthonyx temminckii",TRUE,FALSE,NA,"Sedentary","local dispersal","Invertivore","Carnivore","Terrestrial","ground",1,"LC","not listed","not listed","statewide",324808,3299,TRUE,0.250279745791528,0.288055136420194,198,"17 Jul",0,FALSE,NA,NA,NA,NA,FALSE,0.0399434749225778,0.204928835765902,FALSE,334105,0.797185813902028,"2026-07-03"
"Australian Logrunner","Orthonyx temminckii","u434","Orthonyx temminckii",TRUE,FALSE,NA,"Sedentary","local dispersal","Invertivore","Carnivore","Terrestrial","ground",1,"LC","not listed","not listed","central_west",3967,0,FALSE,NA,NA,NA,NA,NA,NA,NA,NA,NA,NA,FALSE,0,0,TRUE,334105,0.797185813902028,"2026-07-03"
"Australian Logrunner","Orthonyx temminckii","u434","Orthonyx temminckii",TRUE,FALSE,NA,"Sedentary","local dispersal","Invertivore","Carnivore","Terrestrial","ground",1,"LC","not listed","not listed","new_england",3775,1,FALSE,NA,NA,NA,NA,NA,NA,NA,NA,NA,NA,FALSE,0.00721375721090002,0.31434040239487,FALSE,334105,0.797185813902028,"2026-07-03"
"Australian Logrunner","Orthonyx temminckii","u434","Orthonyx temminckii",TRUE,FALSE,NA,"Sedentary","local dispersal","Invertivore","Carnivore","Terrestrial","ground",1,"LC","not listed","not listed","south_west",1555,0,FALSE,NA,NA,NA,NA,NA,NA,NA,NA,NA,NA,FALSE,0,0,TRUE,334105,0.797185813902028,"2026-07-03"
"Gang-gang Cockatoo","Callocephalon fimbriatum","u268","Callocephalon fimbriatum",TRUE,FALSE,NA,"Partial migrant","local dispersal;partial migrant","Omnivore","Herbivore","Insessorial","understory",2,"VU","not listed","VU","statewide",324795,5484,TRUE,0.594358842939835,0.902286359811276,126,"06 May",1,TRUE,43,205,"12 Feb","24 Jul",FALSE,0.114717996300906,0.110041292519156,FALSE,334105,0.580535852900467,"2026-07-03"
"Gang-gang Cockatoo","Callocephalon fimbriatum","u268","Callocephalon fimbriatum",TRUE,FALSE,NA,"Partial migrant","local dispersal;partial migrant","Omnivore","Herbivore","Insessorial","understory",2,"VU","not listed","VU","central_west",3968,5,FALSE,NA,NA,NA,NA,NA,NA,NA,NA,NA,NA,FALSE,0.00440766868513204,0.104174998601278,FALSE,334105,0.580535852900467,"2026-07-03"
"Gang-gang Cockatoo","Callocephalon fimbriatum","u268","Callocephalon fimbriatum",TRUE,FALSE,NA,"Partial migrant","local dispersal;partial migrant","Omnivore","Herbivore","Insessorial","understory",2,"VU","not listed","VU","new_england",3781,0,FALSE,NA,NA,NA,NA,NA,NA,NA,NA,NA,NA,FALSE,0,0,TRUE,334105,0.580535852900467,"2026-07-03"
"Gang-gang Cockatoo","Callocephalon fimbriatum","u268","Callocephalon fimbriatum",TRUE,FALSE,NA,"Partial migrant","local dispersal;partial migrant","Omnivore","Herbivore","Insessorial","understory",2,"VU","not listed","VU","south_west",1561,0,FALSE,NA,NA,NA,NA,NA,NA,NA,NA,NA,NA,FALSE,0,0,TRUE,334105,0.580535852900467,"2026-07-03"
"Red-kneed Dotterel","Erythrogonys cinctus","u132","Erythrogonys cinctus",TRUE,FALSE,NA,"Partial migrant","nomadic","Aquatic predator","Carnivore","Terrestrial","around-water",2,"LC","not listed","not listed","statewide",324814,3198,TRUE,0.543387767498724,0.783920754835145,358,"24 Dec",0.905,FALSE,NA,NA,NA,NA,FALSE,0.206510791954902,0.189740051369336,FALSE,334103,0.512137007803688,"2026-07-03"
"Red-kneed Dotterel","Erythrogonys cinctus","u132","Erythrogonys cinctus",TRUE,FALSE,NA,"Partial migrant","nomadic","Aquatic predator","Carnivore","Terrestrial","around-water",2,"LC","not listed","not listed","central_west",3966,68,TRUE,0.541338450565027,0.77944270597434,356,"22 Dec",0.897,FALSE,NA,NA,NA,NA,FALSE,0.0285557281993555,0.142058291568597,FALSE,334103,0.512137007803688,"2026-07-03"
"Red-kneed Dotterel","Erythrogonys cinctus","u132","Erythrogonys cinctus",TRUE,FALSE,NA,"Partial migrant","nomadic","Aquatic predator","Carnivore","Terrestrial","around-water",2,"LC","not listed","not listed","new_england",3781,64,TRUE,0.539254482204996,0.774909410542455,353,"19 Dec",0.855,FALSE,NA,NA,NA,NA,FALSE,0.0423847851121688,0.219086041286261,FALSE,334103,0.512137007803688,"2026-07-03"
"Red-kneed Dotterel","Erythrogonys cinctus","u132","Erythrogonys cinctus",TRUE,FALSE,NA,"Partial migrant","nomadic","Aquatic predator","Carnivore","Terrestrial","around-water",2,"LC","not listed","not listed","south_west",1542,27,TRUE,0.539979422646936,0.776484057123279,352,"18 Dec",0.879,FALSE,NA,NA,NA,NA,FALSE,0.494542972509001,0.201177969028802,FALSE,334103,0.512137007803688,"2026-07-03"
"Great Crested Grebe","Podiceps cristatus","u60","Podiceps cristatus australis",TRUE,FALSE,NA,"Sedentary","nomadic","Aquatic predator","Carnivore","Aquatic","below-water",4,"LC","not listed","not listed","statewide",324802,3517,TRUE,0.567673686459505,0.838574620457541,17,"17 Jan",0.984,TRUE,290,105,"17 Oct","15 Apr",TRUE,0.0241472738245463,0.182564735974754,FALSE,334101,0.605692735042183,"2026-07-03"
"Great Crested Grebe","Podiceps cristatus","u60","Podiceps cristatus australis",TRUE,FALSE,NA,"Sedentary","nomadic","Aquatic predator","Carnivore","Aquatic","below-water",4,"LC","not listed","not listed","central_west",3971,36,TRUE,0.567864673904156,0.839016484940593,24,"24 Jan",0.981,TRUE,290,104,"17 Oct","14 Apr",TRUE,0.0375490050366543,0.135827897747478,FALSE,334101,0.605692735042183,"2026-07-03"
"Great Crested Grebe","Podiceps cristatus","u60","Podiceps cristatus australis",TRUE,FALSE,NA,"Sedentary","nomadic","Aquatic predator","Carnivore","Aquatic","below-water",4,"LC","not listed","not listed","new_england",3781,82,TRUE,0.56743450543874,0.838021531563363,16,"16 Jan",0.982,TRUE,292,106,"19 Oct","16 Apr",TRUE,0.0300864493462023,0.217317315161851,FALSE,334101,0.605692735042183,"2026-07-03"
"Great Crested Grebe","Podiceps cristatus","u60","Podiceps cristatus australis",TRUE,FALSE,NA,"Sedentary","nomadic","Aquatic predator","Carnivore","Aquatic","below-water",4,"LC","not listed","not listed","south_west",1547,30,TRUE,0.567535286054792,0.838254542192397,24,"24 Jan",0.982,TRUE,291,106,"18 Oct","16 Apr",TRUE,0.0236570955514788,0.175069807753459,FALSE,334101,0.605692735042183,"2026-07-03"
"Regent Bowerbird","Sericulus chrysocephalus","u684","Sericulus chrysocephalus",TRUE,FALSE,NA,"Sedentary","local dispersal;partial migrant","Frugivore","Herbivore","Insessorial","mid-high",2,"LC","not listed","not listed","statewide",324806,2834,TRUE,0.493859494199794,0.680940968793426,302,"29 Oct",0.44,FALSE,NA,NA,NA,NA,FALSE,0.00650162028010654,0.137750519342949,FALSE,334105,0.631168424541787,"2026-07-03"
"Regent Bowerbird","Sericulus chrysocephalus","u684","Sericulus chrysocephalus",TRUE,FALSE,NA,"Sedentary","local dispersal;partial migrant","Frugivore","Herbivore","Insessorial","mid-high",2,"LC","not listed","not listed","central_west",3968,0,FALSE,NA,NA,NA,NA,NA,NA,NA,NA,NA,NA,FALSE,0,0,TRUE,334105,0.631168424541787,"2026-07-03"
"Regent Bowerbird","Sericulus chrysocephalus","u684","Sericulus chrysocephalus",TRUE,FALSE,NA,"Sedentary","local dispersal;partial migrant","Frugivore","Herbivore","Insessorial","mid-high",2,"LC","not listed","not listed","new_england",3780,1,FALSE,NA,NA,NA,NA,NA,NA,NA,NA,NA,NA,FALSE,0.000331083569780574,0.147003377063407,FALSE,334105,0.631168424541787,"2026-07-03"
"Regent Bowerbird","Sericulus chrysocephalus","u684","Sericulus chrysocephalus",TRUE,FALSE,NA,"Sedentary","local dispersal;partial migrant","Frugivore","Herbivore","Insessorial","mid-high",2,"LC","not listed","not listed","south_west",1551,0,FALSE,NA,NA,NA,NA,NA,NA,NA,NA,NA,NA,FALSE,0,0,TRUE,334105,0.631168424541787,"2026-07-03"
"Eurasian Whimbrel","Numenius phaeopus","u150b","Numenius phaeopus variegatus",TRUE,FALSE,NA,"Migratory","total migrant","Omnivore","Carnivore","Terrestrial","ground",7,"LC","not listed","not listed","statewide",324805,2546,TRUE,0.91328441084274,2.44512160562335,318,"14 Nov",1,TRUE,254,95,"11 Sep","05 Apr",TRUE,0.00188595707281213,1.66628563385733,FALSE,334101,0.881148455978524,"2026-07-03"
"Eurasian Whimbrel","Numenius phaeopus","u150b","Numenius phaeopus variegatus",TRUE,FALSE,NA,"Migratory","total migrant","Omnivore","Carnivore","Terrestrial","ground",7,"LC","not listed","not listed","central_west",3969,0,FALSE,NA,NA,NA,NA,NA,NA,NA,NA,NA,NA,FALSE,0,0,TRUE,334101,0.881148455978524,"2026-07-03"
"Eurasian Whimbrel","Numenius phaeopus","u150b","Numenius phaeopus variegatus",TRUE,FALSE,NA,"Migratory","total migrant","Omnivore","Carnivore","Terrestrial","ground",7,"LC","not listed","not listed","new_england",3780,0,FALSE,NA,NA,NA,NA,NA,NA,NA,NA,NA,NA,FALSE,2.89870985675755e-11,2.9638190343976,FALSE,334101,0.881148455978524,"2026-07-03"
"Eurasian Whimbrel","Numenius phaeopus","u150b","Numenius phaeopus variegatus",TRUE,FALSE,NA,"Migratory","total migrant","Omnivore","Carnivore","Terrestrial","ground",7,"LC","not listed","not listed","south_west",1547,0,FALSE,NA,NA,NA,NA,NA,NA,NA,NA,NA,NA,FALSE,0,0,TRUE,334101,0.881148455978524,"2026-07-03"
"Western Gerygone","Gerygone fusca","u463a","Gerygone fusca exsul",TRUE,FALSE,NA,"Sedentary","local dispersal;partial migrant","Invertivore","Carnivore","Insessorial","understory",3,"LC","not listed","not listed","statewide",324812,4420,TRUE,0.878813300087662,2.11042294806531,289,"16 Oct",1,TRUE,235,14,"23 Aug","14 Jan",TRUE,0.105488093397442,0.138634084283969,FALSE,334105,0.55368209776993,"2026-07-03"
"Western Gerygone","Gerygone fusca","u463a","Gerygone fusca exsul",TRUE,FALSE,NA,"Sedentary","local dispersal;partial migrant","Invertivore","Carnivore","Insessorial","understory",3,"LC","not listed","not listed","central_west",3966,159,TRUE,0.878977706526077,2.11178050677002,288,"15 Oct",1,TRUE,235,14,"23 Aug","14 Jan",TRUE,0.183850200877466,0.0875078806363561,FALSE,334105,0.55368209776993,"2026-07-03"
"Western Gerygone","Gerygone fusca","u463a","Gerygone fusca exsul",TRUE,FALSE,NA,"Sedentary","local dispersal;partial migrant","Invertivore","Carnivore","Insessorial","understory",3,"LC","not listed","not listed","new_england",3778,7,FALSE,NA,NA,NA,NA,NA,NA,NA,NA,NA,NA,FALSE,0.00758389080452339,0.237353516270582,FALSE,334105,0.55368209776993,"2026-07-03"
"Western Gerygone","Gerygone fusca","u463a","Gerygone fusca exsul",TRUE,FALSE,NA,"Sedentary","local dispersal;partial migrant","Invertivore","Carnivore","Insessorial","understory",3,"LC","not listed","not listed","south_west",1549,48,TRUE,0.816529516671232,1.69570147822005,277,"04 Oct",1,TRUE,224,353,"12 Aug","19 Dec",FALSE,0.0657878838107915,0.140171563983274,FALSE,334105,0.55368209776993,"2026-07-03"
"Cockatiel","Nymphicus hollandicus","u274","Nymphicus hollandicus",TRUE,FALSE,NA,"Partial migrant","partial migrant;nomadic","Granivore","Herbivore","Terrestrial","ground",3,"LC","not listed","not listed","statewide",324797,4168,TRUE,0.415409347974521,0.536843416810056,319,"15 Nov",0.008,FALSE,NA,NA,NA,NA,FALSE,2.99970002049683,0.119867919770394,FALSE,334099,0.716456292049416,"2026-07-03"
"Cockatiel","Nymphicus hollandicus","u274","Nymphicus hollandicus",TRUE,FALSE,NA,"Partial migrant","partial migrant;nomadic","Granivore","Herbivore","Terrestrial","ground",3,"LC","not listed","not listed","central_west",3969,123,TRUE,0.401179327971441,0.512793104606765,317,"13 Nov",0.017,FALSE,NA,NA,NA,NA,FALSE,0.745198867562684,0.104666015193103,FALSE,334099,0.716456292049416,"2026-07-03"
"Cockatiel","Nymphicus hollandicus","u274","Nymphicus hollandicus",TRUE,FALSE,NA,"Partial migrant","partial migrant;nomadic","Granivore","Herbivore","Terrestrial","ground",3,"LC","not listed","not listed","new_england",3778,60,TRUE,0.416354676643264,0.538461803668525,316,"12 Nov",0.007,FALSE,NA,NA,NA,NA,FALSE,0.00341406942350066,0.127281501294135,FALSE,334099,0.716456292049416,"2026-07-03"
"Cockatiel","Nymphicus hollandicus","u274","Nymphicus hollandicus",TRUE,FALSE,NA,"Partial migrant","partial migrant;nomadic","Granivore","Herbivore","Terrestrial","ground",3,"LC","not listed","not listed","south_west",1555,24,TRUE,0.701634997959254,1.20943770291724,283,"10 Oct",0.941,FALSE,NA,NA,NA,NA,FALSE,0.784306213849335,0.107072250277587,FALSE,334099,0.716456292049416,"2026-07-03"
"Collared Sparrowhawk","Tachyspiza cirrocephala","u222","Accipiter cirrocephalus cirrocephalus",TRUE,FALSE,NA,"Partial migrant","local dispersal;partial migrant","Vertivore","Carnivore","Generalist","mid-high",4,"LC","not listed","not listed","statewide",324802,3620,TRUE,0.17689912670845,0.194676518025423,1,"01 Jan",0,FALSE,NA,NA,NA,NA,FALSE,0.0107060953679783,0.087819998926012,FALSE,334105,0.110148504746182,"2026-07-03"
"Collared Sparrowhawk","Tachyspiza cirrocephala","u222","Accipiter cirrocephalus cirrocephalus",TRUE,FALSE,NA,"Partial migrant","local dispersal;partial migrant","Vertivore","Carnivore","Generalist","mid-high",4,"LC","not listed","not listed","central_west",3967,48,TRUE,0.17827793014938,0.196353055636524,10,"10 Jan",0,FALSE,NA,NA,NA,NA,FALSE,0.010454777324319,0.0653253211577392,FALSE,334105,0.110148504746182,"2026-07-03"
"Collared Sparrowhawk","Tachyspiza cirrocephala","u222","Accipiter cirrocephalus cirrocephalus",TRUE,FALSE,NA,"Partial migrant","local dispersal;partial migrant","Vertivore","Carnivore","Generalist","mid-high",4,"LC","not listed","not listed","new_england",3783,46,TRUE,0.1782101419344,0.196270563731394,9,"09 Jan",0,FALSE,NA,NA,NA,NA,FALSE,0.0073041793108697,0.0783743530775773,FALSE,334105,0.110148504746182,"2026-07-03"
"Collared Sparrowhawk","Tachyspiza cirrocephala","u222","Accipiter cirrocephalus cirrocephalus",TRUE,FALSE,NA,"Partial migrant","local dispersal;partial migrant","Vertivore","Carnivore","Generalist","mid-high",4,"LC","not listed","not listed","south_west",1553,8,FALSE,NA,NA,NA,NA,NA,NA,NA,NA,NA,NA,FALSE,0.00855355687547026,0.0892626846897537,FALSE,334105,0.110148504746182,"2026-07-03"
"Ruddy Turnstone","Arenaria interpres","u129","Arenaria interpres interpres",TRUE,FALSE,NA,"Migratory","total migrant","Aquatic predator","Carnivore","Terrestrial","ground",4,"NT","not listed","not listed","statewide",324815,970,TRUE,0.875789666096175,2.0857789092095,76,"17 Mar",1,TRUE,283,117,"10 Oct","27 Apr",TRUE,0.000868629415401914,0.428383379509721,FALSE,334105,0.873849035786859,"2026-07-03"
"Ruddy Turnstone","Arenaria interpres","u129","Arenaria interpres interpres",TRUE,FALSE,NA,"Migratory","total migrant","Aquatic predator","Carnivore","Terrestrial","ground",4,"NT","not listed","not listed","central_west",3966,0,FALSE,NA,NA,NA,NA,NA,NA,NA,NA,NA,NA,FALSE,0,0,TRUE,334105,0.873849035786859,"2026-07-03"
"Ruddy Turnstone","Arenaria interpres","u129","Arenaria interpres interpres",TRUE,FALSE,NA,"Migratory","total migrant","Aquatic predator","Carnivore","Terrestrial","ground",4,"NT","not listed","not listed","new_england",3782,0,FALSE,NA,NA,NA,NA,NA,NA,NA,NA,NA,NA,FALSE,0,0,TRUE,334105,0.873849035786859,"2026-07-03"
"Ruddy Turnstone","Arenaria interpres","u129","Arenaria interpres interpres",TRUE,FALSE,NA,"Migratory","total migrant","Aquatic predator","Carnivore","Terrestrial","ground",4,"NT","not listed","not listed","south_west",1542,0,FALSE,NA,NA,NA,NA,NA,NA,NA,NA,NA,NA,FALSE,0,0,TRUE,334105,0.873849035786859,"2026-07-03"
"Bassian Thrush","Zoothera lunulata","u779c","Zoothera lunulata lunulata",TRUE,FALSE,NA,"Sedentary","local dispersal;partial migrant","Invertivore","Carnivore","Terrestrial","ground",4,"LC","VU","not listed","statewide",324803,2511,TRUE,0.31983138630736,0.385414550236605,213,"01 Aug",0,FALSE,NA,NA,NA,NA,FALSE,0.0114446663537887,0.187871810803217,FALSE,334105,0.558472549835148,"2026-07-03"
"Bassian Thrush","Zoothera lunulata","u779c","Zoothera lunulata lunulata",TRUE,FALSE,NA,"Sedentary","local dispersal;partial migrant","Invertivore","Carnivore","Terrestrial","ground",4,"LC","VU","not listed","central_west",3969,0,FALSE,NA,NA,NA,NA,NA,NA,NA,NA,NA,NA,FALSE,0,0,TRUE,334105,0.558472549835148,"2026-07-03"
"Bassian Thrush","Zoothera lunulata","u779c","Zoothera lunulata lunulata",TRUE,FALSE,NA,"Sedentary","local dispersal;partial migrant","Invertivore","Carnivore","Terrestrial","ground",4,"LC","VU","not listed","new_england",3782,1,FALSE,NA,NA,NA,NA,NA,NA,NA,NA,NA,NA,FALSE,0.0126678306351145,0.22235034018739,FALSE,334105,0.558472549835148,"2026-07-03"
"Bassian Thrush","Zoothera lunulata","u779c","Zoothera lunulata lunulata",TRUE,FALSE,NA,"Sedentary","local dispersal;partial migrant","Invertivore","Carnivore","Terrestrial","ground",4,"LC","VU","not listed","south_west",1551,0,FALSE,NA,NA,NA,NA,NA,NA,NA,NA,NA,NA,FALSE,3.58739179957891e-06,0.590105475047055,FALSE,334105,0.558472549835148,"2026-07-03"
"Scarlet Robin","Petroica boodang","u380a","Petroica boodang boodang",TRUE,FALSE,NA,"Sedentary","local dispersal;partial migrant","Invertivore","Carnivore","Insessorial","mid-high",4,"LC","not listed","VU","statewide",324804,6939,TRUE,0.886049895826486,2.17199460908714,172,"21 Jun",1,TRUE,81,232,"22 Mar","20 Aug",FALSE,0.0825901809234692,0.151336080538478,FALSE,334105,0.634497843354076,"2026-07-03"
"Scarlet Robin","Petroica boodang","u380a","Petroica boodang boodang",TRUE,FALSE,NA,"Sedentary","local dispersal;partial migrant","Invertivore","Carnivore","Insessorial","mid-high",4,"LC","not listed","VU","central_west",3968,19,FALSE,NA,NA,NA,NA,NA,NA,NA,NA,NA,NA,FALSE,0.046666260650251,0.114279737658765,FALSE,334105,0.634497843354076,"2026-07-03"
"Scarlet Robin","Petroica boodang","u380a","Petroica boodang boodang",TRUE,FALSE,NA,"Sedentary","local dispersal;partial migrant","Invertivore","Carnivore","Insessorial","mid-high",4,"LC","not listed","VU","new_england",3782,196,TRUE,0.868785110797192,2.03091892413356,170,"19 Jun",1,TRUE,79,231,"20 Mar","19 Aug",FALSE,0.652436704425286,0.0887220478722391,FALSE,334105,0.634497843354076,"2026-07-03"
"Scarlet Robin","Petroica boodang","u380a","Petroica boodang boodang",TRUE,FALSE,NA,"Sedentary","local dispersal;partial migrant","Invertivore","Carnivore","Insessorial","mid-high",4,"LC","not listed","VU","south_west",1551,0,FALSE,NA,NA,NA,NA,NA,NA,NA,NA,NA,NA,FALSE,7.26725790874024e-05,0.318927174606334,FALSE,334105,0.634497843354076,"2026-07-03"
"Australian Boobook","Ninox boobook","u242a","Ninox boobook boobook",TRUE,FALSE,NA,"Partial migrant","local dispersal;partial migrant","Invertivore","Carnivore","Insessorial","mid-high",4,"LC","not listed","not listed","statewide",324808,2654,TRUE,0.501266708392698,0.695683811875957,241,"29 Aug",0.515,FALSE,NA,NA,NA,NA,FALSE,0.658380427640745,0.137736750050354,FALSE,334105,0.4426733643583,"2026-07-03"
"Australian Boobook","Ninox boobook","u242a","Ninox boobook boobook",TRUE,FALSE,NA,"Partial migrant","local dispersal;partial migrant","Invertivore","Carnivore","Insessorial","mid-high",4,"LC","not listed","not listed","central_west",3969,24,TRUE,0.501668463075705,0.696489686666147,238,"26 Aug",0.523,FALSE,NA,NA,NA,NA,FALSE,0.752165720678659,0.123991375653942,FALSE,334105,0.4426733643583,"2026-07-03"
"Australian Boobook","Ninox boobook","u242a","Ninox boobook boobook",TRUE,FALSE,NA,"Partial migrant","local dispersal;partial migrant","Invertivore","Carnivore","Insessorial","mid-high",4,"LC","not listed","not listed","new_england",3778,33,TRUE,0.501912407533833,0.696979328937771,240,"28 Aug",0.529,FALSE,NA,NA,NA,NA,FALSE,0.712881046463207,0.112589862400651,FALSE,334105,0.4426733643583,"2026-07-03"
"Australian Boobook","Ninox boobook","u242a","Ninox boobook boobook",TRUE,FALSE,NA,"Partial migrant","local dispersal;partial migrant","Invertivore","Carnivore","Insessorial","mid-high",4,"LC","not listed","not listed","south_west",1550,37,TRUE,0.49992519981222,0.692997591373405,239,"27 Aug",0.497,FALSE,NA,NA,NA,NA,FALSE,0.470569762340795,0.144267098550594,FALSE,334105,0.4426733643583,"2026-07-03"
"Emu","Dromaius novaehollandiae","u1b","Dromaius novaehollandiae novaehollandiae",TRUE,FALSE,NA,"Sedentary","local dispersal;irruptive","Omnivore","Herbivore","Terrestrial","understory",5,"LC","EX","EN (population)","statewide",324816,3766,TRUE,0.000371719977487639,0.000371789082484142,332,"28 Nov",0,FALSE,NA,NA,NA,NA,FALSE,0.45646719292689,0.0905499474406242,FALSE,334104,0.648060667262662,"2026-07-03"
"Emu","Dromaius novaehollandiae","u1b","Dromaius novaehollandiae novaehollandiae",TRUE,FALSE,NA,"Sedentary","local dispersal;irruptive","Omnivore","Herbivore","Terrestrial","understory",5,"LC","EX","EN (population)","central_west",3971,85,TRUE,0.00146944709691899,0.00147052779311796,14,"14 Jan",0,FALSE,NA,NA,NA,NA,FALSE,0.0415903055605119,0.0847636282971611,FALSE,334104,0.648060667262662,"2026-07-03"
"Emu","Dromaius novaehollandiae","u1b","Dromaius novaehollandiae novaehollandiae",TRUE,FALSE,NA,"Sedentary","local dispersal;irruptive","Omnivore","Herbivore","Terrestrial","understory",5,"LC","EX","EN (population)","new_england",3779,1,FALSE,NA,NA,NA,NA,NA,NA,NA,NA,NA,NA,FALSE,0.000160551900909004,0.152455289094221,FALSE,334104,0.648060667262662,"2026-07-03"
"Emu","Dromaius novaehollandiae","u1b","Dromaius novaehollandiae novaehollandiae",TRUE,FALSE,NA,"Sedentary","local dispersal;irruptive","Omnivore","Herbivore","Terrestrial","understory",5,"LC","EX","EN (population)","south_west",1538,211,TRUE,0.00211697256533783,0.00211921651924429,142,"22 May",0,FALSE,NA,NA,NA,NA,FALSE,0.472062877532423,0.0741736434472113,FALSE,334104,0.648060667262662,"2026-07-03"
"White-bellied Cuckooshrike","Coracina papuensis","u425b;u425e","Coracina papuensis artamoides;Coracina papuensis robusta",TRUE,TRUE,"multiple_nsw_subspecies","Sedentary","local dispersal;partial migrant","Invertivore","Carnivore","Insessorial","mid-high",6,"LC","not listed","not listed","statewide",324823,3796,TRUE,0.0853743873415671,0.0892404639315822,173,"22 Jun",0,FALSE,NA,NA,NA,NA,FALSE,0.0199105665582223,0.163834386095345,FALSE,334105,0.321358900343828,"2026-07-03"
"White-bellied Cuckooshrike","Coracina papuensis","u425b;u425e","Coracina papuensis artamoides;Coracina papuensis robusta",TRUE,TRUE,"multiple_nsw_subspecies","Sedentary","local dispersal;partial migrant","Invertivore","Carnivore","Insessorial","mid-high",6,"LC","not listed","not listed","central_west",3965,66,TRUE,0.086258363547898,0.0902074209536332,183,"02 Jul",0,FALSE,NA,NA,NA,NA,FALSE,0.0455225559342723,0.100770624317984,FALSE,334105,0.321358900343828,"2026-07-03"
"White-bellied Cuckooshrike","Coracina papuensis","u425b;u425e","Coracina papuensis artamoides;Coracina papuensis robusta",TRUE,TRUE,"multiple_nsw_subspecies","Sedentary","local dispersal;partial migrant","Invertivore","Carnivore","Insessorial","mid-high",6,"LC","not listed","not listed","new_england",3777,45,TRUE,0.0872457291202156,0.0912885793230904,179,"28 Jun",0,FALSE,NA,NA,NA,NA,FALSE,0.0128137552268399,0.116992014357913,FALSE,334105,0.321358900343828,"2026-07-03"
"White-bellied Cuckooshrike","Coracina papuensis","u425b;u425e","Coracina papuensis artamoides;Coracina papuensis robusta",TRUE,TRUE,"multiple_nsw_subspecies","Sedentary","local dispersal;partial migrant","Invertivore","Carnivore","Insessorial","mid-high",6,"LC","not listed","not listed","south_west",1540,0,FALSE,NA,NA,NA,NA,NA,NA,NA,NA,NA,NA,FALSE,0.00378910109623566,0.175723057744464,FALSE,334105,0.321358900343828,"2026-07-03"
"Forest Raven","Corvus tasmanicus","u868a","Corvus tasmanicus boreus",TRUE,FALSE,NA,"Sedentary","local dispersal","Omnivore","Omnivore","Generalist","ground",4,"LC","not listed","not listed","statewide",324802,1779,TRUE,0.189558076536705,0.21017559557019,98,"08 Apr",0,FALSE,NA,NA,NA,NA,FALSE,0.0188438574092178,0.187927659184633,FALSE,334105,0.675793054993613,"2026-07-03"
"Forest Raven","Corvus tasmanicus","u868a","Corvus tasmanicus boreus",TRUE,FALSE,NA,"Sedentary","local dispersal","Omnivore","Omnivore","Generalist","ground",4,"LC","not listed","not listed","central_west",3970,0,FALSE,NA,NA,NA,NA,NA,NA,NA,NA,NA,NA,FALSE,0,0,TRUE,334105,0.675793054993613,"2026-07-03"
"Forest Raven","Corvus tasmanicus","u868a","Corvus tasmanicus boreus",TRUE,FALSE,NA,"Sedentary","local dispersal","Omnivore","Omnivore","Generalist","ground",4,"LC","not listed","not listed","new_england",3782,250,TRUE,0.190346237025962,0.211148575818251,85,"26 Mar",0,FALSE,NA,NA,NA,NA,FALSE,0.571685382599669,0.192180622519282,FALSE,334105,0.675793054993613,"2026-07-03"
"Forest Raven","Corvus tasmanicus","u868a","Corvus tasmanicus boreus",TRUE,FALSE,NA,"Sedentary","local dispersal","Omnivore","Omnivore","Generalist","ground",4,"LC","not listed","not listed","south_west",1551,0,FALSE,NA,NA,NA,NA,NA,NA,NA,NA,NA,NA,FALSE,0,0,TRUE,334105,0.675793054993613,"2026-07-03"
"White-browed Woodswallow","Artamus superciliosus","u545","Artamus superciliosus",TRUE,FALSE,NA,"Migratory","nomadic;irruptive","Invertivore","Carnivore","Aerial","understory",1,"LC","not listed","not listed","statewide",324771,4419,TRUE,0.998196698075616,6.31813589210567,291,"18 Oct",1,TRUE,258,358,"15 Sep","24 Dec",FALSE,19.0664110929504,0.155937415246007,FALSE,334069,0.584838967227067,"2026-07-03"
"White-browed Woodswallow","Artamus superciliosus","u545","Artamus superciliosus",TRUE,FALSE,NA,"Migratory","nomadic;irruptive","Invertivore","Carnivore","Aerial","understory",1,"LC","not listed","not listed","central_west",3969,109,TRUE,0.99831638315474,6.3868109156177,292,"19 Oct",1,TRUE,259,363,"16 Sep","29 Dec",FALSE,3.8672930914354,0.127085713562727,FALSE,334069,0.584838967227067,"2026-07-03"
"White-browed Woodswallow","Artamus superciliosus","u545","Artamus superciliosus",TRUE,FALSE,NA,"Migratory","nomadic;irruptive","Invertivore","Carnivore","Aerial","understory",1,"LC","not listed","not listed","new_england",3780,31,TRUE,0.99821423180696,6.32790659608249,291,"18 Oct",1,TRUE,258,358,"15 Sep","24 Dec",FALSE,1.55619971071464,0.132334074785393,FALSE,334069,0.584838967227067,"2026-07-03"
"White-browed Woodswallow","Artamus superciliosus","u545","Artamus superciliosus",TRUE,FALSE,NA,"Migratory","nomadic;irruptive","Invertivore","Carnivore","Aerial","understory",1,"LC","not listed","not listed","south_west",1549,30,TRUE,0.998188244271376,6.31345888805126,291,"18 Oct",1,TRUE,258,358,"15 Sep","24 Dec",FALSE,20.4270033419398,0.168765608834479,FALSE,334069,0.584838967227067,"2026-07-03"
"Australian Shelduck","Tadorna tadornoides","u207","Tadorna tadornoides",TRUE,FALSE,NA,"Partial migrant","total migrant","Omnivore","Omnivore","Terrestrial","around-water",4,"LC","not listed","not listed","statewide",324769,4597,TRUE,0.367572221881283,0.458189249692584,285,"12 Oct",0,FALSE,NA,NA,NA,NA,FALSE,0.1630006504721,0.178332459093398,FALSE,334063,0.730543012741993,"2026-07-03"
"Australian Shelduck","Tadorna tadornoides","u207","Tadorna tadornoides",TRUE,FALSE,NA,"Partial migrant","total migrant","Omnivore","Omnivore","Terrestrial","around-water",4,"LC","not listed","not listed","central_west",3969,0,FALSE,NA,NA,NA,NA,NA,NA,NA,NA,NA,NA,FALSE,0,0,TRUE,334063,0.730543012741993,"2026-07-03"
"Australian Shelduck","Tadorna tadornoides","u207","Tadorna tadornoides",TRUE,FALSE,NA,"Partial migrant","total migrant","Omnivore","Omnivore","Terrestrial","around-water",4,"LC","not listed","not listed","new_england",3777,1,FALSE,NA,NA,NA,NA,NA,NA,NA,NA,NA,NA,FALSE,0,0,TRUE,334063,0.730543012741993,"2026-07-03"
"Australian Shelduck","Tadorna tadornoides","u207","Tadorna tadornoides",TRUE,FALSE,NA,"Partial migrant","total migrant","Omnivore","Omnivore","Terrestrial","around-water",4,"LC","not listed","not listed","south_west",1548,45,TRUE,0.367892453927091,0.458695731475303,283,"10 Oct",0,FALSE,NA,NA,NA,NA,FALSE,0.636948255857039,0.179220690813023,FALSE,334063,0.730543012741993,"2026-07-03"
"White-winged Fairywren","Malurus leucopterus","u535b","Malurus leucopterus leuconotus",TRUE,FALSE,NA,"Sedentary","local dispersal","Invertivore","Carnivore","Insessorial","understory",5,"LC","VU","not listed","statewide",324803,3717,TRUE,0.264351588461279,0.307002976102768,55,"24 Feb",0,FALSE,NA,NA,NA,NA,FALSE,1.74846514651549,0.106533684412885,FALSE,334105,0.816356112467518,"2026-07-03"
"White-winged Fairywren","Malurus leucopterus","u535b","Malurus leucopterus leuconotus",TRUE,FALSE,NA,"Sedentary","local dispersal","Invertivore","Carnivore","Insessorial","understory",5,"LC","VU","not listed","central_west",3970,1,FALSE,NA,NA,NA,NA,NA,NA,NA,NA,NA,NA,FALSE,0.0646577522900959,0.127277255822451,FALSE,334105,0.816356112467518,"2026-07-03"
"White-winged Fairywren","Malurus leucopterus","u535b","Malurus leucopterus leuconotus",TRUE,FALSE,NA,"Sedentary","local dispersal","Invertivore","Carnivore","Insessorial","understory",5,"LC","VU","not listed","new_england",3783,0,FALSE,NA,NA,NA,NA,NA,NA,NA,NA,NA,NA,FALSE,0,0,TRUE,334105,0.816356112467518,"2026-07-03"
"White-winged Fairywren","Malurus leucopterus","u535b","Malurus leucopterus leuconotus",TRUE,FALSE,NA,"Sedentary","local dispersal","Invertivore","Carnivore","Insessorial","understory",5,"LC","VU","not listed","south_west",1549,212,TRUE,0.264629360489179,0.307380635428123,46,"15 Feb",0,FALSE,NA,NA,NA,NA,FALSE,3.91695866897429,0.0959030210945975,FALSE,334105,0.816356112467518,"2026-07-03"
"Chestnut-rumped Thornbill","Acanthiza uropygialis","u481","Acanthiza uropygialis",TRUE,FALSE,NA,"Sedentary","local dispersal","Invertivore","Carnivore","Insessorial","understory",3,"LC","not listed","not listed","statewide",324802,5249,TRUE,0.000301822432266952,0.000301867989824345,60,"01 Mar",0,FALSE,NA,NA,NA,NA,FALSE,0.499880755669811,0.125076884528731,FALSE,334105,0.791026680172272,"2026-07-03"
"Chestnut-rumped Thornbill","Acanthiza uropygialis","u481","Acanthiza uropygialis",TRUE,FALSE,NA,"Sedentary","local dispersal","Invertivore","Carnivore","Insessorial","understory",3,"LC","not listed","not listed","central_west",3967,9,FALSE,NA,NA,NA,NA,NA,NA,NA,NA,NA,NA,FALSE,0.0285838620872696,0.106292997148489,FALSE,334105,0.791026680172272,"2026-07-03"
"Chestnut-rumped Thornbill","Acanthiza uropygialis","u481","Acanthiza uropygialis",TRUE,FALSE,NA,"Sedentary","local dispersal","Invertivore","Carnivore","Insessorial","understory",3,"LC","not listed","not listed","new_england",3781,0,FALSE,NA,NA,NA,NA,NA,NA,NA,NA,NA,NA,FALSE,6.74917723712155e-06,0.208271150259261,FALSE,334105,0.791026680172272,"2026-07-03"
"Chestnut-rumped Thornbill","Acanthiza uropygialis","u481","Acanthiza uropygialis",TRUE,FALSE,NA,"Sedentary","local dispersal","Invertivore","Carnivore","Insessorial","understory",3,"LC","not listed","not listed","south_west",1555,140,TRUE,0.00125308342793073,0.00125386919345782,119,"29 Apr",0,FALSE,NA,NA,NA,NA,FALSE,0.898786264733745,0.100247122000129,FALSE,334105,0.791026680172272,"2026-07-03"
"Common Tern","Sterna hirundo","u953b","Sterna hirundo longipennis",TRUE,FALSE,NA,"Migratory","total migrant","Aquatic predator","Carnivore","Aerial","below-water",6,"LC","not listed","not listed","statewide",324805,1156,TRUE,0.989090880686804,4.51815620529225,56,"25 Feb",1,TRUE,295,97,"22 Oct","07 Apr",TRUE,0.00531652038316847,0.661485551398426,FALSE,334098,0.877216555024166,"2026-07-03"
"Common Tern","Sterna hirundo","u953b","Sterna hirundo longipennis",TRUE,FALSE,NA,"Migratory","total migrant","Aquatic predator","Carnivore","Aerial","below-water",6,"LC","not listed","not listed","central_west",3966,0,FALSE,NA,NA,NA,NA,NA,NA,NA,NA,NA,NA,FALSE,0,0,TRUE,334098,0.877216555024166,"2026-07-03"
"Common Tern","Sterna hirundo","u953b","Sterna hirundo longipennis",TRUE,FALSE,NA,"Migratory","total migrant","Aquatic predator","Carnivore","Aerial","below-water",6,"LC","not listed","not listed","new_england",3779,0,FALSE,NA,NA,NA,NA,NA,NA,NA,NA,NA,NA,FALSE,0,0,TRUE,334098,0.877216555024166,"2026-07-03"
"Common Tern","Sterna hirundo","u953b","Sterna hirundo longipennis",TRUE,FALSE,NA,"Migratory","total migrant","Aquatic predator","Carnivore","Aerial","below-water",6,"LC","not listed","not listed","south_west",1548,0,FALSE,NA,NA,NA,NA,NA,NA,NA,NA,NA,NA,FALSE,0,0,TRUE,334098,0.877216555024166,"2026-07-03"
"White-browed Babbler","Pomatostomus superciliosus","u445c;u445d","Pomatostomus superciliosus gilgandra;Pomatostomus superciliosus superciliosus",TRUE,TRUE,"multiple_nsw_subspecies","Sedentary","local dispersal","Invertivore","Carnivore","Generalist","ground",3,"LC","not listed","not listed","statewide",324799,6296,TRUE,0.0818042825604958,0.0853447112603316,117,"27 Apr",0,FALSE,NA,NA,NA,NA,FALSE,0.208694779914684,0.150339480146467,FALSE,334105,0.688940562845582,"2026-07-03"
"White-browed Babbler","Pomatostomus superciliosus","u445c;u445d","Pomatostomus superciliosus gilgandra;Pomatostomus superciliosus superciliosus",TRUE,TRUE,"multiple_nsw_subspecies","Sedentary","local dispersal","Invertivore","Carnivore","Generalist","ground",3,"LC","not listed","not listed","central_west",3970,172,TRUE,0.0828869080191954,0.0865244861066303,139,"19 May",0,FALSE,NA,NA,NA,NA,FALSE,0.218595224682038,0.0867595109037207,FALSE,334105,0.688940562845582,"2026-07-03"
"White-browed Babbler","Pomatostomus superciliosus","u445c;u445d","Pomatostomus superciliosus gilgandra;Pomatostomus superciliosus superciliosus",TRUE,TRUE,"multiple_nsw_subspecies","Sedentary","local dispersal","Invertivore","Carnivore","Generalist","ground",3,"LC","not listed","not listed","new_england",3780,23,TRUE,0.082483937603254,0.0860851925072015,115,"25 Apr",0,FALSE,NA,NA,NA,NA,FALSE,0.00659392130379109,0.401265330511153,FALSE,334105,0.688940562845582,"2026-07-03"
"White-browed Babbler","Pomatostomus superciliosus","u445c;u445d","Pomatostomus superciliosus gilgandra;Pomatostomus superciliosus superciliosus",TRUE,TRUE,"multiple_nsw_subspecies","Sedentary","local dispersal","Invertivore","Carnivore","Generalist","ground",3,"LC","not listed","not listed","south_west",1556,26,TRUE,0.0820525536604734,0.085615137996534,128,"08 May",0,FALSE,NA,NA,NA,NA,FALSE,0.545384564110409,0.106370288109426,FALSE,334105,0.688940562845582,"2026-07-03"
"Magpie Goose","Anseranas semipalmata","u199","Anseranas semipalmata",TRUE,FALSE,NA,"Partial migrant","total migrant;nomadic","Omnivore","Herbivore","Terrestrial","ground",4,"LC","not listed","VU","statewide",324773,4117,TRUE,0.307812963998856,0.367899076645754,329,"25 Nov",0,FALSE,NA,NA,NA,NA,FALSE,0.477260168351466,0.224630031095911,FALSE,334062,0.665415502210204,"2026-07-03"
"Magpie Goose","Anseranas semipalmata","u199","Anseranas semipalmata",TRUE,FALSE,NA,"Partial migrant","total migrant;nomadic","Omnivore","Herbivore","Terrestrial","ground",4,"LC","not listed","VU","central_west",3965,10,FALSE,NA,NA,NA,NA,NA,NA,NA,NA,NA,NA,FALSE,0.0457119883971812,0.176552931947464,FALSE,334062,0.665415502210204,"2026-07-03"
"Magpie Goose","Anseranas semipalmata","u199","Anseranas semipalmata",TRUE,FALSE,NA,"Partial migrant","total migrant;nomadic","Omnivore","Herbivore","Terrestrial","ground",4,"LC","not listed","VU","new_england",3776,7,FALSE,NA,NA,NA,NA,NA,NA,NA,NA,NA,NA,FALSE,0.000131764422223104,0.291502580046654,FALSE,334062,0.665415502210204,"2026-07-03"
"Magpie Goose","Anseranas semipalmata","u199","Anseranas semipalmata",TRUE,FALSE,NA,"Partial migrant","total migrant;nomadic","Omnivore","Herbivore","Terrestrial","ground",4,"LC","not listed","VU","south_west",1548,6,FALSE,NA,NA,NA,NA,NA,NA,NA,NA,NA,NA,FALSE,0.177447164091356,0.294800631196043,FALSE,334062,0.665415502210204,"2026-07-03"
"Southern Emuwren","Stipiturus malachurus","u526e","Stipiturus malachurus malachurus",TRUE,FALSE,NA,"Sedentary","local dispersal","Invertivore","Carnivore","Generalist","ground",5,"LC","EN","not listed","statewide",324809,1796,TRUE,0.140728326516578,0.151670139847965,54,"23 Feb",0,FALSE,NA,NA,NA,NA,FALSE,0.00480832009346363,0.196417596824433,FALSE,334105,0.680612358316793,"2026-07-03"
"Southern Emuwren","Stipiturus malachurus","u526e","Stipiturus malachurus malachurus",TRUE,FALSE,NA,"Sedentary","local dispersal","Invertivore","Carnivore","Generalist","ground",5,"LC","EN","not listed","central_west",3970,0,FALSE,NA,NA,NA,NA,NA,NA,NA,NA,NA,NA,FALSE,0,0,TRUE,334105,0.680612358316793,"2026-07-03"
"Southern Emuwren","Stipiturus malachurus","u526e","Stipiturus malachurus malachurus",TRUE,FALSE,NA,"Sedentary","local dispersal","Invertivore","Carnivore","Generalist","ground",5,"LC","EN","not listed","new_england",3780,0,FALSE,NA,NA,NA,NA,NA,NA,NA,NA,NA,NA,FALSE,0,0,TRUE,334105,0.680612358316793,"2026-07-03"
"Southern Emuwren","Stipiturus malachurus","u526e","Stipiturus malachurus malachurus",TRUE,FALSE,NA,"Sedentary","local dispersal","Invertivore","Carnivore","Generalist","ground",5,"LC","EN","not listed","south_west",1546,0,FALSE,NA,NA,NA,NA,NA,NA,NA,NA,NA,NA,FALSE,0,0,TRUE,334105,0.680612358316793,"2026-07-03"
"Red-necked Avocet","Recurvirostra novaehollandiae","u148","Recurvirostra novaehollandiae",TRUE,FALSE,NA,"Partial migrant","nomadic;irruptive","Aquatic predator","Carnivore","Terrestrial","around-water",2,"LC","not listed","not listed","statewide",324713,1852,TRUE,0.456804808471036,0.610286554895823,293,"20 Oct",0.199,FALSE,NA,NA,NA,NA,FALSE,0.264104593566026,0.294410587814866,FALSE,334006,0.646450300141107,"2026-07-03"
"Red-necked Avocet","Recurvirostra novaehollandiae","u148","Recurvirostra novaehollandiae",TRUE,FALSE,NA,"Partial migrant","nomadic;irruptive","Aquatic predator","Carnivore","Terrestrial","around-water",2,"LC","not listed","not listed","central_west",3969,19,FALSE,NA,NA,NA,NA,NA,NA,NA,NA,NA,NA,FALSE,0.0060642588933976,0.267595026020989,FALSE,334006,0.646450300141107,"2026-07-03"
"Red-necked Avocet","Recurvirostra novaehollandiae","u148","Recurvirostra novaehollandiae",TRUE,FALSE,NA,"Partial migrant","nomadic;irruptive","Aquatic predator","Carnivore","Terrestrial","around-water",2,"LC","not listed","not listed","new_england",3775,10,FALSE,NA,NA,NA,NA,NA,NA,NA,NA,NA,NA,FALSE,0.000378354460590214,0.566719050076092,FALSE,334006,0.646450300141107,"2026-07-03"
"Red-necked Avocet","Recurvirostra novaehollandiae","u148","Recurvirostra novaehollandiae",TRUE,FALSE,NA,"Partial migrant","nomadic;irruptive","Aquatic predator","Carnivore","Terrestrial","around-water",2,"LC","not listed","not listed","south_west",1549,7,FALSE,NA,NA,NA,NA,NA,NA,NA,NA,NA,NA,FALSE,0.499628503406888,0.290029209511642,FALSE,334006,0.646450300141107,"2026-07-03"
"Diamond Firetail","Stagonopleura guttata","u652","Stagonopleura guttata",TRUE,FALSE,NA,"Sedentary","local dispersal;partial migrant","Granivore","Herbivore","Terrestrial","ground",5,"VU","not listed","VU","statewide",324803,4100,TRUE,0.579541383495307,0.866409219383209,112,"22 Apr",1,TRUE,26,189,"26 Jan","08 Jul",FALSE,0.106775382600305,0.131771078185915,FALSE,334105,0.61593839852342,"2026-07-03"
"Diamond Firetail","Stagonopleura guttata","u652","Stagonopleura guttata",TRUE,FALSE,NA,"Sedentary","local dispersal;partial migrant","Granivore","Herbivore","Terrestrial","ground",5,"VU","not listed","VU","central_west",3965,157,TRUE,0.581185422094221,0.870326991838511,110,"20 Apr",1,TRUE,26,189,"26 Jan","08 Jul",FALSE,0.43570081719998,0.0961418640803074,FALSE,334105,0.61593839852342,"2026-07-03"
"Diamond Firetail","Stagonopleura guttata","u652","Stagonopleura guttata",TRUE,FALSE,NA,"Sedentary","local dispersal;partial migrant","Granivore","Herbivore","Terrestrial","ground",5,"VU","not listed","VU","new_england",3781,187,TRUE,0.807722393078293,1.64881508183315,58,"27 Feb",1,TRUE,352,139,"18 Dec","19 May",TRUE,0.356298410910377,0.12801455187535,FALSE,334105,0.61593839852342,"2026-07-03"
"Diamond Firetail","Stagonopleura guttata","u652","Stagonopleura guttata",TRUE,FALSE,NA,"Sedentary","local dispersal;partial migrant","Granivore","Herbivore","Terrestrial","ground",5,"VU","not listed","VU","south_west",1556,5,FALSE,NA,NA,NA,NA,NA,NA,NA,NA,NA,NA,FALSE,0.00201004586123894,0.16947380561806,FALSE,334105,0.61593839852342,"2026-07-03"
"Greater Bluebonnet","Northiella haematogaster","u297a;u297b;u297d","Northiella haematogaster haematogaster;Northiella haematogaster haematorrhoa;Northiella haematogaster pallescens",TRUE,TRUE,"multiple_nsw_subspecies","Partial migrant","local dispersal","Omnivore","Herbivore","Insessorial","understory",3,"LC","not listed","not listed","statewide",324804,4544,TRUE,0.21629570114648,0.243723499607853,158,"07 Jun",0,FALSE,NA,NA,NA,NA,FALSE,1.48993323099064,0.172986342915907,FALSE,334105,0.784856417782546,"2026-07-03"
"Greater Bluebonnet","Northiella haematogaster","u297a;u297b;u297d","Northiella haematogaster haematogaster;Northiella haematogaster haematorrhoa;Northiella haematogaster pallescens",TRUE,TRUE,"multiple_nsw_subspecies","Partial migrant","local dispersal","Omnivore","Herbivore","Insessorial","understory",3,"LC","not listed","not listed","central_west",3966,26,TRUE,0.219181094006253,0.247412030557358,160,"09 Jun",0,FALSE,NA,NA,NA,NA,FALSE,0.274328838339851,0.181728360837024,FALSE,334105,0.784856417782546,"2026-07-03"
"Greater Bluebonnet","Northiella haematogaster","u297a;u297b;u297d","Northiella haematogaster haematogaster;Northiella haematogaster haematorrhoa;Northiella haematogaster pallescens",TRUE,TRUE,"multiple_nsw_subspecies","Partial migrant","local dispersal","Omnivore","Herbivore","Insessorial","understory",3,"LC","not listed","not listed","new_england",3781,0,FALSE,NA,NA,NA,NA,NA,NA,NA,NA,NA,NA,FALSE,4.3222815892953e-05,0.676136603308876,FALSE,334105,0.784856417782546,"2026-07-03"
"Greater Bluebonnet","Northiella haematogaster","u297a;u297b;u297d","Northiella haematogaster haematogaster;Northiella haematogaster haematorrhoa;Northiella haematogaster pallescens",TRUE,TRUE,"multiple_nsw_subspecies","Partial migrant","local dispersal","Omnivore","Herbivore","Insessorial","understory",3,"LC","not listed","not listed","south_west",1554,202,TRUE,0.217614596118145,0.245407816005772,157,"06 Jun",0,FALSE,NA,NA,NA,NA,FALSE,4.36970538448914,0.130139280446742,FALSE,334105,0.784856417782546,"2026-07-03"
"Noisy Pitta","Pitta versicolor",NA,NA,FALSE,FALSE,NA,"Sedentary","local dispersal;partial migrant","Invertivore","Carnivore","Terrestrial","ground",5,"LC","not listed","not listed","statewide",324801,1797,TRUE,0.591541261464823,0.895364377041486,248,"05 Sep",0.996,TRUE,152,342,"01 Jun","08 Dec",FALSE,0.0147772796195063,0.262350010706295,FALSE,334105,0.57660340158271,"2026-07-03"
"Noisy Pitta","Pitta versicolor",NA,NA,FALSE,FALSE,NA,"Sedentary","local dispersal;partial migrant","Invertivore","Carnivore","Terrestrial","ground",5,"LC","not listed","not listed","central_west",3969,0,FALSE,NA,NA,NA,NA,NA,NA,NA,NA,NA,NA,FALSE,0,0,TRUE,334105,0.57660340158271,"2026-07-03"
"Noisy Pitta","Pitta versicolor",NA,NA,FALSE,FALSE,NA,"Sedentary","local dispersal;partial migrant","Invertivore","Carnivore","Terrestrial","ground",5,"LC","not listed","not listed","new_england",3784,0,FALSE,NA,NA,NA,NA,NA,NA,NA,NA,NA,NA,FALSE,0.00518098061877047,0.423995275491195,FALSE,334105,0.57660340158271,"2026-07-03"
"Noisy Pitta","Pitta versicolor",NA,NA,FALSE,FALSE,NA,"Sedentary","local dispersal;partial migrant","Invertivore","Carnivore","Terrestrial","ground",5,"LC","not listed","not listed","south_west",1551,0,FALSE,NA,NA,NA,NA,NA,NA,NA,NA,NA,NA,FALSE,0,0,TRUE,334105,0.57660340158271,"2026-07-03"
"Powerful Owl","Ninox strenua","u248","Ninox strenua",TRUE,FALSE,NA,"Partial migrant","local dispersal","Vertivore","Carnivore","Insessorial","mid-high",4,"LC","not listed","VU","statewide",324813,1212,TRUE,0.244146124249222,0.279907207528703,244,"01 Sep",0,FALSE,NA,NA,NA,NA,FALSE,0.0154806102049629,0.359480891210548,FALSE,334105,0.529698728683183,"2026-07-03"
"Powerful Owl","Ninox strenua","u248","Ninox strenua",TRUE,FALSE,NA,"Partial migrant","local dispersal","Vertivore","Carnivore","Insessorial","mid-high",4,"LC","not listed","VU","central_west",3966,3,FALSE,NA,NA,NA,NA,NA,NA,NA,NA,NA,NA,FALSE,0.0101314824963425,0.43770545276833,FALSE,334105,0.529698728683183,"2026-07-03"
"Powerful Owl","Ninox strenua","u248","Ninox strenua",TRUE,FALSE,NA,"Partial migrant","local dispersal","Vertivore","Carnivore","Insessorial","mid-high",4,"LC","not listed","VU","new_england",3779,2,FALSE,NA,NA,NA,NA,NA,NA,NA,NA,NA,NA,FALSE,0.00832958986910879,0.327294387745263,FALSE,334105,0.529698728683183,"2026-07-03"
"Powerful Owl","Ninox strenua","u248","Ninox strenua",TRUE,FALSE,NA,"Partial migrant","local dispersal","Vertivore","Carnivore","Insessorial","mid-high",4,"LC","not listed","VU","south_west",1547,0,FALSE,NA,NA,NA,NA,NA,NA,NA,NA,NA,NA,FALSE,0,0,TRUE,334105,0.529698728683183,"2026-07-03"
"Australian Tern","Gelochelidon macrotarsa","u8794","Gelochelidon macrotarsa",TRUE,FALSE,NA,"Migratory","partial migrant","Omnivore","Carnivore","Aerial",NA,3,"LC","not listed","not listed","statewide",324805,2860,TRUE,0.583810410202314,0.876614377834973,239,"27 Aug",0.992,TRUE,153,324,"02 Jun","20 Nov",FALSE,0.254912666608489,0.263643051993679,FALSE,334103,0.757646173326315,"2026-07-03"
"Australian Tern","Gelochelidon macrotarsa","u8794","Gelochelidon macrotarsa",TRUE,FALSE,NA,"Migratory","partial migrant","Omnivore","Carnivore","Aerial",NA,3,"LC","not listed","not listed","central_west",3971,1,FALSE,NA,NA,NA,NA,NA,NA,NA,NA,NA,NA,FALSE,0.00209278407396467,0.275023319966894,FALSE,334103,0.757646173326315,"2026-07-03"
"Australian Tern","Gelochelidon macrotarsa","u8794","Gelochelidon macrotarsa",TRUE,FALSE,NA,"Migratory","partial migrant","Omnivore","Carnivore","Aerial",NA,3,"LC","not listed","not listed","new_england",3780,1,FALSE,NA,NA,NA,NA,NA,NA,NA,NA,NA,NA,FALSE,0.000524873977301852,0.613350034071358,FALSE,334103,0.757646173326315,"2026-07-03"
"Australian Tern","Gelochelidon macrotarsa","u8794","Gelochelidon macrotarsa",TRUE,FALSE,NA,"Migratory","partial migrant","Omnivore","Carnivore","Aerial",NA,3,"LC","not listed","not listed","south_west",1547,7,FALSE,NA,NA,NA,NA,NA,NA,NA,NA,NA,NA,FALSE,0.0449892065751977,0.200781621345507,FALSE,334103,0.757646173326315,"2026-07-03"
"Superb Parrot","Polytelis swainsonii","u277","Polytelis swainsonii",TRUE,FALSE,NA,"Partial migrant","local dispersal;partial migrant","Omnivore","Herbivore","Insessorial","understory",2,"LC","VU","VU","statewide",324805,3062,TRUE,0.792582044873621,1.57301941448269,326,"22 Nov",1,TRUE,257,16,"14 Sep","16 Jan",TRUE,0.527205359614787,0.203653247564912,FALSE,334105,0.640568205675342,"2026-07-03"
"Superb Parrot","Polytelis swainsonii","u277","Polytelis swainsonii",TRUE,FALSE,NA,"Partial migrant","local dispersal;partial migrant","Omnivore","Herbivore","Insessorial","understory",2,"LC","VU","VU","central_west",3971,69,TRUE,0.793618048820053,1.57802669503193,326,"22 Nov",1,TRUE,257,16,"14 Sep","16 Jan",TRUE,0.974782077090071,0.179933064199485,FALSE,334105,0.640568205675342,"2026-07-03"
"Superb Parrot","Polytelis swainsonii","u277","Polytelis swainsonii",TRUE,FALSE,NA,"Partial migrant","local dispersal;partial migrant","Omnivore","Herbivore","Insessorial","understory",2,"LC","VU","VU","new_england",3778,0,FALSE,NA,NA,NA,NA,NA,NA,NA,NA,NA,NA,FALSE,0,0,TRUE,334105,0.640568205675342,"2026-07-03"
"Superb Parrot","Polytelis swainsonii","u277","Polytelis swainsonii",TRUE,FALSE,NA,"Partial migrant","local dispersal;partial migrant","Omnivore","Herbivore","Insessorial","understory",2,"LC","VU","VU","south_west",1551,21,TRUE,0.735415381914076,1.32959416169731,323,"19 Nov",1,TRUE,256,12,"13 Sep","12 Jan",TRUE,0.081236791361103,0.225990452679543,FALSE,334105,0.640568205675342,"2026-07-03"
"Australian Spectacled Monarch","Symposiachrus trivirgatus","u375b","Symposiachrus trivirgatus gouldii",TRUE,FALSE,NA,"Sedentary",NA,"Invertivore","Carnivore","Insessorial",NA,4,"LC",NA,NA,"statewide",324802,3025,TRUE,0.904238124646315,2.34589063403023,290,"17 Oct",1,TRUE,251,92,"08 Sep","02 Apr",TRUE,0.0100337164629855,0.153728370477158,FALSE,334105,0.645864629268127,"2026-07-03"
"Australian Spectacled Monarch","Symposiachrus trivirgatus","u375b","Symposiachrus trivirgatus gouldii",TRUE,FALSE,NA,"Sedentary",NA,"Invertivore","Carnivore","Insessorial",NA,4,"LC",NA,NA,"central_west",3970,0,FALSE,NA,NA,NA,NA,NA,NA,NA,NA,NA,NA,FALSE,0,0,TRUE,334105,0.645864629268127,"2026-07-03"
"Australian Spectacled Monarch","Symposiachrus trivirgatus","u375b","Symposiachrus trivirgatus gouldii",TRUE,FALSE,NA,"Sedentary",NA,"Invertivore","Carnivore","Insessorial",NA,4,"LC",NA,NA,"new_england",3781,2,FALSE,NA,NA,NA,NA,NA,NA,NA,NA,NA,NA,FALSE,0.00166179852616899,0.297874064161761,FALSE,334105,0.645864629268127,"2026-07-03"
"Australian Spectacled Monarch","Symposiachrus trivirgatus","u375b","Symposiachrus trivirgatus gouldii",TRUE,FALSE,NA,"Sedentary",NA,"Invertivore","Carnivore","Insessorial",NA,4,"LC",NA,NA,"south_west",1552,0,FALSE,NA,NA,NA,NA,NA,NA,NA,NA,NA,NA,FALSE,0,0,TRUE,334105,0.645864629268127,"2026-07-03"
"Wompoo Fruit-Dove","Megaloprepia magnifica","u25c","Megaloprepia magnifica magnifica",TRUE,FALSE,NA,"Sedentary","local dispersal","Frugivore","Herbivore","Insessorial","understory",NA,NA,"not listed","VU","statewide",324800,1990,TRUE,0.557949983253181,0.81633224324588,329,"25 Nov",0.965,TRUE,226,30,"14 Aug","30 Jan",TRUE,0.013445386673391,0.220264803183864,FALSE,334105,0.702544063091834,"2026-07-03"
"Wompoo Fruit-Dove","Megaloprepia magnifica","u25c","Megaloprepia magnifica magnifica",TRUE,FALSE,NA,"Sedentary","local dispersal","Frugivore","Herbivore","Insessorial","understory",NA,NA,"not listed","VU","central_west",3974,0,FALSE,NA,NA,NA,NA,NA,NA,NA,NA,NA,NA,FALSE,0,0,TRUE,334105,0.702544063091834,"2026-07-03"
"Wompoo Fruit-Dove","Megaloprepia magnifica","u25c","Megaloprepia magnifica magnifica",TRUE,FALSE,NA,"Sedentary","local dispersal","Frugivore","Herbivore","Insessorial","understory",NA,NA,"not listed","VU","new_england",3779,2,FALSE,NA,NA,NA,NA,NA,NA,NA,NA,NA,NA,FALSE,0.00164965836187231,0.465698649747761,FALSE,334105,0.702544063091834,"2026-07-03"
"Wompoo Fruit-Dove","Megaloprepia magnifica","u25c","Megaloprepia magnifica magnifica",TRUE,FALSE,NA,"Sedentary","local dispersal","Frugivore","Herbivore","Insessorial","understory",NA,NA,"not listed","VU","south_west",1552,0,FALSE,NA,NA,NA,NA,NA,NA,NA,NA,NA,NA,FALSE,0,0,TRUE,334105,0.702544063091834,"2026-07-03"
"Pacific Emerald Dove","Chalcophaps longirostris","u33a","Chalcophaps longirostris rogersi",TRUE,FALSE,NA,"Sedentary","local dispersal","Omnivore","Herbivore","Generalist",NA,2,"LC","not listed","not listed","statewide",324801,2001,TRUE,0.289203654438466,0.34136932401827,2,"02 Jan",0,FALSE,NA,NA,NA,NA,FALSE,0.00538224618713137,0.243027702953979,FALSE,334105,0.610477100548958,"2026-07-03"
"Pacific Emerald Dove","Chalcophaps longirostris","u33a","Chalcophaps longirostris rogersi",TRUE,FALSE,NA,"Sedentary","local dispersal","Omnivore","Herbivore","Generalist",NA,2,"LC","not listed","not listed","central_west",3971,0,FALSE,NA,NA,NA,NA,NA,NA,NA,NA,NA,NA,FALSE,0,0,TRUE,334105,0.610477100548958,"2026-07-03"
"Pacific Emerald Dove","Chalcophaps longirostris","u33a","Chalcophaps longirostris rogersi",TRUE,FALSE,NA,"Sedentary","local dispersal","Omnivore","Herbivore","Generalist",NA,2,"LC","not listed","not listed","new_england",3780,0,FALSE,NA,NA,NA,NA,NA,NA,NA,NA,NA,NA,FALSE,0.00126667337484349,0.386278892760896,FALSE,334105,0.610477100548958,"2026-07-03"
"Pacific Emerald Dove","Chalcophaps longirostris","u33a","Chalcophaps longirostris rogersi",TRUE,FALSE,NA,"Sedentary","local dispersal","Omnivore","Herbivore","Generalist",NA,2,"LC","not listed","not listed","south_west",1553,0,FALSE,NA,NA,NA,NA,NA,NA,NA,NA,NA,NA,FALSE,0,0,TRUE,334105,0.610477100548958,"2026-07-03"
"Inland Thornbill","Acanthiza apicalis","u476a","Acanthiza apicalis albiventris",TRUE,FALSE,NA,"Sedentary","local dispersal","Invertivore","Carnivore","Insessorial","ground",4,"LC","not listed","not listed","statewide",324809,3013,TRUE,0.200295429030101,0.223512905804808,158,"07 Jun",0,FALSE,NA,NA,NA,NA,FALSE,0.166558200426726,0.128992369920458,FALSE,334105,0.716933556168934,"2026-07-03"
"Inland Thornbill","Acanthiza apicalis","u476a","Acanthiza apicalis albiventris",TRUE,FALSE,NA,"Sedentary","local dispersal","Invertivore","Carnivore","Insessorial","ground",4,"LC","not listed","not listed","central_west",3968,190,TRUE,0.200665630198235,0.223975935397533,157,"06 Jun",0,FALSE,NA,NA,NA,NA,FALSE,0,0,TRUE,334105,0.716933556168934,"2026-07-03"
"Inland Thornbill","Acanthiza apicalis","u476a","Acanthiza apicalis albiventris",TRUE,FALSE,NA,"Sedentary","local dispersal","Invertivore","Carnivore","Insessorial","ground",4,"LC","not listed","not listed","new_england",3779,5,FALSE,NA,NA,NA,NA,NA,NA,NA,NA,NA,NA,FALSE,0,0,TRUE,334105,0.716933556168934,"2026-07-03"
"Inland Thornbill","Acanthiza apicalis","u476a","Acanthiza apicalis albiventris",TRUE,FALSE,NA,"Sedentary","local dispersal","Invertivore","Carnivore","Insessorial","ground",4,"LC","not listed","not listed","south_west",1549,8,FALSE,NA,NA,NA,NA,NA,NA,NA,NA,NA,NA,FALSE,0.145218128809254,0.119196914349724,FALSE,334105,0.716933556168934,"2026-07-03"
"Blue-billed Duck","Oxyura australis","u216","Oxyura australis",TRUE,FALSE,NA,"Partial migrant","local dispersal;nomadic;irruptive","Herbivore aquatic","Omnivore","Aquatic","below-water",1,"LC","not listed","VU","statewide",324810,1924,TRUE,0.320537335883014,0.386452993012399,19,"19 Jan",0.001,FALSE,NA,NA,NA,NA,FALSE,0.0155601299724062,0.172834187901205,FALSE,334103,0.650274360664512,"2026-07-03"
"Blue-billed Duck","Oxyura australis","u216","Oxyura australis",TRUE,FALSE,NA,"Partial migrant","local dispersal;nomadic;irruptive","Herbivore aquatic","Omnivore","Aquatic","below-water",1,"LC","not listed","VU","central_west",3969,7,FALSE,NA,NA,NA,NA,NA,NA,NA,NA,NA,NA,FALSE,0,0,TRUE,334103,0.650274360664512,"2026-07-03"
"Blue-billed Duck","Oxyura australis","u216","Oxyura australis",TRUE,FALSE,NA,"Partial migrant","local dispersal;nomadic;irruptive","Herbivore aquatic","Omnivore","Aquatic","below-water",1,"LC","not listed","VU","new_england",3775,168,TRUE,0.670456608479815,1.11004724472594,202,"21 Jul",0.903,FALSE,NA,NA,NA,NA,FALSE,0.045549687725196,0.172554928958894,FALSE,334103,0.650274360664512,"2026-07-03"
"Blue-billed Duck","Oxyura australis","u216","Oxyura australis",TRUE,FALSE,NA,"Partial migrant","local dispersal;nomadic;irruptive","Herbivore aquatic","Omnivore","Aquatic","below-water",1,"LC","not listed","VU","south_west",1549,3,FALSE,NA,NA,NA,NA,NA,NA,NA,NA,NA,NA,FALSE,0.0100304855292876,0.160649186482778,FALSE,334103,0.650274360664512,"2026-07-03"
"Glossy Black-Cockatoo","Calyptorhynchus lathami","u265c","Calyptorhynchus lathami lathami",TRUE,FALSE,NA,"Sedentary","local dispersal;partial migrant","Granivore","Herbivore","Insessorial","mid-high",2,"VU","EN","VU","statewide",324814,1862,TRUE,0.00040158062646678,0.000401661281560273,303,"30 Oct",0,FALSE,NA,NA,NA,NA,FALSE,0.0217946503462855,0.185005932688479,FALSE,334105,0.35442340573085,"2026-07-03"
"Glossy Black-Cockatoo","Calyptorhynchus lathami","u265c","Calyptorhynchus lathami lathami",TRUE,FALSE,NA,"Sedentary","local dispersal;partial migrant","Granivore","Herbivore","Insessorial","mid-high",2,"VU","EN","VU","central_west",3972,43,TRUE,0.00274768002350034,0.00275146182529884,70,"11 Mar",0,FALSE,NA,NA,NA,NA,FALSE,0.021425489615685,0.167667974131838,FALSE,334105,0.35442340573085,"2026-07-03"
"Glossy Black-Cockatoo","Calyptorhynchus lathami","u265c","Calyptorhynchus lathami lathami",TRUE,FALSE,NA,"Sedentary","local dispersal;partial migrant","Granivore","Herbivore","Insessorial","mid-high",2,"VU","EN","VU","new_england",3779,3,FALSE,NA,NA,NA,NA,NA,NA,NA,NA,NA,NA,FALSE,0.0159006328273883,0.20941299550937,FALSE,334105,0.35442340573085,"2026-07-03"
"Glossy Black-Cockatoo","Calyptorhynchus lathami","u265c","Calyptorhynchus lathami lathami",TRUE,FALSE,NA,"Sedentary","local dispersal;partial migrant","Granivore","Herbivore","Insessorial","mid-high",2,"VU","EN","VU","south_west",1540,0,FALSE,NA,NA,NA,NA,NA,NA,NA,NA,NA,NA,FALSE,0,0,TRUE,334105,0.35442340573085,"2026-07-03"
"Mangrove Gerygone","Gerygone levigaster","u460a","Gerygone levigaster cantator",TRUE,FALSE,NA,"Sedentary","local dispersal","Invertivore","Carnivore","Insessorial","canopy",3,"LC","not listed","not listed","statewide",324797,3728,TRUE,0.251620149679787,0.289844608621545,315,"11 Nov",0,FALSE,NA,NA,NA,NA,FALSE,0.000322296994744191,1.79386916170893,FALSE,334105,0.772815974473305,"2026-07-03"
"Mangrove Gerygone","Gerygone levigaster","u460a","Gerygone levigaster cantator",TRUE,FALSE,NA,"Sedentary","local dispersal","Invertivore","Carnivore","Insessorial","canopy",3,"LC","not listed","not listed","central_west",3968,0,FALSE,NA,NA,NA,NA,NA,NA,NA,NA,NA,NA,FALSE,0,0,TRUE,334105,0.772815974473305,"2026-07-03"
"Mangrove Gerygone","Gerygone levigaster","u460a","Gerygone levigaster cantator",TRUE,FALSE,NA,"Sedentary","local dispersal","Invertivore","Carnivore","Insessorial","canopy",3,"LC","not listed","not listed","new_england",3778,0,FALSE,NA,NA,NA,NA,NA,NA,NA,NA,NA,NA,FALSE,4.73349344582503e-12,8.16742735705544,FALSE,334105,0.772815974473305,"2026-07-03"
"Mangrove Gerygone","Gerygone levigaster","u460a","Gerygone levigaster cantator",TRUE,FALSE,NA,"Sedentary","local dispersal","Invertivore","Carnivore","Insessorial","canopy",3,"LC","not listed","not listed","south_west",1562,0,FALSE,NA,NA,NA,NA,NA,NA,NA,NA,NA,NA,FALSE,0,0,TRUE,334105,0.772815974473305,"2026-07-03"
"Gray-tailed Tattler","Tringa brevipes","u155","Tringa brevipes",TRUE,FALSE,NA,"Migratory","total migrant","Aquatic predator","Carnivore","Terrestrial",NA,6,"LC","not listed","not listed","statewide",324727,1102,TRUE,0.883485899926344,2.14974298262484,31,"31 Jan",1,TRUE,296,107,"23 Oct","17 Apr",TRUE,0.000622264679050786,0.71610108301952,FALSE,334036,0.87976330974243,"2026-07-03"
"Gray-tailed Tattler","Tringa brevipes","u155","Tringa brevipes",TRUE,FALSE,NA,"Migratory","total migrant","Aquatic predator","Carnivore","Terrestrial",NA,6,"LC","not listed","not listed","central_west",3969,0,FALSE,NA,NA,NA,NA,NA,NA,NA,NA,NA,NA,FALSE,0,0,TRUE,334036,0.87976330974243,"2026-07-03"
"Gray-tailed Tattler","Tringa brevipes","u155","Tringa brevipes",TRUE,FALSE,NA,"Migratory","total migrant","Aquatic predator","Carnivore","Terrestrial",NA,6,"LC","not listed","not listed","new_england",3782,0,FALSE,NA,NA,NA,NA,NA,NA,NA,NA,NA,NA,FALSE,0,0,TRUE,334036,0.87976330974243,"2026-07-03"
"Gray-tailed Tattler","Tringa brevipes","u155","Tringa brevipes",TRUE,FALSE,NA,"Migratory","total migrant","Aquatic predator","Carnivore","Terrestrial",NA,6,"LC","not listed","not listed","south_west",1558,0,FALSE,NA,NA,NA,NA,NA,NA,NA,NA,NA,NA,FALSE,0,0,TRUE,334036,0.87976330974243,"2026-07-03"
"Southern Whiteface","Aphelocephala leucopsis","u466b","Aphelocephala leucopsis leucopsis",TRUE,FALSE,NA,"Sedentary","local dispersal","Invertivore","Carnivore","Terrestrial","ground",3,"VU","not listed","not listed","statewide",324805,3526,TRUE,0.104755229201742,0.110658111172586,125,"05 May",0,FALSE,NA,NA,NA,NA,FALSE,0.368081177574916,0.126346964803633,FALSE,334105,0.681328640212527,"2026-07-03"
"Southern Whiteface","Aphelocephala leucopsis","u466b","Aphelocephala leucopsis leucopsis",TRUE,FALSE,NA,"Sedentary","local dispersal","Invertivore","Carnivore","Terrestrial","ground",3,"VU","not listed","not listed","central_west",3974,16,FALSE,NA,NA,NA,NA,NA,NA,NA,NA,NA,NA,FALSE,0.0309007019440152,0.101858711534142,FALSE,334105,0.681328640212527,"2026-07-03"
"Southern Whiteface","Aphelocephala leucopsis","u466b","Aphelocephala leucopsis leucopsis",TRUE,FALSE,NA,"Sedentary","local dispersal","Invertivore","Carnivore","Terrestrial","ground",3,"VU","not listed","not listed","new_england",3782,2,FALSE,NA,NA,NA,NA,NA,NA,NA,NA,NA,NA,FALSE,0.00176659909726074,0.233207344914658,FALSE,334105,0.681328640212527,"2026-07-03"
"Southern Whiteface","Aphelocephala leucopsis","u466b","Aphelocephala leucopsis leucopsis",TRUE,FALSE,NA,"Sedentary","local dispersal","Invertivore","Carnivore","Terrestrial","ground",3,"VU","not listed","not listed","south_west",1544,112,TRUE,0.104051490393714,0.109872334615766,132,"12 May",0,FALSE,NA,NA,NA,NA,FALSE,0.541677835879244,0.111844920914807,FALSE,334105,0.681328640212527,"2026-07-03"
"Chestnut-breasted Munia","Lonchura castaneothorax","u657","Lonchura castaneothorax castaneothorax",TRUE,FALSE,NA,"Sedentary","local dispersal;partial migrant","Granivore","Herbivore","Generalist","ground",5,"LC","not listed","not listed","statewide",324802,3902,TRUE,0.480495674715803,0.654880142617656,156,"05 Jun",0.28,FALSE,NA,NA,NA,NA,FALSE,0.0335344070280114,0.188009951796946,FALSE,334104,0.664712786041805,"2026-07-03"
"Chestnut-breasted Munia","Lonchura castaneothorax","u657","Lonchura castaneothorax castaneothorax",TRUE,FALSE,NA,"Sedentary","local dispersal;partial migrant","Granivore","Herbivore","Generalist","ground",5,"LC","not listed","not listed","central_west",3967,0,FALSE,NA,NA,NA,NA,NA,NA,NA,NA,NA,NA,FALSE,0.0161553392538933,0.152122419826978,FALSE,334104,0.664712786041805,"2026-07-03"
"Chestnut-breasted Munia","Lonchura castaneothorax","u657","Lonchura castaneothorax castaneothorax",TRUE,FALSE,NA,"Sedentary","local dispersal;partial migrant","Granivore","Herbivore","Generalist","ground",5,"LC","not listed","not listed","new_england",3781,48,TRUE,0.48168756480235,0.657177061796359,159,"08 Jun",0.296,FALSE,NA,NA,NA,NA,FALSE,0.0144228608343111,0.337807456476379,FALSE,334104,0.664712786041805,"2026-07-03"
"Chestnut-breasted Munia","Lonchura castaneothorax","u657","Lonchura castaneothorax castaneothorax",TRUE,FALSE,NA,"Sedentary","local dispersal;partial migrant","Granivore","Herbivore","Generalist","ground",5,"LC","not listed","not listed","south_west",1554,0,FALSE,NA,NA,NA,NA,NA,NA,NA,NA,NA,NA,FALSE,0,0,TRUE,334104,0.664712786041805,"2026-07-03"
"Wedge-tailed Shearwater","Ardenna pacifica","u69b","Ardenna pacifica pacifica",TRUE,FALSE,NA,"Migratory","local dispersal;partial migrant","Aquatic predator","Carnivore","Generalist","pelagic",4,"LC","not listed","not listed","statewide",324767,806,TRUE,0.999551369809108,7.70931163789303,53,"22 Feb",1,TRUE,16,86,"16 Jan","27 Mar",FALSE,0.00425720300023146,0.292663557606325,FALSE,334072,0.872491647917808,"2026-07-03"
"Wedge-tailed Shearwater","Ardenna pacifica","u69b","Ardenna pacifica pacifica",TRUE,FALSE,NA,"Migratory","local dispersal;partial migrant","Aquatic predator","Carnivore","Generalist","pelagic",4,"LC","not listed","not listed","central_west",3971,0,FALSE,NA,NA,NA,NA,NA,NA,NA,NA,NA,NA,FALSE,0,0,TRUE,334072,0.872491647917808,"2026-07-03"
"Wedge-tailed Shearwater","Ardenna pacifica","u69b","Ardenna pacifica pacifica",TRUE,FALSE,NA,"Migratory","local dispersal;partial migrant","Aquatic predator","Carnivore","Generalist","pelagic",4,"LC","not listed","not listed","new_england",3782,0,FALSE,NA,NA,NA,NA,NA,NA,NA,NA,NA,NA,FALSE,0,0,TRUE,334072,0.872491647917808,"2026-07-03"
"Wedge-tailed Shearwater","Ardenna pacifica","u69b","Ardenna pacifica pacifica",TRUE,FALSE,NA,"Migratory","local dispersal;partial migrant","Aquatic predator","Carnivore","Generalist","pelagic",4,"LC","not listed","not listed","south_west",1552,0,FALSE,NA,NA,NA,NA,NA,NA,NA,NA,NA,NA,FALSE,0,0,TRUE,334072,0.872491647917808,"2026-07-03"
"Little Shrikethrush","Colluricincla megarhyncha","u413f","Colluricincla megarhyncha rufogaster",TRUE,FALSE,NA,"Sedentary","local dispersal","Invertivore","Carnivore","Insessorial","understory",3,"LC","not listed","not listed","statewide",324809,4001,TRUE,0.0118708723695197,0.0119418937919775,243,"31 Aug",0,FALSE,NA,NA,NA,NA,FALSE,0.00245385478680437,0.237294667560395,FALSE,334105,0.674929248178373,"2026-07-03"
"Little Shrikethrush","Colluricincla megarhyncha","u413f","Colluricincla megarhyncha rufogaster",TRUE,FALSE,NA,"Sedentary","local dispersal","Invertivore","Carnivore","Insessorial","understory",3,"LC","not listed","not listed","central_west",3967,0,FALSE,NA,NA,NA,NA,NA,NA,NA,NA,NA,NA,FALSE,0,0,TRUE,334105,0.674929248178373,"2026-07-03"
"Little Shrikethrush","Colluricincla megarhyncha","u413f","Colluricincla megarhyncha rufogaster",TRUE,FALSE,NA,"Sedentary","local dispersal","Invertivore","Carnivore","Insessorial","understory",3,"LC","not listed","not listed","new_england",3779,0,FALSE,NA,NA,NA,NA,NA,NA,NA,NA,NA,NA,FALSE,0.000176225073392883,0.616649433142609,FALSE,334105,0.674929248178373,"2026-07-03"
"Little Shrikethrush","Colluricincla megarhyncha","u413f","Colluricincla megarhyncha rufogaster",TRUE,FALSE,NA,"Sedentary","local dispersal","Invertivore","Carnivore","Insessorial","understory",3,"LC","not listed","not listed","south_west",1550,0,FALSE,NA,NA,NA,NA,NA,NA,NA,NA,NA,NA,FALSE,0,0,TRUE,334105,0.674929248178373,"2026-07-03"
"Red-browed Treecreeper","Climacteris erythrops","u560","Climacteris erythrops",TRUE,FALSE,NA,"Sedentary","local dispersal","Invertivore","Carnivore","Insessorial","mid-high",5,"LC","not listed","not listed","statewide",324813,2203,TRUE,0.126643554162923,0.135411506546345,115,"25 Apr",0,FALSE,NA,NA,NA,NA,FALSE,0.0150636021755853,0.159473209515967,FALSE,334105,0.618019301131375,"2026-07-03"
"Red-browed Treecreeper","Climacteris erythrops","u560","Climacteris erythrops",TRUE,FALSE,NA,"Sedentary","local dispersal","Invertivore","Carnivore","Insessorial","mid-high",5,"LC","not listed","not listed","central_west",3968,2,FALSE,NA,NA,NA,NA,NA,NA,NA,NA,NA,NA,FALSE,0.00306562771167067,0.184038884017806,FALSE,334105,0.618019301131375,"2026-07-03"
"Red-browed Treecreeper","Climacteris erythrops","u560","Climacteris erythrops",TRUE,FALSE,NA,"Sedentary","local dispersal","Invertivore","Carnivore","Insessorial","mid-high",5,"LC","not listed","not listed","new_england",3780,48,TRUE,0.127991033022483,0.136955571894932,117,"27 Apr",0,FALSE,NA,NA,NA,NA,FALSE,0.0669860646522547,0.159590813971755,FALSE,334105,0.618019301131375,"2026-07-03"
"Red-browed Treecreeper","Climacteris erythrops","u560","Climacteris erythrops",TRUE,FALSE,NA,"Sedentary","local dispersal","Invertivore","Carnivore","Insessorial","mid-high",5,"LC","not listed","not listed","south_west",1544,0,FALSE,NA,NA,NA,NA,NA,NA,NA,NA,NA,NA,FALSE,0,0,TRUE,334105,0.618019301131375,"2026-07-03"
"Brown Songlark","Cincloramphus cruralis","u508","Cincloramphus cruralis",TRUE,FALSE,NA,"Migratory","total migrant","Invertivore","Carnivore","Terrestrial","ground",2,"LC","not listed","not listed","statewide",324803,2123,TRUE,0.936852331908444,2.76227935736695,324,"20 Nov",1,TRUE,245,30,"02 Sep","30 Jan",TRUE,0.571493171346322,0.122288578447843,FALSE,334105,0.618339702010859,"2026-07-03"
"Brown Songlark","Cincloramphus cruralis","u508","Cincloramphus cruralis",TRUE,FALSE,NA,"Migratory","total migrant","Invertivore","Carnivore","Terrestrial","ground",2,"LC","not listed","not listed","central_west",3967,33,TRUE,0.93697630998873,2.76424459134798,313,"09 Nov",1,TRUE,245,30,"02 Sep","30 Jan",TRUE,0.124471731773314,0.110928636749879,FALSE,334105,0.618339702010859,"2026-07-03"
"Brown Songlark","Cincloramphus cruralis","u508","Cincloramphus cruralis",TRUE,FALSE,NA,"Migratory","total migrant","Invertivore","Carnivore","Terrestrial","ground",2,"LC","not listed","not listed","new_england",3777,38,TRUE,0.937030739935022,2.76510860714639,314,"10 Nov",1,TRUE,245,30,"02 Sep","30 Jan",TRUE,0.0328062477575365,0.135539017604168,FALSE,334105,0.618339702010859,"2026-07-03"
"Brown Songlark","Cincloramphus cruralis","u508","Cincloramphus cruralis",TRUE,FALSE,NA,"Migratory","total migrant","Invertivore","Carnivore","Terrestrial","ground",2,"LC","not listed","not listed","south_west",1558,95,TRUE,0.936763651986277,2.76087601635195,312,"08 Nov",1,TRUE,245,30,"02 Sep","30 Jan",TRUE,1.20905260989675,0.112583141147824,FALSE,334105,0.618339702010859,"2026-07-03"
"Little Eagle","Hieraaetus morphnoides","u225","Hieraaetus morphnoides",TRUE,FALSE,NA,"Sedentary","local dispersal;partial migrant","Vertivore","Carnivore","Generalist","ground",4,"LC","not listed","VU","statewide",324808,2475,TRUE,0.191531248705972,0.212613250935751,310,"06 Nov",0,FALSE,NA,NA,NA,NA,FALSE,0.0229443413628114,0.0887446802314222,FALSE,334105,0.197851246861837,"2026-07-03"
"Little Eagle","Hieraaetus morphnoides","u225","Hieraaetus morphnoides",TRUE,FALSE,NA,"Sedentary","local dispersal;partial migrant","Vertivore","Carnivore","Generalist","ground",4,"LC","not listed","VU","central_west",3967,64,TRUE,0.19233250117655,0.213604816512192,312,"08 Nov",0,FALSE,NA,NA,NA,NA,FALSE,0.0225602405945504,0.0670769714784606,FALSE,334105,0.197851246861837,"2026-07-03"
"Little Eagle","Hieraaetus morphnoides","u225","Hieraaetus morphnoides",TRUE,FALSE,NA,"Sedentary","local dispersal;partial migrant","Vertivore","Carnivore","Generalist","ground",4,"LC","not listed","VU","new_england",3781,87,TRUE,0.191603852696657,0.212703059293638,313,"09 Nov",0,FALSE,NA,NA,NA,NA,FALSE,0.0181307884231996,0.083568986060333,FALSE,334105,0.197851246861837,"2026-07-03"
"Little Eagle","Hieraaetus morphnoides","u225","Hieraaetus morphnoides",TRUE,FALSE,NA,"Sedentary","local dispersal;partial migrant","Vertivore","Carnivore","Generalist","ground",4,"LC","not listed","VU","south_west",1549,23,TRUE,0.191112661164365,0.212095631404088,324,"20 Nov",0,FALSE,NA,NA,NA,NA,FALSE,0.0348639803073735,0.0883975848001481,FALSE,334105,0.197851246861837,"2026-07-03"
"Pallid Cuckoo","Heteroscenes pallidus","u337","Heteroscenes pallidus",TRUE,FALSE,NA,"Sedentary","local dispersal","Invertivore","Carnivore","Insessorial","mid-high",5,"LC","not listed","not listed","statewide",324805,2676,TRUE,0.947286117305013,2.9428764293787,287,"14 Oct",1,TRUE,225,349,"13 Aug","15 Dec",FALSE,0.0863630606441478,0.129497088936645,FALSE,334105,0.373762049269118,"2026-07-03"
"Pallid Cuckoo","Heteroscenes pallidus","u337","Heteroscenes pallidus",TRUE,FALSE,NA,"Sedentary","local dispersal","Invertivore","Carnivore","Insessorial","mid-high",5,"LC","not listed","not listed","central_west",3962,64,TRUE,0.947227835983712,2.94177142394815,287,"14 Oct",1,TRUE,226,349,"14 Aug","15 Dec",FALSE,0.0728299262651379,0.107081244566794,FALSE,334105,0.373762049269118,"2026-07-03"
"Pallid Cuckoo","Heteroscenes pallidus","u337","Heteroscenes pallidus",TRUE,FALSE,NA,"Sedentary","local dispersal","Invertivore","Carnivore","Insessorial","mid-high",5,"LC","not listed","not listed","new_england",3780,57,TRUE,0.947212866457649,2.94148780087544,287,"14 Oct",1,TRUE,225,349,"13 Aug","15 Dec",FALSE,0.0646436011476221,0.0944683119099753,FALSE,334105,0.373762049269118,"2026-07-03"
"Pallid Cuckoo","Heteroscenes pallidus","u337","Heteroscenes pallidus",TRUE,FALSE,NA,"Sedentary","local dispersal","Invertivore","Carnivore","Insessorial","mid-high",5,"LC","not listed","not listed","south_west",1558,24,TRUE,0.857408765988717,1.94777324546311,269,"26 Sep",1,TRUE,194,327,"13 Jul","23 Nov",FALSE,0.105715494503299,0.135207736509149,FALSE,334105,0.373762049269118,"2026-07-03"
"Pacific Reef-Heron","Egretta sacra","u191","Egretta sacra sacra",TRUE,FALSE,NA,"Partial migrant","local dispersal","Aquatic predator","Carnivore","Terrestrial","pelagic",4,"LC","not listed","not listed","statewide",324806,1188,TRUE,0.170190888310083,0.186559590558073,142,"22 May",0,FALSE,NA,NA,NA,NA,FALSE,0.000146546643384277,0.220979465114923,FALSE,334105,0.482340117088226,"2026-07-03"
"Pacific Reef-Heron","Egretta sacra","u191","Egretta sacra sacra",TRUE,FALSE,NA,"Partial migrant","local dispersal","Aquatic predator","Carnivore","Terrestrial","pelagic",4,"LC","not listed","not listed","central_west",3967,0,FALSE,NA,NA,NA,NA,NA,NA,NA,NA,NA,NA,FALSE,0,0,TRUE,334105,0.482340117088226,"2026-07-03"
"Pacific Reef-Heron","Egretta sacra","u191","Egretta sacra sacra",TRUE,FALSE,NA,"Partial migrant","local dispersal","Aquatic predator","Carnivore","Terrestrial","pelagic",4,"LC","not listed","not listed","new_england",3781,0,FALSE,NA,NA,NA,NA,NA,NA,NA,NA,NA,NA,FALSE,0,0,TRUE,334105,0.482340117088226,"2026-07-03"
"Pacific Reef-Heron","Egretta sacra","u191","Egretta sacra sacra",TRUE,FALSE,NA,"Partial migrant","local dispersal","Aquatic predator","Carnivore","Terrestrial","pelagic",4,"LC","not listed","not listed","south_west",1551,0,FALSE,NA,NA,NA,NA,NA,NA,NA,NA,NA,NA,FALSE,0,0,TRUE,334105,0.482340117088226,"2026-07-03"
"Rose-crowned Fruit-Dove","Ptilinopus regina","u21b","Ptilinopus regina regina",TRUE,FALSE,NA,"Sedentary","local dispersal;partial migrant","Frugivore","Herbivore","Insessorial","canopy",4,"LC","not listed","VU","statewide",324806,2058,TRUE,0.910790111673365,2.41676338986045,365,"31 Dec",1,TRUE,305,77,"01 Nov","18 Mar",TRUE,0.010080494094903,0.199338269953511,FALSE,334105,0.701926211754526,"2026-07-03"
"Rose-crowned Fruit-Dove","Ptilinopus regina","u21b","Ptilinopus regina regina",TRUE,FALSE,NA,"Sedentary","local dispersal;partial migrant","Frugivore","Herbivore","Insessorial","canopy",4,"LC","not listed","VU","central_west",3967,0,FALSE,NA,NA,NA,NA,NA,NA,NA,NA,NA,NA,FALSE,0,0,TRUE,334105,0.701926211754526,"2026-07-03"
"Rose-crowned Fruit-Dove","Ptilinopus regina","u21b","Ptilinopus regina regina",TRUE,FALSE,NA,"Sedentary","local dispersal;partial migrant","Frugivore","Herbivore","Insessorial","canopy",4,"LC","not listed","VU","new_england",3778,0,FALSE,NA,NA,NA,NA,NA,NA,NA,NA,NA,NA,FALSE,0.00133643310668448,0.379493507560949,FALSE,334105,0.701926211754526,"2026-07-03"
"Rose-crowned Fruit-Dove","Ptilinopus regina","u21b","Ptilinopus regina regina",TRUE,FALSE,NA,"Sedentary","local dispersal;partial migrant","Frugivore","Herbivore","Insessorial","canopy",4,"LC","not listed","VU","south_west",1554,0,FALSE,NA,NA,NA,NA,NA,NA,NA,NA,NA,NA,FALSE,0,0,TRUE,334105,0.701926211754526,"2026-07-03"
"Glossy Ibis","Plegadis falcinellus","u178","Plegadis falcinellus",TRUE,FALSE,NA,"Partial migrant","nomadic","Aquatic predator","Carnivore","Terrestrial","around-water",4,"LC","not listed","not listed","statewide",324800,2340,TRUE,0.871958649281878,2.05540201474741,350,"16 Dec",1,TRUE,267,52,"24 Sep","21 Feb",TRUE,1.09810826106705,0.215087418450592,FALSE,334102,0.607876610435842,"2026-07-03"
"Glossy Ibis","Plegadis falcinellus","u178","Plegadis falcinellus",TRUE,FALSE,NA,"Partial migrant","nomadic","Aquatic predator","Carnivore","Terrestrial","around-water",4,"LC","not listed","not listed","central_west",3969,16,FALSE,NA,NA,NA,NA,NA,NA,NA,NA,NA,NA,FALSE,0.0480495411599772,0.187815063573161,FALSE,334102,0.607876610435842,"2026-07-03"
"Glossy Ibis","Plegadis falcinellus","u178","Plegadis falcinellus",TRUE,FALSE,NA,"Partial migrant","nomadic","Aquatic predator","Carnivore","Terrestrial","around-water",4,"LC","not listed","not listed","new_england",3781,41,TRUE,0.87256779636409,2.06017079199442,353,"19 Dec",1,TRUE,267,52,"24 Sep","21 Feb",TRUE,0.0229425147007665,0.252621933564729,FALSE,334102,0.607876610435842,"2026-07-03"
"Glossy Ibis","Plegadis falcinellus","u178","Plegadis falcinellus",TRUE,FALSE,NA,"Partial migrant","nomadic","Aquatic predator","Carnivore","Terrestrial","around-water",4,"LC","not listed","not listed","south_west",1552,11,FALSE,NA,NA,NA,NA,NA,NA,NA,NA,NA,NA,FALSE,0.972754118695989,0.19391845076502,FALSE,334102,0.607876610435842,"2026-07-03"
"White-fronted Chat","Epthianura albifrons","u448","Epthianura albifrons",TRUE,FALSE,NA,"Sedentary","local dispersal","Invertivore","Carnivore","Generalist","ground",6,"LC","not listed","VU","statewide",324807,2502,TRUE,0.242674382660716,0.277961976233531,96,"06 Apr",0,FALSE,NA,NA,NA,NA,FALSE,0.352873693173121,0.200367936610427,FALSE,334105,0.718510518916548,"2026-07-03"
"White-fronted Chat","Epthianura albifrons","u448","Epthianura albifrons",TRUE,FALSE,NA,"Sedentary","local dispersal","Invertivore","Carnivore","Generalist","ground",6,"LC","not listed","VU","central_west",3969,11,FALSE,NA,NA,NA,NA,NA,NA,NA,NA,NA,NA,FALSE,0.0147624886352585,0.197849699417395,FALSE,334105,0.718510518916548,"2026-07-03"
"White-fronted Chat","Epthianura albifrons","u448","Epthianura albifrons",TRUE,FALSE,NA,"Sedentary","local dispersal","Invertivore","Carnivore","Generalist","ground",6,"LC","not listed","VU","new_england",3781,0,FALSE,NA,NA,NA,NA,NA,NA,NA,NA,NA,NA,FALSE,0.000157158673543693,0.584601816355154,FALSE,334105,0.718510518916548,"2026-07-03"
"White-fronted Chat","Epthianura albifrons","u448","Epthianura albifrons",TRUE,FALSE,NA,"Sedentary","local dispersal","Invertivore","Carnivore","Generalist","ground",6,"LC","not listed","VU","south_west",1548,101,TRUE,0.243106591954028,0.278532843852817,105,"15 Apr",0,FALSE,NA,NA,NA,NA,FALSE,2.47631889830086,0.158260373272146,FALSE,334105,0.718510518916548,"2026-07-03"
"Square-tailed Kite","Lophoictinia isura","u230","Lophoictinia isura",TRUE,FALSE,NA,"Sedentary","local dispersal;partial migrant","Vertivore","Carnivore","Aerial","understory",5,"LC","not listed","VU","statewide",324806,1538,TRUE,0.396946469393084,0.505749312385965,352,"18 Dec",0.006,FALSE,NA,NA,NA,NA,FALSE,0.0028821004030963,0.352625240100719,FALSE,334105,0.178785515421565,"2026-07-03"
"Square-tailed Kite","Lophoictinia isura","u230","Lophoictinia isura",TRUE,FALSE,NA,"Sedentary","local dispersal;partial migrant","Vertivore","Carnivore","Aerial","understory",5,"LC","not listed","VU","central_west",3969,35,TRUE,0.911838478039557,2.42858467010991,336,"02 Dec",1,TRUE,249,48,"06 Sep","17 Feb",TRUE,0.00245594281512383,0.196407207496267,FALSE,334105,0.178785515421565,"2026-07-03"
"Square-tailed Kite","Lophoictinia isura","u230","Lophoictinia isura",TRUE,FALSE,NA,"Sedentary","local dispersal;partial migrant","Vertivore","Carnivore","Aerial","understory",5,"LC","not listed","VU","new_england",3782,13,FALSE,NA,NA,NA,NA,NA,NA,NA,NA,NA,NA,FALSE,0.00199015330181415,0.342297133975252,FALSE,334105,0.178785515421565,"2026-07-03"
"Square-tailed Kite","Lophoictinia isura","u230","Lophoictinia isura",TRUE,FALSE,NA,"Sedentary","local dispersal;partial migrant","Vertivore","Carnivore","Aerial","understory",5,"LC","not listed","VU","south_west",1548,5,FALSE,NA,NA,NA,NA,NA,NA,NA,NA,NA,NA,FALSE,0.00246162148083065,0.261776908050094,FALSE,334105,0.178785515421565,"2026-07-03"
"Double-banded Plover","Anarhynchus bicinctus","u140","Charadrius bicinctus bicinctus",TRUE,FALSE,NA,"Partial migrant","total migrant","Aquatic predator","Carnivore","Terrestrial","ground",5,"NT","not listed","not listed","statewide",324808,1176,TRUE,0.998501030035048,6.50297709678528,207,"26 Jul",1,TRUE,73,236,"14 Mar","24 Aug",FALSE,0.0126590806779561,0.766301825148311,FALSE,334105,0.866374344825251,"2026-07-03"
"Double-banded Plover","Anarhynchus bicinctus","u140","Charadrius bicinctus bicinctus",TRUE,FALSE,NA,"Partial migrant","total migrant","Aquatic predator","Carnivore","Terrestrial","ground",5,"NT","not listed","not listed","central_west",3969,0,FALSE,NA,NA,NA,NA,NA,NA,NA,NA,NA,NA,FALSE,0,0,TRUE,334105,0.866374344825251,"2026-07-03"
"Double-banded Plover","Anarhynchus bicinctus","u140","Charadrius bicinctus bicinctus",TRUE,FALSE,NA,"Partial migrant","total migrant","Aquatic predator","Carnivore","Terrestrial","ground",5,"NT","not listed","not listed","new_england",3779,0,FALSE,NA,NA,NA,NA,NA,NA,NA,NA,NA,NA,FALSE,0,0,TRUE,334105,0.866374344825251,"2026-07-03"
"Double-banded Plover","Anarhynchus bicinctus","u140","Charadrius bicinctus bicinctus",TRUE,FALSE,NA,"Partial migrant","total migrant","Aquatic predator","Carnivore","Terrestrial","ground",5,"NT","not listed","not listed","south_west",1549,1,FALSE,NA,NA,NA,NA,NA,NA,NA,NA,NA,NA,FALSE,0,0,TRUE,334105,0.866374344825251,"2026-07-03"
"Masked Woodswallow","Artamus personatus","u544","Artamus personatus",TRUE,FALSE,NA,"Sedentary","nomadic;irruptive","Invertivore","Carnivore","Aerial","understory",2,"LC","not listed","not listed","statewide",324790,2437,TRUE,0.997371991034254,5.94152876674232,285,"12 Oct",1,TRUE,250,337,"07 Sep","03 Dec",FALSE,10.4423352760528,0.169781938788134,FALSE,334094,0.717115221139212,"2026-07-03"
"Masked Woodswallow","Artamus personatus","u544","Artamus personatus",TRUE,FALSE,NA,"Sedentary","nomadic;irruptive","Invertivore","Carnivore","Aerial","understory",2,"LC","not listed","not listed","central_west",3968,39,TRUE,0.997352089437898,5.93398441711887,285,"12 Oct",1,TRUE,250,337,"07 Sep","03 Dec",FALSE,0.37713292574567,0.140909813029449,FALSE,334094,0.717115221139212,"2026-07-03"
"Masked Woodswallow","Artamus personatus","u544","Artamus personatus",TRUE,FALSE,NA,"Sedentary","nomadic;irruptive","Invertivore","Carnivore","Aerial","understory",2,"LC","not listed","not listed","new_england",3783,18,FALSE,NA,NA,NA,NA,NA,NA,NA,NA,NA,NA,FALSE,0.155369522962736,0.150619674724384,FALSE,334094,0.717115221139212,"2026-07-03"
"Masked Woodswallow","Artamus personatus","u544","Artamus personatus",TRUE,FALSE,NA,"Sedentary","nomadic;irruptive","Invertivore","Carnivore","Aerial","understory",2,"LC","not listed","not listed","south_west",1553,23,TRUE,0.997399744928413,5.95214573431017,285,"12 Oct",1,TRUE,250,337,"07 Sep","03 Dec",FALSE,5.22512287544211,0.183813439282262,FALSE,334094,0.717115221139212,"2026-07-03"
"Crested Bellbird","Oreoica gutturalis","u419a;u419b","Oreoica gutturalis gutturalis;Oreoica gutturalis pallescens",TRUE,TRUE,"multiple_nsw_subspecies","Sedentary","local dispersal","Invertivore","Carnivore","Terrestrial","ground",3,"LC","not listed","not listed","statewide",324807,3544,TRUE,0.285849141995884,0.336661053240187,229,"17 Aug",0,FALSE,NA,NA,NA,NA,FALSE,0.223686513667098,0.156446863346644,FALSE,334105,0.736706048513721,"2026-07-03"
"Crested Bellbird","Oreoica gutturalis","u419a;u419b","Oreoica gutturalis gutturalis;Oreoica gutturalis pallescens",TRUE,TRUE,"multiple_nsw_subspecies","Sedentary","local dispersal","Invertivore","Carnivore","Terrestrial","ground",3,"LC","not listed","not listed","central_west",3969,0,FALSE,NA,NA,NA,NA,NA,NA,NA,NA,NA,NA,FALSE,0.00177214903382821,0.2652559167607,FALSE,334105,0.736706048513721,"2026-07-03"
"Crested Bellbird","Oreoica gutturalis","u419a;u419b","Oreoica gutturalis gutturalis;Oreoica gutturalis pallescens",TRUE,TRUE,"multiple_nsw_subspecies","Sedentary","local dispersal","Invertivore","Carnivore","Terrestrial","ground",3,"LC","not listed","not listed","new_england",3777,0,FALSE,NA,NA,NA,NA,NA,NA,NA,NA,NA,NA,FALSE,0,0,TRUE,334105,0.736706048513721,"2026-07-03"
"Crested Bellbird","Oreoica gutturalis","u419a;u419b","Oreoica gutturalis gutturalis;Oreoica gutturalis pallescens",TRUE,TRUE,"multiple_nsw_subspecies","Sedentary","local dispersal","Invertivore","Carnivore","Terrestrial","ground",3,"LC","not listed","not listed","south_west",1552,38,TRUE,0.284087520829105,0.334197355287735,218,"06 Aug",0,FALSE,NA,NA,NA,NA,FALSE,0.256616799989576,0.11266800168349,FALSE,334105,0.736706048513721,"2026-07-03"
"Kelp Gull","Larus dominicanus","u981a","Larus dominicanus antipodus",TRUE,FALSE,NA,"Sedentary","local dispersal;partial migrant","Omnivore","Carnivore","Generalist","pelagic",5,"LC","not listed","not listed","statewide",324801,907,TRUE,0.669758679587035,1.10793161779346,145,"25 May",1,TRUE,62,230,"03 Mar","18 Aug",FALSE,8.08786423803045e-05,0.432829014631243,FALSE,334105,0.771592240922701,"2026-07-03"
"Kelp Gull","Larus dominicanus","u981a","Larus dominicanus antipodus",TRUE,FALSE,NA,"Sedentary","local dispersal;partial migrant","Omnivore","Carnivore","Generalist","pelagic",5,"LC","not listed","not listed","central_west",3969,0,FALSE,NA,NA,NA,NA,NA,NA,NA,NA,NA,NA,FALSE,0,0,TRUE,334105,0.771592240922701,"2026-07-03"
"Kelp Gull","Larus dominicanus","u981a","Larus dominicanus antipodus",TRUE,FALSE,NA,"Sedentary","local dispersal;partial migrant","Omnivore","Carnivore","Generalist","pelagic",5,"LC","not listed","not listed","new_england",3781,0,FALSE,NA,NA,NA,NA,NA,NA,NA,NA,NA,NA,FALSE,0,0,TRUE,334105,0.771592240922701,"2026-07-03"
"Kelp Gull","Larus dominicanus","u981a","Larus dominicanus antipodus",TRUE,FALSE,NA,"Sedentary","local dispersal;partial migrant","Omnivore","Carnivore","Generalist","pelagic",5,"LC","not listed","not listed","south_west",1554,0,FALSE,NA,NA,NA,NA,NA,NA,NA,NA,NA,NA,FALSE,0,0,TRUE,334105,0.771592240922701,"2026-07-03"
"Spotless Crake","Zapornia tabuensis","u51","Zapornia tabuensis tabuensis",TRUE,FALSE,NA,"Sedentary","local dispersal;partial migrant","Omnivore","Omnivore","Terrestrial","ground",7,"LC","not listed","not listed","statewide",324808,1418,TRUE,0.000207973153163454,0.000207994782578602,99,"09 Apr",0,FALSE,NA,NA,NA,NA,FALSE,0.00190542400555295,0.312216176453512,FALSE,334105,0.368540206701806,"2026-07-03"
"Spotless Crake","Zapornia tabuensis","u51","Zapornia tabuensis tabuensis",TRUE,FALSE,NA,"Sedentary","local dispersal;partial migrant","Omnivore","Omnivore","Terrestrial","ground",7,"LC","not listed","not listed","central_west",3970,13,FALSE,NA,NA,NA,NA,NA,NA,NA,NA,NA,NA,FALSE,0,0,TRUE,334105,0.368540206701806,"2026-07-03"
"Spotless Crake","Zapornia tabuensis","u51","Zapornia tabuensis tabuensis",TRUE,FALSE,NA,"Sedentary","local dispersal;partial migrant","Omnivore","Omnivore","Terrestrial","ground",7,"LC","not listed","not listed","new_england",3779,16,FALSE,NA,NA,NA,NA,NA,NA,NA,NA,NA,NA,FALSE,6.88672140126739e-05,0.325868347438715,FALSE,334105,0.368540206701806,"2026-07-03"
"Spotless Crake","Zapornia tabuensis","u51","Zapornia tabuensis tabuensis",TRUE,FALSE,NA,"Sedentary","local dispersal;partial migrant","Omnivore","Omnivore","Terrestrial","ground",7,"LC","not listed","not listed","south_west",1548,5,FALSE,NA,NA,NA,NA,NA,NA,NA,NA,NA,NA,FALSE,0.00404164216089943,0.29944115517163,FALSE,334105,0.368540206701806,"2026-07-03"
"Plumed Whistling-Duck","Dendrocygna eytoni","u205","Dendrocygna eytoni",TRUE,FALSE,NA,"Partial migrant","total migrant","Herbivore terrestrial","Herbivore","Terrestrial","ground",2,"LC","not listed","not listed","statewide",324615,3695,TRUE,0.525198557216858,0.744858577533587,72,"13 Mar",0.749,FALSE,NA,NA,NA,NA,FALSE,6.29652090366043,0.230620609807677,FALSE,333920,0.583288603652222,"2026-07-03"
"Plumed Whistling-Duck","Dendrocygna eytoni","u205","Dendrocygna eytoni",TRUE,FALSE,NA,"Partial migrant","total migrant","Herbivore terrestrial","Herbivore","Terrestrial","ground",2,"LC","not listed","not listed","central_west",3970,10,FALSE,NA,NA,NA,NA,NA,NA,NA,NA,NA,NA,FALSE,1.69410122000151,0.176746746513291,FALSE,333920,0.583288603652222,"2026-07-03"
"Plumed Whistling-Duck","Dendrocygna eytoni","u205","Dendrocygna eytoni",TRUE,FALSE,NA,"Partial migrant","total migrant","Herbivore terrestrial","Herbivore","Terrestrial","ground",2,"LC","not listed","not listed","new_england",3777,29,TRUE,0.526697949153578,0.748021509000045,67,"08 Mar",0.756,FALSE,NA,NA,NA,NA,FALSE,0.0181753617622626,0.228138751118495,FALSE,333920,0.583288603652222,"2026-07-03"
"Plumed Whistling-Duck","Dendrocygna eytoni","u205","Dendrocygna eytoni",TRUE,FALSE,NA,"Partial migrant","total migrant","Herbivore terrestrial","Herbivore","Terrestrial","ground",2,"LC","not listed","not listed","south_west",1558,10,FALSE,NA,NA,NA,NA,NA,NA,NA,NA,NA,NA,FALSE,0.213653494197001,0.244166830050054,FALSE,333920,0.583288603652222,"2026-07-03"
"Rockwarbler","Origma solitaria","u505","Origma solitaria",TRUE,FALSE,NA,"Sedentary","local dispersal","Invertivore","Carnivore","Generalist","ground",2,"LC","not listed","not listed","statewide",324809,1354,TRUE,0.204562088143969,0.228862483457043,177,"26 Jun",0,FALSE,NA,NA,NA,NA,FALSE,0.00292590528470756,0.220847160089051,FALSE,334105,0.590934413172858,"2026-07-03"
"Rockwarbler","Origma solitaria","u505","Origma solitaria",TRUE,FALSE,NA,"Sedentary","local dispersal","Invertivore","Carnivore","Generalist","ground",2,"LC","not listed","not listed","central_west",3969,69,TRUE,0.205051973421451,0.229478541837763,165,"14 Jun",0,FALSE,NA,NA,NA,NA,FALSE,0.00253393497384735,0.274958275927479,FALSE,334105,0.590934413172858,"2026-07-03"
"Rockwarbler","Origma solitaria","u505","Origma solitaria",TRUE,FALSE,NA,"Sedentary","local dispersal","Invertivore","Carnivore","Generalist","ground",2,"LC","not listed","not listed","new_england",3782,0,FALSE,NA,NA,NA,NA,NA,NA,NA,NA,NA,NA,FALSE,0,0,TRUE,334105,0.590934413172858,"2026-07-03"
"Rockwarbler","Origma solitaria","u505","Origma solitaria",TRUE,FALSE,NA,"Sedentary","local dispersal","Invertivore","Carnivore","Generalist","ground",2,"LC","not listed","not listed","south_west",1545,0,FALSE,NA,NA,NA,NA,NA,NA,NA,NA,NA,NA,FALSE,0,0,TRUE,334105,0.590934413172858,"2026-07-03"
"Red-winged Parrot","Aprosmictus erythropterus",NA,NA,FALSE,FALSE,NA,"Sedentary","sedentary","Omnivore","Herbivore","Insessorial","understory",5,"LC","not listed","not listed","statewide",324818,2444,TRUE,0.325185173544211,0.393316956921897,129,"09 May",0,FALSE,NA,NA,NA,NA,FALSE,0.0999050425569127,0.131231988350301,FALSE,334105,0.759526438631123,"2026-07-03"
"Red-winged Parrot","Aprosmictus erythropterus",NA,NA,FALSE,FALSE,NA,"Sedentary","sedentary","Omnivore","Herbivore","Insessorial","understory",5,"LC","not listed","not listed","central_west",3963,105,TRUE,0.327771448118708,0.397156889316043,136,"16 May",0,FALSE,NA,NA,NA,NA,FALSE,0.130209215999272,0.111699529151389,FALSE,334105,0.759526438631123,"2026-07-03"
"Red-winged Parrot","Aprosmictus erythropterus",NA,NA,FALSE,FALSE,NA,"Sedentary","sedentary","Omnivore","Herbivore","Insessorial","understory",5,"LC","not listed","not listed","new_england",3779,81,TRUE,0.328300714442348,0.397944530342976,136,"16 May",0,FALSE,NA,NA,NA,NA,FALSE,0.0244467650738375,0.17485029853922,FALSE,334105,0.759526438631123,"2026-07-03"
"Red-winged Parrot","Aprosmictus erythropterus",NA,NA,FALSE,FALSE,NA,"Sedentary","sedentary","Omnivore","Herbivore","Insessorial","understory",5,"LC","not listed","not listed","south_west",1545,0,FALSE,NA,NA,NA,NA,NA,NA,NA,NA,NA,NA,FALSE,0,0,TRUE,334105,0.759526438631123,"2026-07-03"
"Budgerigar","Melopsittacus undulatus","u310","Melopsittacus undulatus",TRUE,FALSE,NA,"Partial migrant","nomadic;irruptive","Granivore","Herbivore","Generalist","ground",8,"LC","not listed","not listed","statewide",324777,1815,TRUE,0.897813943006911,2.28096003915881,330,"26 Nov",1,TRUE,276,30,"03 Oct","30 Jan",TRUE,6.80414544924352,0.174334003688512,FALSE,334064,0.815656194526529,"2026-07-03"
"Budgerigar","Melopsittacus undulatus","u310","Melopsittacus undulatus",TRUE,FALSE,NA,"Partial migrant","nomadic;irruptive","Granivore","Herbivore","Generalist","ground",8,"LC","not listed","not listed","central_west",3968,5,FALSE,NA,NA,NA,NA,NA,NA,NA,NA,NA,NA,FALSE,0.0503737748273667,0.159460986967499,FALSE,334064,0.815656194526529,"2026-07-03"
"Budgerigar","Melopsittacus undulatus","u310","Melopsittacus undulatus",TRUE,FALSE,NA,"Partial migrant","nomadic;irruptive","Granivore","Herbivore","Generalist","ground",8,"LC","not listed","not listed","new_england",3780,0,FALSE,NA,NA,NA,NA,NA,NA,NA,NA,NA,NA,FALSE,0,0,TRUE,334064,0.815656194526529,"2026-07-03"
"Budgerigar","Melopsittacus undulatus","u310","Melopsittacus undulatus",TRUE,FALSE,NA,"Partial migrant","nomadic;irruptive","Granivore","Herbivore","Generalist","ground",8,"LC","not listed","not listed","south_west",1539,4,FALSE,NA,NA,NA,NA,NA,NA,NA,NA,NA,NA,FALSE,0.815873100895603,0.170217874796528,FALSE,334064,0.815656194526529,"2026-07-03"
"Australian Crake","Porzana fluminea","u49","Porzana fluminea",TRUE,FALSE,NA,"Partial migrant","local dispersal;nomadic;irruptive","Aquatic predator","Carnivore","Terrestrial","around-water",3,"LC","not listed","not listed","statewide",324806,1064,TRUE,0.703375340716357,1.2152877128703,359,"25 Dec",1,TRUE,280,77,"07 Oct","18 Mar",TRUE,0.0255111566317755,0.190854470082402,FALSE,334105,0.57898320573628,"2026-07-03"
"Australian Crake","Porzana fluminea","u49","Porzana fluminea",TRUE,FALSE,NA,"Partial migrant","local dispersal;nomadic;irruptive","Aquatic predator","Carnivore","Terrestrial","around-water",3,"LC","not listed","not listed","central_west",3966,18,FALSE,NA,NA,NA,NA,NA,NA,NA,NA,NA,NA,FALSE,0.00291296996775578,0.163677468641967,FALSE,334105,0.57898320573628,"2026-07-03"
"Australian Crake","Porzana fluminea","u49","Porzana fluminea",TRUE,FALSE,NA,"Partial migrant","local dispersal;nomadic;irruptive","Aquatic predator","Carnivore","Terrestrial","around-water",3,"LC","not listed","not listed","new_england",3779,11,FALSE,NA,NA,NA,NA,NA,NA,NA,NA,NA,NA,FALSE,0.000686645408279932,0.231797042763481,FALSE,334105,0.57898320573628,"2026-07-03"
"Australian Crake","Porzana fluminea","u49","Porzana fluminea",TRUE,FALSE,NA,"Partial migrant","local dispersal;nomadic;irruptive","Aquatic predator","Carnivore","Terrestrial","around-water",3,"LC","not listed","not listed","south_west",1554,24,TRUE,0.704806454391277,1.22012405096395,356,"22 Dec",1,TRUE,280,77,"07 Oct","18 Mar",TRUE,0.115944277703108,0.169316405955892,FALSE,334105,0.57898320573628,"2026-07-03"
"Pale-yellow Robin","Eopsaltria capito","u396a","Tregellasia capito capito",TRUE,FALSE,NA,"Sedentary","local dispersal","Invertivore","Carnivore","Insessorial","ground",1,"LC","not listed","not listed","statewide",324801,1669,TRUE,0.0292384101323431,0.0296743713557106,21,"21 Jan",0,FALSE,NA,NA,NA,NA,FALSE,0.0032651599343048,0.318594863021974,FALSE,334105,0.771285034925909,"2026-07-03"
"Pale-yellow Robin","Eopsaltria capito","u396a","Tregellasia capito capito",TRUE,FALSE,NA,"Sedentary","local dispersal","Invertivore","Carnivore","Insessorial","ground",1,"LC","not listed","not listed","central_west",3971,0,FALSE,NA,NA,NA,NA,NA,NA,NA,NA,NA,NA,FALSE,0,0,TRUE,334105,0.771285034925909,"2026-07-03"
"Pale-yellow Robin","Eopsaltria capito","u396a","Tregellasia capito capito",TRUE,FALSE,NA,"Sedentary","local dispersal","Invertivore","Carnivore","Insessorial","ground",1,"LC","not listed","not listed","new_england",3778,1,FALSE,NA,NA,NA,NA,NA,NA,NA,NA,NA,NA,FALSE,0.000318917897174887,0.58931652232803,FALSE,334105,0.771285034925909,"2026-07-03"
"Pale-yellow Robin","Eopsaltria capito","u396a","Tregellasia capito capito",TRUE,FALSE,NA,"Sedentary","local dispersal","Invertivore","Carnivore","Insessorial","ground",1,"LC","not listed","not listed","south_west",1555,0,FALSE,NA,NA,NA,NA,NA,NA,NA,NA,NA,NA,FALSE,0,0,TRUE,334105,0.771285034925909,"2026-07-03"
"Splendid Fairywren","Malurus splendens","u532b","Malurus splendens melanotus",TRUE,FALSE,NA,"Sedentary","local dispersal","Invertivore","Carnivore","Terrestrial","ground",6,"LC","not listed","not listed","statewide",324808,2375,TRUE,0.132385351422598,0.14200761615005,148,"28 May",0,FALSE,NA,NA,NA,NA,FALSE,0.189746535416042,0.128789721780833,FALSE,334105,0.828609466365994,"2026-07-03"
"Splendid Fairywren","Malurus splendens","u532b","Malurus splendens melanotus",TRUE,FALSE,NA,"Sedentary","local dispersal","Invertivore","Carnivore","Terrestrial","ground",6,"LC","not listed","not listed","central_west",3969,0,FALSE,NA,NA,NA,NA,NA,NA,NA,NA,NA,NA,FALSE,0,0,TRUE,334105,0.828609466365994,"2026-07-03"
"Splendid Fairywren","Malurus splendens","u532b","Malurus splendens melanotus",TRUE,FALSE,NA,"Sedentary","local dispersal","Invertivore","Carnivore","Terrestrial","ground",6,"LC","not listed","not listed","new_england",3781,0,FALSE,NA,NA,NA,NA,NA,NA,NA,NA,NA,NA,FALSE,0,0,TRUE,334105,0.828609466365994,"2026-07-03"
"Splendid Fairywren","Malurus splendens","u532b","Malurus splendens melanotus",TRUE,FALSE,NA,"Sedentary","local dispersal","Invertivore","Carnivore","Terrestrial","ground",6,"LC","not listed","not listed","south_west",1547,24,TRUE,0.13252531315793,0.142168947019623,144,"24 May",0,FALSE,NA,NA,NA,NA,FALSE,0.258371633488706,0.104341546380729,FALSE,334105,0.828609466365994,"2026-07-03"
"Whiskered Tern","Chlidonias hybrida","u110","Chlidonias hybrida javanicus",TRUE,FALSE,NA,"Migratory","total migrant","Aquatic predator","Carnivore","Aerial","around-water",4,"LC","not listed","not listed","statewide",324768,1826,TRUE,0.984660789353247,4.17734294155391,312,"08 Nov",1,TRUE,268,33,"25 Sep","02 Feb",TRUE,2.06420477654875,0.221517433646738,FALSE,334070,0.679926492363247,"2026-07-03"
"Whiskered Tern","Chlidonias hybrida","u110","Chlidonias hybrida javanicus",TRUE,FALSE,NA,"Migratory","total migrant","Aquatic predator","Carnivore","Aerial","around-water",4,"LC","not listed","not listed","central_west",3968,17,FALSE,NA,NA,NA,NA,NA,NA,NA,NA,NA,NA,FALSE,0.118555708724435,0.189619368305028,FALSE,334070,0.679926492363247,"2026-07-03"
"Whiskered Tern","Chlidonias hybrida","u110","Chlidonias hybrida javanicus",TRUE,FALSE,NA,"Migratory","total migrant","Aquatic predator","Carnivore","Aerial","around-water",4,"LC","not listed","not listed","new_england",3783,37,TRUE,0.990882770080183,4.69758925789547,313,"09 Nov",1,TRUE,267,26,"24 Sep","26 Jan",TRUE,0.0234420048972351,0.239339461797601,FALSE,334070,0.679926492363247,"2026-07-03"
"Whiskered Tern","Chlidonias hybrida","u110","Chlidonias hybrida javanicus",TRUE,FALSE,NA,"Migratory","total migrant","Aquatic predator","Carnivore","Aerial","around-water",4,"LC","not listed","not listed","south_west",1551,20,TRUE,0.984706721111638,4.18034183544148,309,"05 Nov",1,TRUE,267,34,"24 Sep","03 Feb",TRUE,1.70480744083291,0.206225883171942,FALSE,334070,0.679926492363247,"2026-07-03"
"Lewin's Rail","Lewinia pectoralis","u45c","Lewinia pectoralis pectoralis",TRUE,FALSE,NA,"Sedentary","local dispersal;nomadic","Aquatic predator","Carnivore","Terrestrial","around-water",6,"LC","EX","not listed","statewide",324803,902,TRUE,0.45151142236277,0.600588824210709,216,"04 Aug",0.161,FALSE,NA,NA,NA,NA,FALSE,0.000777925287222739,0.248747996360376,FALSE,334105,0.31698654930603,"2026-07-10"
"Lewin's Rail","Lewinia pectoralis","u45c","Lewinia pectoralis pectoralis",TRUE,FALSE,NA,"Sedentary","local dispersal;nomadic","Aquatic predator","Carnivore","Terrestrial","around-water",6,"LC","EX","not listed","central_west",3968,1,FALSE,NA,NA,NA,NA,NA,NA,NA,NA,NA,NA,FALSE,0,0,TRUE,334105,0.31698654930603,"2026-07-10"
"Lewin's Rail","Lewinia pectoralis","u45c","Lewinia pectoralis pectoralis",TRUE,FALSE,NA,"Sedentary","local dispersal;nomadic","Aquatic predator","Carnivore","Terrestrial","around-water",6,"LC","EX","not listed","new_england",3777,1,FALSE,NA,NA,NA,NA,NA,NA,NA,NA,NA,NA,FALSE,0,0,TRUE,334105,0.31698654930603,"2026-07-10"
"Lewin's Rail","Lewinia pectoralis","u45c","Lewinia pectoralis pectoralis",TRUE,FALSE,NA,"Sedentary","local dispersal;nomadic","Aquatic predator","Carnivore","Terrestrial","around-water",6,"LC","EX","not listed","south_west",1557,0,FALSE,NA,NA,NA,NA,NA,NA,NA,NA,NA,NA,FALSE,0,0,TRUE,334105,0.31698654930603,"2026-07-10"
"Mulga Parrot","Psephotellus varius","u296","Psephotellus varius",TRUE,FALSE,NA,"Sedentary","local dispersal","Granivore","Herbivore","Generalist","understory",3,"LC","not listed","not listed","statewide",324811,2974,TRUE,0.293732960552032,0.347761870160539,146,"26 May",0,FALSE,NA,NA,NA,NA,FALSE,0.534098060611983,0.151250229051113,FALSE,334105,0.830815177666317,"2026-07-03"
"Mulga Parrot","Psephotellus varius","u296","Psephotellus varius",TRUE,FALSE,NA,"Sedentary","local dispersal","Granivore","Herbivore","Generalist","understory",3,"LC","not listed","not listed","central_west",3971,0,FALSE,NA,NA,NA,NA,NA,NA,NA,NA,NA,NA,FALSE,0,0,TRUE,334105,0.830815177666317,"2026-07-03"
"Mulga Parrot","Psephotellus varius","u296","Psephotellus varius",TRUE,FALSE,NA,"Sedentary","local dispersal","Granivore","Herbivore","Generalist","understory",3,"LC","not listed","not listed","new_england",3781,0,FALSE,NA,NA,NA,NA,NA,NA,NA,NA,NA,NA,FALSE,0,0,TRUE,334105,0.830815177666317,"2026-07-03"
"Mulga Parrot","Psephotellus varius","u296","Psephotellus varius",TRUE,FALSE,NA,"Sedentary","local dispersal","Granivore","Herbivore","Generalist","understory",3,"LC","not listed","not listed","south_west",1542,37,TRUE,0.530431760939643,0.755941646783736,49,"18 Feb",0.603,FALSE,NA,NA,NA,NA,FALSE,0.913852516359506,0.136397517747598,FALSE,334105,0.830815177666317,"2026-07-03"
"Red Knot","Calidris canutus","u164a;u164b","Calidris canutus piersmai;Calidris canutus rogersi",TRUE,TRUE,"multiple_nsw_subspecies","Migratory","total migrant","Aquatic predator","Carnivore","Terrestrial","ground",3,"NT","not listed","not listed","statewide",324809,510,TRUE,0.993938076923974,5.10572818996416,293,"20 Oct",1,TRUE,253,355,"10 Sep","21 Dec",FALSE,0.00100453375352935,0.529896108891448,FALSE,334103,0.876635837387599,"2026-07-03"
"Red Knot","Calidris canutus","u164a;u164b","Calidris canutus piersmai;Calidris canutus rogersi",TRUE,TRUE,"multiple_nsw_subspecies","Migratory","total migrant","Aquatic predator","Carnivore","Terrestrial","ground",3,"NT","not listed","not listed","central_west",3971,0,FALSE,NA,NA,NA,NA,NA,NA,NA,NA,NA,NA,FALSE,0,0,TRUE,334103,0.876635837387599,"2026-07-03"
"Red Knot","Calidris canutus","u164a;u164b","Calidris canutus piersmai;Calidris canutus rogersi",TRUE,TRUE,"multiple_nsw_subspecies","Migratory","total migrant","Aquatic predator","Carnivore","Terrestrial","ground",3,"NT","not listed","not listed","new_england",3775,0,FALSE,NA,NA,NA,NA,NA,NA,NA,NA,NA,NA,FALSE,0,0,TRUE,334103,0.876635837387599,"2026-07-03"
"Red Knot","Calidris canutus","u164a;u164b","Calidris canutus piersmai;Calidris canutus rogersi",TRUE,TRUE,"multiple_nsw_subspecies","Migratory","total migrant","Aquatic predator","Carnivore","Terrestrial","ground",3,"NT","not listed","not listed","south_west",1548,0,FALSE,NA,NA,NA,NA,NA,NA,NA,NA,NA,NA,FALSE,0,0,TRUE,334103,0.876635837387599,"2026-07-03"
"Wandering Whistling-Duck","Dendrocygna arcuata","u204","Dendrocygna arcuata australis",TRUE,FALSE,NA,"Partial migrant","total migrant","Herbivore aquatic","Herbivore","Aquatic","below-water",2,"LC","not listed","not listed","statewide",324799,1629,TRUE,0.0604481726264552,0.0623522968033665,252,"09 Sep",0,FALSE,NA,NA,NA,NA,FALSE,0.00924324721359351,0.509963151663162,FALSE,334105,0.666473538977929,"2026-07-03"
"Wandering Whistling-Duck","Dendrocygna arcuata","u204","Dendrocygna arcuata australis",TRUE,FALSE,NA,"Partial migrant","total migrant","Herbivore aquatic","Herbivore","Aquatic","below-water",2,"LC","not listed","not listed","central_west",3971,0,FALSE,NA,NA,NA,NA,NA,NA,NA,NA,NA,NA,FALSE,2.43162785353039e-05,0.532096135649324,FALSE,334105,0.666473538977929,"2026-07-03"
"Wandering Whistling-Duck","Dendrocygna arcuata","u204","Dendrocygna arcuata australis",TRUE,FALSE,NA,"Partial migrant","total migrant","Herbivore aquatic","Herbivore","Aquatic","below-water",2,"LC","not listed","not listed","new_england",3782,6,FALSE,NA,NA,NA,NA,NA,NA,NA,NA,NA,NA,FALSE,0.0158708012647797,0.38235803240137,FALSE,334105,0.666473538977929,"2026-07-03"
"Wandering Whistling-Duck","Dendrocygna arcuata","u204","Dendrocygna arcuata australis",TRUE,FALSE,NA,"Partial migrant","total migrant","Herbivore aquatic","Herbivore","Aquatic","below-water",2,"LC","not listed","not listed","south_west",1553,0,FALSE,NA,NA,NA,NA,NA,NA,NA,NA,NA,NA,FALSE,1.92900040575833e-05,0.399068705659164,FALSE,334105,0.666473538977929,"2026-07-03"
"Baillon's Crake","Zapornia pusilla","u50","Zapornia pusilla palustris",TRUE,FALSE,NA,"Migratory","local dispersal;partial migrant","Aquatic predator","Carnivore","Terrestrial","around-water",3,"LC","not listed","not listed","statewide",324808,792,TRUE,0.981092542361803,3.96819885071275,287,"14 Oct",1,TRUE,239,20,"27 Aug","20 Jan",TRUE,0.0107048889822332,0.278979130888672,FALSE,334105,0.505571487351077,"2026-07-03"
"Baillon's Crake","Zapornia pusilla","u50","Zapornia pusilla palustris",TRUE,FALSE,NA,"Migratory","local dispersal;partial migrant","Aquatic predator","Carnivore","Terrestrial","around-water",3,"LC","not listed","not listed","central_west",3971,7,FALSE,NA,NA,NA,NA,NA,NA,NA,NA,NA,NA,FALSE,0.00657441628743265,0.239475902570773,FALSE,334105,0.505571487351077,"2026-07-03"
"Baillon's Crake","Zapornia pusilla","u50","Zapornia pusilla palustris",TRUE,FALSE,NA,"Migratory","local dispersal;partial migrant","Aquatic predator","Carnivore","Terrestrial","around-water",3,"LC","not listed","not listed","new_england",3779,23,TRUE,0.980961236943366,3.96127821724217,287,"14 Oct",1,TRUE,239,19,"27 Aug","19 Jan",TRUE,0.00480338113644628,0.296938175198493,FALSE,334105,0.505571487351077,"2026-07-03"
"Baillon's Crake","Zapornia pusilla","u50","Zapornia pusilla palustris",TRUE,FALSE,NA,"Migratory","local dispersal;partial migrant","Aquatic predator","Carnivore","Terrestrial","around-water",3,"LC","not listed","not listed","south_west",1547,8,FALSE,NA,NA,NA,NA,NA,NA,NA,NA,NA,NA,FALSE,0.0413981043564537,0.232485292775831,FALSE,334105,0.505571487351077,"2026-07-03"
"Black-tailed Nativehen","Tribonyx ventralis","u55","Tribonyx ventralis",TRUE,FALSE,NA,"Partial migrant","nomadic;irruptive","Omnivore","Herbivore","Terrestrial",NA,5,"LC","not listed","not listed","statewide",324797,1988,TRUE,0.83619335332601,1.80906853040115,323,"19 Nov",1,TRUE,264,35,"21 Sep","04 Feb",TRUE,0.924000125238651,0.205221466507152,FALSE,334085,0.775421758564781,"2026-07-03"
"Black-tailed Nativehen","Tribonyx ventralis","u55","Tribonyx ventralis",TRUE,FALSE,NA,"Partial migrant","nomadic;irruptive","Omnivore","Herbivore","Terrestrial",NA,5,"LC","not listed","not listed","central_west",3964,11,FALSE,NA,NA,NA,NA,NA,NA,NA,NA,NA,NA,FALSE,0.0177156006056275,0.160870150212617,FALSE,334085,0.775421758564781,"2026-07-03"
"Black-tailed Nativehen","Tribonyx ventralis","u55","Tribonyx ventralis",TRUE,FALSE,NA,"Partial migrant","nomadic;irruptive","Omnivore","Herbivore","Terrestrial",NA,5,"LC","not listed","not listed","new_england",3778,1,FALSE,NA,NA,NA,NA,NA,NA,NA,NA,NA,NA,FALSE,0.000506497337893681,0.43500501418877,FALSE,334085,0.775421758564781,"2026-07-03"
"Black-tailed Nativehen","Tribonyx ventralis","u55","Tribonyx ventralis",TRUE,FALSE,NA,"Partial migrant","nomadic;irruptive","Omnivore","Herbivore","Terrestrial",NA,5,"LC","not listed","not listed","south_west",1546,71,TRUE,0.836006148545606,1.80792634299249,323,"19 Nov",1,TRUE,265,36,"22 Sep","05 Feb",TRUE,1.76859144031277,0.163866560590344,FALSE,334085,0.775421758564781,"2026-07-03"
"Comb-crested Jacana","Irediparra gallinacea","u171","Irediparra gallinacea novaehollandiae",TRUE,FALSE,NA,"Sedentary","local dispersal;nomadic","Aquatic predator","Omnivore","Terrestrial","around-water",2,"LC","not listed","VU","statewide",324812,3604,TRUE,0.209102913776152,0.234587425590688,122,"02 May",0,FALSE,NA,NA,NA,NA,FALSE,0.00577339913947822,0.632891238464213,FALSE,334105,0.66298918789883,"2026-07-03"
"Comb-crested Jacana","Irediparra gallinacea","u171","Irediparra gallinacea novaehollandiae",TRUE,FALSE,NA,"Sedentary","local dispersal;nomadic","Aquatic predator","Omnivore","Terrestrial","around-water",2,"LC","not listed","VU","central_west",3969,0,FALSE,NA,NA,NA,NA,NA,NA,NA,NA,NA,NA,FALSE,0,0,TRUE,334105,0.66298918789883,"2026-07-03"
"Comb-crested Jacana","Irediparra gallinacea","u171","Irediparra gallinacea novaehollandiae",TRUE,FALSE,NA,"Sedentary","local dispersal;nomadic","Aquatic predator","Omnivore","Terrestrial","around-water",2,"LC","not listed","VU","new_england",3782,5,FALSE,NA,NA,NA,NA,NA,NA,NA,NA,NA,NA,FALSE,2.26537620606318e-05,0.718472204950391,FALSE,334105,0.66298918789883,"2026-07-03"
"Comb-crested Jacana","Irediparra gallinacea","u171","Irediparra gallinacea novaehollandiae",TRUE,FALSE,NA,"Sedentary","local dispersal;nomadic","Aquatic predator","Omnivore","Terrestrial","around-water",2,"LC","not listed","VU","south_west",1542,0,FALSE,NA,NA,NA,NA,NA,NA,NA,NA,NA,NA,FALSE,0,0,TRUE,334105,0.66298918789883,"2026-07-03"
"Muscovy Duck","Cairina moschata",NA,NA,FALSE,FALSE,NA,"Sedentary",NA,"Omnivore","Omnivore","Generalist","around-water",3,"LC","not listed","not listed","statewide",324808,1401,TRUE,0.0617207369562819,0.0637076524912428,107,"17 Apr",0,FALSE,NA,NA,NA,NA,FALSE,0.00149650123346615,0.335311613050105,FALSE,334105,0.310636139146573,"2026-07-03"
"Muscovy Duck","Cairina moschata",NA,NA,FALSE,FALSE,NA,"Sedentary",NA,"Omnivore","Omnivore","Generalist","around-water",3,"LC","not listed","not listed","central_west",3969,1,FALSE,NA,NA,NA,NA,NA,NA,NA,NA,NA,NA,FALSE,0.00155021147120323,0.270030929608704,FALSE,334105,0.310636139146573,"2026-07-03"
"Muscovy Duck","Cairina moschata",NA,NA,FALSE,FALSE,NA,"Sedentary",NA,"Omnivore","Omnivore","Generalist","around-water",3,"LC","not listed","not listed","new_england",3779,2,FALSE,NA,NA,NA,NA,NA,NA,NA,NA,NA,NA,FALSE,0.00108093518726469,0.252547398202805,FALSE,334105,0.310636139146573,"2026-07-03"
"Muscovy Duck","Cairina moschata",NA,NA,FALSE,FALSE,NA,"Sedentary",NA,"Omnivore","Omnivore","Generalist","around-water",3,"LC","not listed","not listed","south_west",1549,3,FALSE,NA,NA,NA,NA,NA,NA,NA,NA,NA,NA,FALSE,0.000819106814525709,0.333528350663764,FALSE,334105,0.310636139146573,"2026-07-03"
"Eastern Bristlebird","Dasyornis brachypterus","u519b;u519a","Dasyornis brachypterus monoides;Dasyornis brachypterus brachypterus",TRUE,TRUE,"multiple_nsw_subspecies","Sedentary","local dispersal","Omnivore","Omnivore","Insessorial","ground",3,"VU","EN","EN","statewide",324810,810,TRUE,0.336927309076081,0.410870655403642,4,"04 Jan",0.002,FALSE,NA,NA,NA,NA,FALSE,0.000737696470347402,0.62215992567832,FALSE,334105,0.8976832694734,"2026-07-03"
"Eastern Bristlebird","Dasyornis brachypterus","u519b;u519a","Dasyornis brachypterus monoides;Dasyornis brachypterus brachypterus",TRUE,TRUE,"multiple_nsw_subspecies","Sedentary","local dispersal","Omnivore","Omnivore","Insessorial","ground",3,"VU","EN","EN","central_west",3970,0,FALSE,NA,NA,NA,NA,NA,NA,NA,NA,NA,NA,FALSE,0,0,TRUE,334105,0.8976832694734,"2026-07-03"
"Eastern Bristlebird","Dasyornis brachypterus","u519b;u519a","Dasyornis brachypterus monoides;Dasyornis brachypterus brachypterus",TRUE,TRUE,"multiple_nsw_subspecies","Sedentary","local dispersal","Omnivore","Omnivore","Insessorial","ground",3,"VU","EN","EN","new_england",3778,0,FALSE,NA,NA,NA,NA,NA,NA,NA,NA,NA,NA,FALSE,0,0,TRUE,334105,0.8976832694734,"2026-07-03"
"Eastern Bristlebird","Dasyornis brachypterus","u519b;u519a","Dasyornis brachypterus monoides;Dasyornis brachypterus brachypterus",TRUE,TRUE,"multiple_nsw_subspecies","Sedentary","local dispersal","Omnivore","Omnivore","Insessorial","ground",3,"VU","EN","EN","south_west",1547,0,FALSE,NA,NA,NA,NA,NA,NA,NA,NA,NA,NA,FALSE,0,0,TRUE,334105,0.8976832694734,"2026-07-03"
"Freckled Duck","Stictonetta naevosa","u214","Stictonetta naevosa",TRUE,FALSE,NA,"Partial migrant","nomadic;irruptive","Herbivore aquatic","Herbivore","Generalist","around-water",2,"LC","not listed","VU","statewide",324806,1129,TRUE,0.654528689015712,1.06284567544704,183,"02 Jul",0.996,TRUE,127,226,"07 May","14 Aug",FALSE,0.0424688264417931,0.259026933238727,FALSE,334102,0.480990189289694,"2026-07-03"
"Freckled Duck","Stictonetta naevosa","u214","Stictonetta naevosa",TRUE,FALSE,NA,"Partial migrant","nomadic;irruptive","Herbivore aquatic","Herbivore","Generalist","around-water",2,"LC","not listed","VU","central_west",3970,7,FALSE,NA,NA,NA,NA,NA,NA,NA,NA,NA,NA,FALSE,0.00510715965139859,0.228938139926408,FALSE,334102,0.480990189289694,"2026-07-03"
"Freckled Duck","Stictonetta naevosa","u214","Stictonetta naevosa",TRUE,FALSE,NA,"Partial migrant","nomadic;irruptive","Herbivore aquatic","Herbivore","Generalist","around-water",2,"LC","not listed","VU","new_england",3781,9,FALSE,NA,NA,NA,NA,NA,NA,NA,NA,NA,NA,FALSE,0.00385535241715526,0.276597564249933,FALSE,334102,0.480990189289694,"2026-07-03"
"Freckled Duck","Stictonetta naevosa","u214","Stictonetta naevosa",TRUE,FALSE,NA,"Partial migrant","nomadic;irruptive","Herbivore aquatic","Herbivore","Generalist","around-water",2,"LC","not listed","VU","south_west",1545,2,FALSE,NA,NA,NA,NA,NA,NA,NA,NA,NA,NA,FALSE,0.191828908803056,0.286511090877302,FALSE,334102,0.480990189289694,"2026-07-03"
"Eurasian Skylark","Alauda arvensis",NA,NA,FALSE,FALSE,NA,"Partial migrant","local dispersal","Omnivore","Omnivore","Terrestrial","ground",5,"LC","not listed","not listed","statewide",324801,1462,TRUE,0.916098940091717,2.47811703259374,270,"27 Sep",1,TRUE,217,10,"05 Aug","10 Jan",TRUE,0.0180996738243995,0.229939479655102,FALSE,334105,0.799865989262568,"2026-07-03"
"Eurasian Skylark","Alauda arvensis",NA,NA,FALSE,FALSE,NA,"Partial migrant","local dispersal","Omnivore","Omnivore","Terrestrial","ground",5,"LC","not listed","not listed","central_west",3971,0,FALSE,NA,NA,NA,NA,NA,NA,NA,NA,NA,NA,FALSE,0,0,TRUE,334105,0.799865989262568,"2026-07-03"
"Eurasian Skylark","Alauda arvensis",NA,NA,FALSE,FALSE,NA,"Partial migrant","local dispersal","Omnivore","Omnivore","Terrestrial","ground",5,"LC","not listed","not listed","new_england",3783,3,FALSE,NA,NA,NA,NA,NA,NA,NA,NA,NA,NA,FALSE,0,0,TRUE,334105,0.799865989262568,"2026-07-03"
"Eurasian Skylark","Alauda arvensis",NA,NA,FALSE,FALSE,NA,"Partial migrant","local dispersal","Omnivore","Omnivore","Terrestrial","ground",5,"LC","not listed","not listed","south_west",1550,0,FALSE,NA,NA,NA,NA,NA,NA,NA,NA,NA,NA,FALSE,5.31676090998879e-05,0.200426616212901,FALSE,334105,0.799865989262568,"2026-07-03"
"Beautiful Firetail","Stagonopleura bella","u650","Stagonopleura bella",TRUE,FALSE,NA,"Sedentary","local dispersal","Granivore","Herbivore","Generalist","ground",2,"LC","not listed","not listed","statewide",324804,866,TRUE,0.706199086923105,1.2248529074293,62,"03 Mar",1,TRUE,355,148,"21 Dec","28 May",TRUE,0.00205760256541676,0.6483489780353,FALSE,334105,0.73554620449403,"2026-07-03"
"Beautiful Firetail","Stagonopleura bella","u650","Stagonopleura bella",TRUE,FALSE,NA,"Sedentary","local dispersal","Granivore","Herbivore","Generalist","ground",2,"LC","not listed","not listed","central_west",3968,0,FALSE,NA,NA,NA,NA,NA,NA,NA,NA,NA,NA,FALSE,0,0,TRUE,334105,0.73554620449403,"2026-07-03"
"Beautiful Firetail","Stagonopleura bella","u650","Stagonopleura bella",TRUE,FALSE,NA,"Sedentary","local dispersal","Granivore","Herbivore","Generalist","ground",2,"LC","not listed","not listed","new_england",3781,0,FALSE,NA,NA,NA,NA,NA,NA,NA,NA,NA,NA,FALSE,0,0,TRUE,334105,0.73554620449403,"2026-07-03"
"Beautiful Firetail","Stagonopleura bella","u650","Stagonopleura bella",TRUE,FALSE,NA,"Sedentary","local dispersal","Granivore","Herbivore","Generalist","ground",2,"LC","not listed","not listed","south_west",1552,0,FALSE,NA,NA,NA,NA,NA,NA,NA,NA,NA,NA,FALSE,0,0,TRUE,334105,0.73554620449403,"2026-07-03"
"Spotted Bowerbird","Chlamydera maculata","u680","Chlamydera maculata",TRUE,FALSE,NA,"Sedentary","local dispersal","Omnivore","Herbivore","Insessorial","ground",2,"LC","not listed","not listed","statewide",324804,1434,TRUE,0.000384939681265073,0.000385013789562905,224,"12 Aug",0,FALSE,NA,NA,NA,NA,FALSE,0.0487770396303027,0.157535440765969,FALSE,334105,0.686823508542602,"2026-07-03"
"Spotted Bowerbird","Chlamydera maculata","u680","Chlamydera maculata",TRUE,FALSE,NA,"Sedentary","local dispersal","Omnivore","Herbivore","Insessorial","ground",2,"LC","not listed","not listed","central_west",3968,8,FALSE,NA,NA,NA,NA,NA,NA,NA,NA,NA,NA,FALSE,0.0082224880076645,0.191341813977701,FALSE,334105,0.686823508542602,"2026-07-03"
"Spotted Bowerbird","Chlamydera maculata","u680","Chlamydera maculata",TRUE,FALSE,NA,"Sedentary","local dispersal","Omnivore","Herbivore","Insessorial","ground",2,"LC","not listed","not listed","new_england",3778,4,FALSE,NA,NA,NA,NA,NA,NA,NA,NA,NA,NA,FALSE,0.000833048062893012,0.507381687081584,FALSE,334105,0.686823508542602,"2026-07-03"
"Spotted Bowerbird","Chlamydera maculata","u680","Chlamydera maculata",TRUE,FALSE,NA,"Sedentary","local dispersal","Omnivore","Herbivore","Insessorial","ground",2,"LC","not listed","not listed","south_west",1555,0,FALSE,NA,NA,NA,NA,NA,NA,NA,NA,NA,NA,FALSE,0.00158411547174379,0.166230413166262,FALSE,334105,0.686823508542602,"2026-07-03"
"Black-faced Woodswallow","Artamus cinereus","u546b;u546c","Artamus cinereus inkermani;Artamus cinereus melanops",TRUE,FALSE,NA,"Sedentary","local dispersal;partial migrant","Invertivore","Carnivore","Aerial","aerial",6,"LC","not listed","not listed","statewide",324794,1662,TRUE,0.000412482743127551,0.000412567837535072,70,"11 Mar",0,FALSE,NA,NA,NA,NA,FALSE,0.379731686103191,0.136670593766894,FALSE,334105,0.828614597356432,"2026-07-03"
"Black-faced Woodswallow","Artamus cinereus","u546b;u546c","Artamus cinereus inkermani;Artamus cinereus melanops",TRUE,FALSE,NA,"Sedentary","local dispersal;partial migrant","Invertivore","Carnivore","Aerial","aerial",6,"LC","not listed","not listed","central_west",3974,5,FALSE,NA,NA,NA,NA,NA,NA,NA,NA,NA,NA,FALSE,0,0,TRUE,334105,0.828614597356432,"2026-07-03"
"Black-faced Woodswallow","Artamus cinereus","u546b;u546c","Artamus cinereus inkermani;Artamus cinereus melanops",TRUE,FALSE,NA,"Sedentary","local dispersal;partial migrant","Invertivore","Carnivore","Aerial","aerial",6,"LC","not listed","not listed","new_england",3780,0,FALSE,NA,NA,NA,NA,NA,NA,NA,NA,NA,NA,FALSE,0,0,TRUE,334105,0.828614597356432,"2026-07-03"
"Black-faced Woodswallow","Artamus cinereus","u546b;u546c","Artamus cinereus inkermani;Artamus cinereus melanops",TRUE,FALSE,NA,"Sedentary","local dispersal;partial migrant","Invertivore","Carnivore","Aerial","aerial",6,"LC","not listed","not listed","south_west",1557,34,TRUE,0.00160646816332688,0.00160775991693285,280,"07 Oct",0,FALSE,NA,NA,NA,NA,FALSE,0.15220959738222,0.137656542269999,FALSE,334105,0.828614597356432,"2026-07-03"
"Pilotbird","Pycnoptilus floccosus","u506a;u506b","Pycnoptilus floccosus floccosus;Pycnoptilus floccosus sandlandi",TRUE,TRUE,"multiple_nsw_subspecies","Sedentary","local dispersal","Invertivore","Carnivore","Terrestrial","ground",1,"VU","not listed","not listed","statewide",324801,1223,TRUE,0.000514329200358876,0.00051446151299217,33,"02 Feb",0,FALSE,NA,NA,NA,NA,FALSE,0.00855971843581665,0.18577835672242,FALSE,334105,0.688503983523811,"2026-07-03"
"Pilotbird","Pycnoptilus floccosus","u506a;u506b","Pycnoptilus floccosus floccosus;Pycnoptilus floccosus sandlandi",TRUE,TRUE,"multiple_nsw_subspecies","Sedentary","local dispersal","Invertivore","Carnivore","Terrestrial","ground",1,"VU","not listed","not listed","central_west",3972,0,FALSE,NA,NA,NA,NA,NA,NA,NA,NA,NA,NA,FALSE,0,0,TRUE,334105,0.688503983523811,"2026-07-03"
"Pilotbird","Pycnoptilus floccosus","u506a;u506b","Pycnoptilus floccosus floccosus;Pycnoptilus floccosus sandlandi",TRUE,TRUE,"multiple_nsw_subspecies","Sedentary","local dispersal","Invertivore","Carnivore","Terrestrial","ground",1,"VU","not listed","not listed","new_england",3778,0,FALSE,NA,NA,NA,NA,NA,NA,NA,NA,NA,NA,FALSE,0,0,TRUE,334105,0.688503983523811,"2026-07-03"
"Pilotbird","Pycnoptilus floccosus","u506a;u506b","Pycnoptilus floccosus floccosus;Pycnoptilus floccosus sandlandi",TRUE,TRUE,"multiple_nsw_subspecies","Sedentary","local dispersal","Invertivore","Carnivore","Terrestrial","ground",1,"VU","not listed","not listed","south_west",1554,0,FALSE,NA,NA,NA,NA,NA,NA,NA,NA,NA,NA,FALSE,0,0,TRUE,334105,0.688503983523811,"2026-07-03"
"Tawny-crowned Honeyeater","Gliciphila melanops","u593b","Gliciphila melanops melanops",TRUE,FALSE,NA,"Sedentary","local dispersal;nomadic","Nectarivore","Omnivore","Insessorial","understory",4,"LC","not listed","not listed","statewide",324804,1096,TRUE,0.187052978159725,0.207089335345678,174,"23 Jun",0,FALSE,NA,NA,NA,NA,FALSE,0.00195279145637042,0.418635064006051,FALSE,334105,0.723784429353836,"2026-07-03"
"Tawny-crowned Honeyeater","Gliciphila melanops","u593b","Gliciphila melanops melanops",TRUE,FALSE,NA,"Sedentary","local dispersal;nomadic","Nectarivore","Omnivore","Insessorial","understory",4,"LC","not listed","not listed","central_west",3964,0,FALSE,NA,NA,NA,NA,NA,NA,NA,NA,NA,NA,FALSE,1.47258498426663e-05,0.479256132099946,FALSE,334105,0.723784429353836,"2026-07-03"
"Tawny-crowned Honeyeater","Gliciphila melanops","u593b","Gliciphila melanops melanops",TRUE,FALSE,NA,"Sedentary","local dispersal;nomadic","Nectarivore","Omnivore","Insessorial","understory",4,"LC","not listed","not listed","new_england",3781,0,FALSE,NA,NA,NA,NA,NA,NA,NA,NA,NA,NA,FALSE,0.0001364154645149,0.450902826263977,FALSE,334105,0.723784429353836,"2026-07-03"
"Tawny-crowned Honeyeater","Gliciphila melanops","u593b","Gliciphila melanops melanops",TRUE,FALSE,NA,"Sedentary","local dispersal;nomadic","Nectarivore","Omnivore","Insessorial","understory",4,"LC","not listed","not listed","south_west",1556,0,FALSE,NA,NA,NA,NA,NA,NA,NA,NA,NA,NA,FALSE,0.00156701133056026,0.352492099509546,FALSE,334105,0.723784429353836,"2026-07-03"
"Turquoise Parrot","Neophema pulchella","u302","Neophema pulchella",TRUE,FALSE,NA,"Sedentary","local dispersal","Omnivore","Herbivore","Insessorial","understory",5,"LC","not listed","VU","statewide",324811,1954,TRUE,0.382317140030074,0.48178012481174,74,"15 Mar",0.001,FALSE,NA,NA,NA,NA,FALSE,0.036335902546974,0.287099746269085,FALSE,334105,0.687717697711656,"2026-07-03"
"Turquoise Parrot","Neophema pulchella","u302","Neophema pulchella",TRUE,FALSE,NA,"Sedentary","local dispersal","Omnivore","Herbivore","Insessorial","understory",5,"LC","not listed","VU","central_west",3967,31,TRUE,0.383554922121002,0.483786047322702,85,"26 Mar",0.002,FALSE,NA,NA,NA,NA,FALSE,0.227518952804104,0.210555025835798,FALSE,334105,0.687717697711656,"2026-07-03"
"Turquoise Parrot","Neophema pulchella","u302","Neophema pulchella",TRUE,FALSE,NA,"Sedentary","local dispersal","Omnivore","Herbivore","Insessorial","understory",5,"LC","not listed","VU","new_england",3779,10,FALSE,NA,NA,NA,NA,NA,NA,NA,NA,NA,NA,FALSE,0.0243177540597868,0.28053887837928,FALSE,334105,0.687717697711656,"2026-07-03"
"Turquoise Parrot","Neophema pulchella","u302","Neophema pulchella",TRUE,FALSE,NA,"Sedentary","local dispersal","Omnivore","Herbivore","Insessorial","understory",5,"LC","not listed","VU","south_west",1548,0,FALSE,NA,NA,NA,NA,NA,NA,NA,NA,NA,NA,FALSE,0.000216894356069382,0.460454379300807,FALSE,334105,0.687717697711656,"2026-07-03"
"Little Crow","Corvus bennetti","u691","Corvus bennetti",TRUE,FALSE,NA,"Sedentary","nomadic","Omnivore","Omnivore","Generalist","ground",7,"LC","not listed","not listed","statewide",324810,1076,TRUE,0.807467294715395,1.64748924210289,199,"18 Jul",0.998,TRUE,158,232,"07 Jun","20 Aug",FALSE,0.512748113797811,0.279044712089868,FALSE,334105,0.986082492929652,"2026-07-03"
"Little Crow","Corvus bennetti","u691","Corvus bennetti",TRUE,FALSE,NA,"Sedentary","nomadic","Omnivore","Omnivore","Generalist","ground",7,"LC","not listed","not listed","central_west",3969,10,FALSE,NA,NA,NA,NA,NA,NA,NA,NA,NA,NA,FALSE,0.0531153936804005,0.281661984249555,FALSE,334105,0.986082492929652,"2026-07-03"
"Little Crow","Corvus bennetti","u691","Corvus bennetti",TRUE,FALSE,NA,"Sedentary","nomadic","Omnivore","Omnivore","Generalist","ground",7,"LC","not listed","not listed","new_england",3782,0,FALSE,NA,NA,NA,NA,NA,NA,NA,NA,NA,NA,FALSE,0,0,TRUE,334105,0.986082492929652,"2026-07-03"
"Little Crow","Corvus bennetti","u691","Corvus bennetti",TRUE,FALSE,NA,"Sedentary","nomadic","Omnivore","Omnivore","Generalist","ground",7,"LC","not listed","not listed","south_west",1544,16,FALSE,NA,NA,NA,NA,NA,NA,NA,NA,NA,NA,FALSE,0.113373052329287,0.264583814837319,FALSE,334105,0.986082492929652,"2026-07-03"
"Black-browed Albatross","Thalassarche melanophris",NA,NA,FALSE,FALSE,NA,"Partial migrant","total migrant","Aquatic predator","Carnivore","Aquatic","pelagic",3,"LC","VU","VU","statewide",324808,360,TRUE,0.973301095894881,3.6231327591704,197,"16 Jul",1,TRUE,197,197,"16 Jul","16 Jul",FALSE,0.000202439973267093,0.391833162440157,FALSE,334105,0.823926922429913,"2026-07-03"
"Black-browed Albatross","Thalassarche melanophris",NA,NA,FALSE,FALSE,NA,"Partial migrant","total migrant","Aquatic predator","Carnivore","Aquatic","pelagic",3,"LC","VU","VU","central_west",3969,0,FALSE,NA,NA,NA,NA,NA,NA,NA,NA,NA,NA,FALSE,0,0,TRUE,334105,0.823926922429913,"2026-07-03"
"Black-browed Albatross","Thalassarche melanophris",NA,NA,FALSE,FALSE,NA,"Partial migrant","total migrant","Aquatic predator","Carnivore","Aquatic","pelagic",3,"LC","VU","VU","new_england",3781,0,FALSE,NA,NA,NA,NA,NA,NA,NA,NA,NA,NA,FALSE,0,0,TRUE,334105,0.823926922429913,"2026-07-03"
"Black-browed Albatross","Thalassarche melanophris",NA,NA,FALSE,FALSE,NA,"Partial migrant","total migrant","Aquatic predator","Carnivore","Aquatic","pelagic",3,"LC","VU","VU","south_west",1547,0,FALSE,NA,NA,NA,NA,NA,NA,NA,NA,NA,NA,FALSE,0,0,TRUE,334105,0.823926922429913,"2026-07-03"
"Forest Kingfisher","Todiramphus macleayii","u324a","Todiramphus macleayii incinctus",TRUE,FALSE,NA,"Migratory","local dispersal;partial migrant","Invertivore","Carnivore","Insessorial","ground",5,"LC","not listed","not listed","statewide",324809,2256,TRUE,0.0569880261806218,0.058676298847768,364,"30 Dec",0,FALSE,NA,NA,NA,NA,FALSE,0.000958291620407316,0.232817278298385,FALSE,334105,0.55523225777248,"2026-07-03"
"Forest Kingfisher","Todiramphus macleayii","u324a","Todiramphus macleayii incinctus",TRUE,FALSE,NA,"Migratory","local dispersal;partial migrant","Invertivore","Carnivore","Insessorial","ground",5,"LC","not listed","not listed","central_west",3970,0,FALSE,NA,NA,NA,NA,NA,NA,NA,NA,NA,NA,FALSE,0,0,TRUE,334105,0.55523225777248,"2026-07-03"
"Forest Kingfisher","Todiramphus macleayii","u324a","Todiramphus macleayii incinctus",TRUE,FALSE,NA,"Migratory","local dispersal;partial migrant","Invertivore","Carnivore","Insessorial","ground",5,"LC","not listed","not listed","new_england",3774,0,FALSE,NA,NA,NA,NA,NA,NA,NA,NA,NA,NA,FALSE,2.27124350398618e-05,0.535995039399023,FALSE,334105,0.55523225777248,"2026-07-03"
"Forest Kingfisher","Todiramphus macleayii","u324a","Todiramphus macleayii incinctus",TRUE,FALSE,NA,"Migratory","local dispersal;partial migrant","Invertivore","Carnivore","Insessorial","ground",5,"LC","not listed","not listed","south_west",1552,0,FALSE,NA,NA,NA,NA,NA,NA,NA,NA,NA,NA,FALSE,0,0,TRUE,334105,0.55523225777248,"2026-07-03"
"Russet-tailed Thrush","Zoothera heinei","u780","Zoothera heinei heinei",TRUE,FALSE,NA,"Sedentary","local dispersal;partial migrant","Invertivore","Carnivore","Terrestrial","ground",2,"LC","not listed","not listed","statewide",324809,891,TRUE,0.0972420750737673,0.102300840213163,247,"04 Sep",0,FALSE,NA,NA,NA,NA,FALSE,0.00542376260070945,0.270524995333801,FALSE,334105,0.573755247613015,"2026-07-03"
"Russet-tailed Thrush","Zoothera heinei","u780","Zoothera heinei heinei",TRUE,FALSE,NA,"Sedentary","local dispersal;partial migrant","Invertivore","Carnivore","Terrestrial","ground",2,"LC","not listed","not listed","central_west",3965,0,FALSE,NA,NA,NA,NA,NA,NA,NA,NA,NA,NA,FALSE,0,0,TRUE,334105,0.573755247613015,"2026-07-03"
"Russet-tailed Thrush","Zoothera heinei","u780","Zoothera heinei heinei",TRUE,FALSE,NA,"Sedentary","local dispersal;partial migrant","Invertivore","Carnivore","Terrestrial","ground",2,"LC","not listed","not listed","new_england",3779,0,FALSE,NA,NA,NA,NA,NA,NA,NA,NA,NA,NA,FALSE,0.00283197641408269,0.39472542560997,FALSE,334105,0.573755247613015,"2026-07-03"
"Russet-tailed Thrush","Zoothera heinei","u780","Zoothera heinei heinei",TRUE,FALSE,NA,"Sedentary","local dispersal;partial migrant","Invertivore","Carnivore","Terrestrial","ground",2,"LC","not listed","not listed","south_west",1552,0,FALSE,NA,NA,NA,NA,NA,NA,NA,NA,NA,NA,FALSE,0,0,TRUE,334105,0.573755247613015,"2026-07-03"
"Black-necked Stork","Ephippiorhynchus asiaticus","u183","Ephippiorhynchus asiaticus australis",TRUE,FALSE,NA,"Sedentary","local dispersal","Aquatic predator","Carnivore","Terrestrial","around-water",6,"NT","not listed","EN","statewide",324799,936,TRUE,0.332661830743474,0.404458361163186,84,"25 Mar",0,FALSE,NA,NA,NA,NA,FALSE,0.0017712610163929,0.542399525941068,FALSE,334105,0.545272406936732,"2026-07-03"
"Black-necked Stork","Ephippiorhynchus asiaticus","u183","Ephippiorhynchus asiaticus australis",TRUE,FALSE,NA,"Sedentary","local dispersal","Aquatic predator","Carnivore","Terrestrial","around-water",6,"NT","not listed","EN","central_west",3966,0,FALSE,NA,NA,NA,NA,NA,NA,NA,NA,NA,NA,FALSE,0.000101483591053782,0.515466831500901,FALSE,334105,0.545272406936732,"2026-07-03"
"Black-necked Stork","Ephippiorhynchus asiaticus","u183","Ephippiorhynchus asiaticus australis",TRUE,FALSE,NA,"Sedentary","local dispersal","Aquatic predator","Carnivore","Terrestrial","around-water",6,"NT","not listed","EN","new_england",3780,0,FALSE,NA,NA,NA,NA,NA,NA,NA,NA,NA,NA,FALSE,0.000102148887188985,1.63574991680404,FALSE,334105,0.545272406936732,"2026-07-03"
"Black-necked Stork","Ephippiorhynchus asiaticus","u183","Ephippiorhynchus asiaticus australis",TRUE,FALSE,NA,"Sedentary","local dispersal","Aquatic predator","Carnivore","Terrestrial","around-water",6,"NT","not listed","EN","south_west",1560,0,FALSE,NA,NA,NA,NA,NA,NA,NA,NA,NA,NA,FALSE,0,0,TRUE,334105,0.545272406936732,"2026-07-03"
"Chestnut-rumped Heathwren","Hylacola pyrrhopygia","u498c","Calamanthus pyrrhopygius pyrrhopygius",TRUE,FALSE,NA,"Sedentary","local dispersal","Invertivore","Carnivore","Terrestrial","ground",3,"LC","not listed","not listed","statewide",324804,1016,TRUE,0.000221332344020664,0.000221356841638709,126,"06 May",0,FALSE,NA,NA,NA,NA,FALSE,0.00346096427700016,0.409996975479678,FALSE,334105,0.548603385602213,"2026-07-03"
"Chestnut-rumped Heathwren","Hylacola pyrrhopygia","u498c","Calamanthus pyrrhopygius pyrrhopygius",TRUE,FALSE,NA,"Sedentary","local dispersal","Invertivore","Carnivore","Terrestrial","ground",3,"LC","not listed","not listed","central_west",3969,16,FALSE,NA,NA,NA,NA,NA,NA,NA,NA,NA,NA,FALSE,0.00536965746555408,0.317952438507673,FALSE,334105,0.548603385602213,"2026-07-03"
"Chestnut-rumped Heathwren","Hylacola pyrrhopygia","u498c","Calamanthus pyrrhopygius pyrrhopygius",TRUE,FALSE,NA,"Sedentary","local dispersal","Invertivore","Carnivore","Terrestrial","ground",3,"LC","not listed","not listed","new_england",3779,5,FALSE,NA,NA,NA,NA,NA,NA,NA,NA,NA,NA,FALSE,0.00552768948281415,0.280554536936448,FALSE,334105,0.548603385602213,"2026-07-03"
"Chestnut-rumped Heathwren","Hylacola pyrrhopygia","u498c","Calamanthus pyrrhopygius pyrrhopygius",TRUE,FALSE,NA,"Sedentary","local dispersal","Invertivore","Carnivore","Terrestrial","ground",3,"LC","not listed","not listed","south_west",1553,0,FALSE,NA,NA,NA,NA,NA,NA,NA,NA,NA,NA,FALSE,0,0,TRUE,334105,0.548603385602213,"2026-07-03"
"Sanderling","Calidris alba","u166","Calidris alba alba",TRUE,FALSE,NA,"Migratory","total migrant","Aquatic predator","Carnivore","Terrestrial","ground",3,"LC","not listed","VU","statewide",324811,244,TRUE,0.922916125646692,2.56286117264483,347,"13 Dec",1,TRUE,281,69,"08 Oct","10 Mar",TRUE,7.98454127085627e-05,1.99469923940865,FALSE,334105,0.861323381879808,"2026-07-10"
"Sanderling","Calidris alba","u166","Calidris alba alba",TRUE,FALSE,NA,"Migratory","total migrant","Aquatic predator","Carnivore","Terrestrial","ground",3,"LC","not listed","VU","central_west",3966,0,FALSE,NA,NA,NA,NA,NA,NA,NA,NA,NA,NA,FALSE,0,0,TRUE,334105,0.861323381879808,"2026-07-10"
"Sanderling","Calidris alba","u166","Calidris alba alba",TRUE,FALSE,NA,"Migratory","total migrant","Aquatic predator","Carnivore","Terrestrial","ground",3,"LC","not listed","VU","new_england",3777,0,FALSE,NA,NA,NA,NA,NA,NA,NA,NA,NA,NA,FALSE,0,0,TRUE,334105,0.861323381879808,"2026-07-10"
"Sanderling","Calidris alba","u166","Calidris alba alba",TRUE,FALSE,NA,"Migratory","total migrant","Aquatic predator","Carnivore","Terrestrial","ground",3,"LC","not listed","VU","south_west",1551,0,FALSE,NA,NA,NA,NA,NA,NA,NA,NA,NA,NA,FALSE,0,0,TRUE,334105,0.861323381879808,"2026-07-10"
"White-fronted Honeyeater","Purnella albifrons","u594","Purnella albifrons",TRUE,FALSE,NA,"Sedentary","nomadic","Nectarivore","Herbivore","Insessorial","understory",6,"LC","not listed","not listed","statewide",324805,1690,TRUE,0.4741277901753,0.642697042862187,244,"01 Sep",0.265,FALSE,NA,NA,NA,NA,FALSE,0.158980898895628,0.150767192405569,FALSE,334105,0.801679697261736,"2026-07-03"
"White-fronted Honeyeater","Purnella albifrons","u594","Purnella albifrons",TRUE,FALSE,NA,"Sedentary","nomadic","Nectarivore","Herbivore","Insessorial","understory",6,"LC","not listed","not listed","central_west",3967,2,FALSE,NA,NA,NA,NA,NA,NA,NA,NA,NA,NA,FALSE,0,0,TRUE,334105,0.801679697261736,"2026-07-03"
"White-fronted Honeyeater","Purnella albifrons","u594","Purnella albifrons",TRUE,FALSE,NA,"Sedentary","nomadic","Nectarivore","Herbivore","Insessorial","understory",6,"LC","not listed","not listed","new_england",3779,0,FALSE,NA,NA,NA,NA,NA,NA,NA,NA,NA,NA,FALSE,0,0,TRUE,334105,0.801679697261736,"2026-07-03"
"White-fronted Honeyeater","Purnella albifrons","u594","Purnella albifrons",TRUE,FALSE,NA,"Sedentary","nomadic","Nectarivore","Herbivore","Insessorial","understory",6,"LC","not listed","not listed","south_west",1554,12,FALSE,NA,NA,NA,NA,NA,NA,NA,NA,NA,NA,FALSE,0.560741597739593,0.167412658490715,FALSE,334105,0.801679697261736,"2026-07-03"
"Short-tailed Shearwater","Ardenna tenuirostris","u71","Ardenna tenuirostris",TRUE,FALSE,NA,"Migratory","total migrant","Aquatic predator","Carnivore","Generalist","pelagic",4,"LC","not listed","not listed","statewide",324785,359,TRUE,0.999881166862918,9.03779025826589,315,"11 Nov",1,TRUE,315,315,"11 Nov","11 Nov",FALSE,0.0184013747631809,0.98229793858649,FALSE,334080,0.928533394505407,"2026-07-03"
"Short-tailed Shearwater","Ardenna tenuirostris","u71","Ardenna tenuirostris",TRUE,FALSE,NA,"Migratory","total migrant","Aquatic predator","Carnivore","Generalist","pelagic",4,"LC","not listed","not listed","central_west",3968,0,FALSE,NA,NA,NA,NA,NA,NA,NA,NA,NA,NA,FALSE,0,0,TRUE,334080,0.928533394505407,"2026-07-03"
"Short-tailed Shearwater","Ardenna tenuirostris","u71","Ardenna tenuirostris",TRUE,FALSE,NA,"Migratory","total migrant","Aquatic predator","Carnivore","Generalist","pelagic",4,"LC","not listed","not listed","new_england",3781,0,FALSE,NA,NA,NA,NA,NA,NA,NA,NA,NA,NA,FALSE,0,0,TRUE,334080,0.928533394505407,"2026-07-03"
"Short-tailed Shearwater","Ardenna tenuirostris","u71","Ardenna tenuirostris",TRUE,FALSE,NA,"Migratory","total migrant","Aquatic predator","Carnivore","Generalist","pelagic",4,"LC","not listed","not listed","south_west",1546,0,FALSE,NA,NA,NA,NA,NA,NA,NA,NA,NA,NA,FALSE,0,0,TRUE,334080,0.928533394505407,"2026-07-03"
"Spotted Harrier","Circus assimilis","u218","Circus assimilis",TRUE,FALSE,NA,"Partial migrant","local dispersal","Vertivore","Carnivore","Aerial","ground",7,"LC","not listed","VU","statewide",324805,1109,TRUE,0.00044042340839856,0.000440520423274027,96,"06 Apr",0,FALSE,NA,NA,NA,NA,FALSE,0.0286674472481711,0.109249238198377,FALSE,334105,0.285485029756252,"2026-07-03"
"Spotted Harrier","Circus assimilis","u218","Circus assimilis",TRUE,FALSE,NA,"Partial migrant","local dispersal","Vertivore","Carnivore","Aerial","ground",7,"LC","not listed","VU","central_west",3968,17,FALSE,NA,NA,NA,NA,NA,NA,NA,NA,NA,NA,FALSE,0.0111707238384933,0.0966590298701496,FALSE,334105,0.285485029756252,"2026-07-03"
"Spotted Harrier","Circus assimilis","u218","Circus assimilis",TRUE,FALSE,NA,"Partial migrant","local dispersal","Vertivore","Carnivore","Aerial","ground",7,"LC","not listed","VU","new_england",3780,10,FALSE,NA,NA,NA,NA,NA,NA,NA,NA,NA,NA,FALSE,0.00213801500352372,0.158326541603992,FALSE,334105,0.285485029756252,"2026-07-03"
"Spotted Harrier","Circus assimilis","u218","Circus assimilis",TRUE,FALSE,NA,"Partial migrant","local dispersal","Vertivore","Carnivore","Aerial","ground",7,"LC","not listed","VU","south_west",1552,20,TRUE,0.00281621325249581,0.00282018624198122,89,"30 Mar",0,FALSE,NA,NA,NA,NA,FALSE,0.0404569789693157,0.099701205877071,FALSE,334105,0.285485029756252,"2026-07-03"
"Gray Currawong","Strepera versicolor","u697d;u697f","Strepera versicolor melanoptera;Strepera versicolor versicolor",TRUE,TRUE,"multiple_nsw_subspecies","Sedentary","local dispersal;partial migrant","Omnivore","Carnivore","Terrestrial","ground",3,"LC","not listed","not listed","statewide",324806,3830,TRUE,0.331261876722728,0.402362740515011,197,"16 Jul",0,FALSE,NA,NA,NA,NA,FALSE,0.0176355766632943,0.12855734502616,FALSE,334105,0.578724731797937,"2026-07-03"
"Gray Currawong","Strepera versicolor","u697d;u697f","Strepera versicolor melanoptera;Strepera versicolor versicolor",TRUE,TRUE,"multiple_nsw_subspecies","Sedentary","local dispersal;partial migrant","Omnivore","Carnivore","Terrestrial","ground",3,"LC","not listed","not listed","central_west",3969,0,FALSE,NA,NA,NA,NA,NA,NA,NA,NA,NA,NA,FALSE,0,0,TRUE,334105,0.578724731797937,"2026-07-03"
"Gray Currawong","Strepera versicolor","u697d;u697f","Strepera versicolor melanoptera;Strepera versicolor versicolor",TRUE,TRUE,"multiple_nsw_subspecies","Sedentary","local dispersal;partial migrant","Omnivore","Carnivore","Terrestrial","ground",3,"LC","not listed","not listed","new_england",3779,0,FALSE,NA,NA,NA,NA,NA,NA,NA,NA,NA,NA,FALSE,0,0,TRUE,334105,0.578724731797937,"2026-07-03"
"Gray Currawong","Strepera versicolor","u697d;u697f","Strepera versicolor melanoptera;Strepera versicolor versicolor",TRUE,TRUE,"multiple_nsw_subspecies","Sedentary","local dispersal;partial migrant","Omnivore","Carnivore","Terrestrial","ground",3,"LC","not listed","not listed","south_west",1551,8,FALSE,NA,NA,NA,NA,NA,NA,NA,NA,NA,NA,FALSE,0.033697401819108,0.13447196550264,FALSE,334105,0.578724731797937,"2026-07-03"
"White-backed Swallow","Cheramoeca leucosterna","u358","Cheramoeca leucosterna",TRUE,FALSE,NA,"Sedentary","local dispersal","Invertivore","Carnivore","Aerial","aerial",4,"LC","not listed","not listed","statewide",324807,1163,TRUE,0.000282920551390453,0.000282960580960001,160,"09 Jun",0,FALSE,NA,NA,NA,NA,FALSE,0.0811788468075009,0.176642195832954,FALSE,334105,0.636317291717275,"2026-07-03"
"White-backed Swallow","Cheramoeca leucosterna","u358","Cheramoeca leucosterna",TRUE,FALSE,NA,"Sedentary","local dispersal","Invertivore","Carnivore","Aerial","aerial",4,"LC","not listed","not listed","central_west",3965,33,TRUE,0.00134042954576019,0.00134132872505788,168,"17 Jun",0,FALSE,NA,NA,NA,NA,FALSE,0.0169488710416553,0.130959299894677,FALSE,334105,0.636317291717275,"2026-07-03"
"White-backed Swallow","Cheramoeca leucosterna","u358","Cheramoeca leucosterna",TRUE,FALSE,NA,"Sedentary","local dispersal","Invertivore","Carnivore","Aerial","aerial",4,"LC","not listed","not listed","new_england",3778,0,FALSE,NA,NA,NA,NA,NA,NA,NA,NA,NA,NA,FALSE,0.000414071963369783,0.2851138496763,FALSE,334105,0.636317291717275,"2026-07-03"
"White-backed Swallow","Cheramoeca leucosterna","u358","Cheramoeca leucosterna",TRUE,FALSE,NA,"Sedentary","local dispersal","Invertivore","Carnivore","Aerial","aerial",4,"LC","not listed","not listed","south_west",1555,43,TRUE,0.00193234987297641,0.00193421926959925,122,"02 May",0,FALSE,NA,NA,NA,NA,FALSE,0.0911296081667361,0.15520518201269,FALSE,334105,0.636317291717275,"2026-07-03"
"Pink Cockatoo","Cacatua leadbeateri","u270a","Cacatua leadbeateri leadbeateri",TRUE,FALSE,NA,"Sedentary","local dispersal","Granivore","Herbivore","Insessorial","canopy",2,"LC","not listed","VU","statewide",324807,1249,TRUE,0.371568330151844,0.46452797627645,136,"16 May",0.005,FALSE,NA,NA,NA,NA,FALSE,0.507747936225043,0.22185433435676,FALSE,334105,0.786455866415017,"2026-07-03"
"Pink Cockatoo","Cacatua leadbeateri","u270a","Cacatua leadbeateri leadbeateri",TRUE,FALSE,NA,"Sedentary","local dispersal","Granivore","Herbivore","Insessorial","canopy",2,"LC","not listed","VU","central_west",3970,0,FALSE,NA,NA,NA,NA,NA,NA,NA,NA,NA,NA,FALSE,0.00147387908497024,0.227360538200827,FALSE,334105,0.786455866415017,"2026-07-03"
"Pink Cockatoo","Cacatua leadbeateri","u270a","Cacatua leadbeateri leadbeateri",TRUE,FALSE,NA,"Sedentary","local dispersal","Granivore","Herbivore","Insessorial","canopy",2,"LC","not listed","VU","new_england",3779,0,FALSE,NA,NA,NA,NA,NA,NA,NA,NA,NA,NA,FALSE,0,0,TRUE,334105,0.786455866415017,"2026-07-03"
"Pink Cockatoo","Cacatua leadbeateri","u270a","Cacatua leadbeateri leadbeateri",TRUE,FALSE,NA,"Sedentary","local dispersal","Granivore","Herbivore","Insessorial","canopy",2,"LC","not listed","VU","south_west",1549,19,FALSE,NA,NA,NA,NA,NA,NA,NA,NA,NA,NA,FALSE,0.551064492180208,0.213495002689194,FALSE,334105,0.786455866415017,"2026-07-03"
"Paradise Riflebird","Ptiloris paradiseus","u686","Lophorina paradisea",TRUE,FALSE,NA,"Sedentary","local dispersal","Frugivore","Omnivore","Insessorial","mid-high",1,"LC","not listed","not listed","statewide",324811,1240,TRUE,0.456168337068113,0.609115523153516,308,"04 Nov",0.141,FALSE,NA,NA,NA,NA,FALSE,0.0039902324926217,1.27699537194234,FALSE,334105,0.737676316664591,"2026-07-03"
"Paradise Riflebird","Ptiloris paradiseus","u686","Lophorina paradisea",TRUE,FALSE,NA,"Sedentary","local dispersal","Frugivore","Omnivore","Insessorial","mid-high",1,"LC","not listed","not listed","central_west",3965,0,FALSE,NA,NA,NA,NA,NA,NA,NA,NA,NA,NA,FALSE,0.000121991542393597,0.542258922091339,FALSE,334105,0.737676316664591,"2026-07-03"
"Paradise Riflebird","Ptiloris paradiseus","u686","Lophorina paradisea",TRUE,FALSE,NA,"Sedentary","local dispersal","Frugivore","Omnivore","Insessorial","mid-high",1,"LC","not listed","not listed","new_england",3778,1,FALSE,NA,NA,NA,NA,NA,NA,NA,NA,NA,NA,FALSE,0.00130612147672628,0.365088699549626,FALSE,334105,0.737676316664591,"2026-07-03"
"Paradise Riflebird","Ptiloris paradiseus","u686","Lophorina paradisea",TRUE,FALSE,NA,"Sedentary","local dispersal","Frugivore","Omnivore","Insessorial","mid-high",1,"LC","not listed","not listed","south_west",1551,0,FALSE,NA,NA,NA,NA,NA,NA,NA,NA,NA,NA,FALSE,1.7393494491943e-08,1.81418624300146,FALSE,334105,0.737676316664591,"2026-07-03"
"Graylag Goose","Anser anser",NA,NA,FALSE,FALSE,NA,"Migratory",NA,"Herbivore terrestrial","Herbivore","Terrestrial","ground",4,"LC","not listed","not listed","statewide",324799,311,TRUE,0.479021540453201,0.6520465825234,58,"27 Feb",0.406,FALSE,NA,NA,NA,NA,FALSE,0.000128882731377036,0.350131324042871,FALSE,334105,0.485933309116621,"2026-07-03"
"Graylag Goose","Anser anser",NA,NA,FALSE,FALSE,NA,"Migratory",NA,"Herbivore terrestrial","Herbivore","Terrestrial","ground",4,"LC","not listed","not listed","central_west",3969,0,FALSE,NA,NA,NA,NA,NA,NA,NA,NA,NA,NA,FALSE,3.4476203466812e-07,0.369934439659119,FALSE,334105,0.485933309116621,"2026-07-03"
"Graylag Goose","Anser anser",NA,NA,FALSE,FALSE,NA,"Migratory",NA,"Herbivore terrestrial","Herbivore","Terrestrial","ground",4,"LC","not listed","not listed","new_england",3782,0,FALSE,NA,NA,NA,NA,NA,NA,NA,NA,NA,NA,FALSE,0.000251395199192237,0.410444499362656,FALSE,334105,0.485933309116621,"2026-07-03"
"Graylag Goose","Anser anser",NA,NA,FALSE,FALSE,NA,"Migratory",NA,"Herbivore terrestrial","Herbivore","Terrestrial","ground",4,"LC","not listed","not listed","south_west",1555,0,FALSE,NA,NA,NA,NA,NA,NA,NA,NA,NA,NA,FALSE,0,0,TRUE,334105,0.485933309116621,"2026-07-03"
"Chirruping Wedgebill","Psophodes cristatus","u866","Psophodes cristatus",TRUE,FALSE,NA,"Sedentary","local dispersal","Omnivore","Omnivore","Terrestrial","ground",3,"LC","not listed","not listed","statewide",324823,920,TRUE,0.470068097735648,0.635006766984716,162,"11 Jun",0.283,FALSE,NA,NA,NA,NA,FALSE,0.303903106283005,0.604498796116509,FALSE,334105,0.930014896801144,"2026-07-03"
"Chirruping Wedgebill","Psophodes cristatus","u866","Psophodes cristatus",TRUE,FALSE,NA,"Sedentary","local dispersal","Omnivore","Omnivore","Terrestrial","ground",3,"LC","not listed","not listed","central_west",3966,0,FALSE,NA,NA,NA,NA,NA,NA,NA,NA,NA,NA,FALSE,0,0,TRUE,334105,0.930014896801144,"2026-07-03"
"Chirruping Wedgebill","Psophodes cristatus","u866","Psophodes cristatus",TRUE,FALSE,NA,"Sedentary","local dispersal","Omnivore","Omnivore","Terrestrial","ground",3,"LC","not listed","not listed","new_england",3775,0,FALSE,NA,NA,NA,NA,NA,NA,NA,NA,NA,NA,FALSE,0,0,TRUE,334105,0.930014896801144,"2026-07-03"
"Chirruping Wedgebill","Psophodes cristatus","u866","Psophodes cristatus",TRUE,FALSE,NA,"Sedentary","local dispersal","Omnivore","Omnivore","Terrestrial","ground",3,"LC","not listed","not listed","south_west",1541,0,FALSE,NA,NA,NA,NA,NA,NA,NA,NA,NA,NA,FALSE,0.000639139553132023,2.02449104861855,FALSE,334105,0.930014896801144,"2026-07-03"
"Spotted Quail-thrush","Cinclosoma punctatum","u436c","Cinclosoma punctatum punctatum",TRUE,FALSE,NA,"Sedentary","local dispersal","Invertivore","Carnivore","Terrestrial","ground",2,"LC","CR","not listed","statewide",324805,1152,TRUE,0.343990505453094,0.421580016748113,176,"25 Jun",0,FALSE,NA,NA,NA,NA,FALSE,0.0121883308732959,0.260813921839064,FALSE,334105,0.555045793365052,"2026-07-03"
"Spotted Quail-thrush","Cinclosoma punctatum","u436c","Cinclosoma punctatum punctatum",TRUE,FALSE,NA,"Sedentary","local dispersal","Invertivore","Carnivore","Terrestrial","ground",2,"LC","CR","not listed","central_west",3971,17,FALSE,NA,NA,NA,NA,NA,NA,NA,NA,NA,NA,FALSE,0.010689805966673,0.28464433117989,FALSE,334105,0.555045793365052,"2026-07-03"
"Spotted Quail-thrush","Cinclosoma punctatum","u436c","Cinclosoma punctatum punctatum",TRUE,FALSE,NA,"Sedentary","local dispersal","Invertivore","Carnivore","Terrestrial","ground",2,"LC","CR","not listed","new_england",3780,10,FALSE,NA,NA,NA,NA,NA,NA,NA,NA,NA,NA,FALSE,0.0292680349214042,0.224444416729728,FALSE,334105,0.555045793365052,"2026-07-03"
"Spotted Quail-thrush","Cinclosoma punctatum","u436c","Cinclosoma punctatum punctatum",TRUE,FALSE,NA,"Sedentary","local dispersal","Invertivore","Carnivore","Terrestrial","ground",2,"LC","CR","not listed","south_west",1549,0,FALSE,NA,NA,NA,NA,NA,NA,NA,NA,NA,NA,FALSE,0,0,TRUE,334105,0.555045793365052,"2026-07-03"
"Banded Lapwing","Vanellus tricolor","u135","Vanellus tricolor",TRUE,FALSE,NA,"Sedentary","nomadic","Omnivore","Omnivore","Terrestrial","ground",2,"LC","not listed","not listed","statewide",324800,720,TRUE,0.782744260659942,1.52668009704953,304,"31 Oct",1,TRUE,222,16,"10 Aug","16 Jan",TRUE,0.397380660448798,0.239035181964348,FALSE,334104,0.707194793706788,"2026-07-03"
"Banded Lapwing","Vanellus tricolor","u135","Vanellus tricolor",TRUE,FALSE,NA,"Sedentary","nomadic","Omnivore","Omnivore","Terrestrial","ground",2,"LC","not listed","not listed","central_west",3970,10,FALSE,NA,NA,NA,NA,NA,NA,NA,NA,NA,NA,FALSE,0.0618259416119387,0.190628203258927,FALSE,334104,0.707194793706788,"2026-07-03"
"Banded Lapwing","Vanellus tricolor","u135","Vanellus tricolor",TRUE,FALSE,NA,"Sedentary","nomadic","Omnivore","Omnivore","Terrestrial","ground",2,"LC","not listed","not listed","new_england",3781,2,FALSE,NA,NA,NA,NA,NA,NA,NA,NA,NA,NA,FALSE,0.0289283900589287,0.336131674717168,FALSE,334104,0.707194793706788,"2026-07-03"
"Banded Lapwing","Vanellus tricolor","u135","Vanellus tricolor",TRUE,FALSE,NA,"Sedentary","nomadic","Omnivore","Omnivore","Terrestrial","ground",2,"LC","not listed","not listed","south_west",1553,76,TRUE,0.784179798614419,1.53330961892873,300,"27 Oct",1,TRUE,222,14,"10 Aug","14 Jan",TRUE,0.630065218770564,0.205149755886598,FALSE,334104,0.707194793706788,"2026-07-03"
"Crescent Honeyeater","Phylidonyris pyrrhopterus","u630b","Phylidonyris pyrrhopterus pyrrhopterus",TRUE,FALSE,NA,"Sedentary","local dispersal;partial migrant","Omnivore","Herbivore","Insessorial","understory",3,"LC","not listed","not listed","statewide",324805,1446,TRUE,0.81901102536979,1.70931916321687,178,"27 Jun",1,TRUE,109,252,"19 Apr","09 Sep",FALSE,0.0305169022200145,0.174059213911178,FALSE,334105,0.727848507847382,"2026-07-03"
"Crescent Honeyeater","Phylidonyris pyrrhopterus","u630b","Phylidonyris pyrrhopterus pyrrhopterus",TRUE,FALSE,NA,"Sedentary","local dispersal;partial migrant","Omnivore","Herbivore","Insessorial","understory",3,"LC","not listed","not listed","central_west",3967,0,FALSE,NA,NA,NA,NA,NA,NA,NA,NA,NA,NA,FALSE,0,0,TRUE,334105,0.727848507847382,"2026-07-03"
"Crescent Honeyeater","Phylidonyris pyrrhopterus","u630b","Phylidonyris pyrrhopterus pyrrhopterus",TRUE,FALSE,NA,"Sedentary","local dispersal;partial migrant","Omnivore","Herbivore","Insessorial","understory",3,"LC","not listed","not listed","new_england",3781,0,FALSE,NA,NA,NA,NA,NA,NA,NA,NA,NA,NA,FALSE,0,0,TRUE,334105,0.727848507847382,"2026-07-03"
"Crescent Honeyeater","Phylidonyris pyrrhopterus","u630b","Phylidonyris pyrrhopterus pyrrhopterus",TRUE,FALSE,NA,"Sedentary","local dispersal;partial migrant","Omnivore","Herbivore","Insessorial","understory",3,"LC","not listed","not listed","south_west",1552,0,FALSE,NA,NA,NA,NA,NA,NA,NA,NA,NA,NA,FALSE,0,0,TRUE,334105,0.727848507847382,"2026-07-03"
"Singing Bushlark","Mirafra javanica","u648d;u648f","Mirafra javanica horsfieldii;Mirafra javanica rufescens",TRUE,FALSE,NA,"Sedentary","local dispersal;nomadic","Omnivore","Omnivore","Terrestrial","ground",2,"LC","VU","not listed","statewide",324800,946,TRUE,0.79622705226302,1.59074890627314,3,"03 Jan",1,TRUE,294,88,"21 Oct","29 Mar",TRUE,0.526416815662736,0.272164139264513,FALSE,334105,0.713766780572949,"2026-07-03"
"Singing Bushlark","Mirafra javanica","u648d;u648f","Mirafra javanica horsfieldii;Mirafra javanica rufescens",TRUE,FALSE,NA,"Sedentary","local dispersal;nomadic","Omnivore","Omnivore","Terrestrial","ground",2,"LC","VU","not listed","central_west",3968,17,FALSE,NA,NA,NA,NA,NA,NA,NA,NA,NA,NA,FALSE,0.501626719592961,0.237177839790189,FALSE,334105,0.713766780572949,"2026-07-03"
"Singing Bushlark","Mirafra javanica","u648d;u648f","Mirafra javanica horsfieldii;Mirafra javanica rufescens",TRUE,FALSE,NA,"Sedentary","local dispersal;nomadic","Omnivore","Omnivore","Terrestrial","ground",2,"LC","VU","not listed","new_england",3780,59,TRUE,0.797017941173584,1.59463768401154,4,"04 Jan",1,TRUE,294,87,"21 Oct","28 Mar",TRUE,0.0978329714077347,0.257822702856198,FALSE,334105,0.713766780572949,"2026-07-03"
"Singing Bushlark","Mirafra javanica","u648d;u648f","Mirafra javanica horsfieldii;Mirafra javanica rufescens",TRUE,FALSE,NA,"Sedentary","local dispersal;nomadic","Omnivore","Omnivore","Terrestrial","ground",2,"LC","VU","not listed","south_west",1557,65,TRUE,0.796393791104087,1.59156749921125,8,"08 Jan",1,TRUE,294,87,"21 Oct","28 Mar",TRUE,1.96004701679412,0.251849167876363,FALSE,334105,0.713766780572949,"2026-07-03"
"Red-backed Kingfisher","Todiramphus pyrrhopygius","u325","Todiramphus pyrrhopygius",TRUE,FALSE,NA,"Sedentary","local dispersal;partial migrant;nomadic","Invertivore","Carnivore","Insessorial","ground",7,"LC","not listed","not listed","statewide",324803,735,TRUE,0.825909825282522,1.74818186850768,302,"29 Oct",1,TRUE,240,21,"28 Aug","21 Jan",TRUE,0.0750232650924684,0.187890865132408,FALSE,334105,0.55721340276302,"2026-07-03"
"Red-backed Kingfisher","Todiramphus pyrrhopygius","u325","Todiramphus pyrrhopygius",TRUE,FALSE,NA,"Sedentary","local dispersal;partial migrant;nomadic","Invertivore","Carnivore","Insessorial","ground",7,"LC","not listed","not listed","central_west",3969,13,FALSE,NA,NA,NA,NA,NA,NA,NA,NA,NA,NA,FALSE,0.00619866362454536,0.176013955026199,FALSE,334105,0.55721340276302,"2026-07-03"
"Red-backed Kingfisher","Todiramphus pyrrhopygius","u325","Todiramphus pyrrhopygius",TRUE,FALSE,NA,"Sedentary","local dispersal;partial migrant;nomadic","Invertivore","Carnivore","Insessorial","ground",7,"LC","not listed","not listed","new_england",3780,0,FALSE,NA,NA,NA,NA,NA,NA,NA,NA,NA,NA,FALSE,0.000331273614602894,0.612023056920391,FALSE,334105,0.55721340276302,"2026-07-03"
"Red-backed Kingfisher","Todiramphus pyrrhopygius","u325","Todiramphus pyrrhopygius",TRUE,FALSE,NA,"Sedentary","local dispersal;partial migrant;nomadic","Invertivore","Carnivore","Insessorial","ground",7,"LC","not listed","not listed","south_west",1553,25,TRUE,0.827400997707057,1.75678428080755,296,"23 Oct",1,TRUE,240,20,"28 Aug","20 Jan",TRUE,0.0333123626029876,0.132208135747339,FALSE,334105,0.55721340276302,"2026-07-03"
"Wandering Tattler","Tringa incana",NA,NA,FALSE,FALSE,NA,"Migratory","total migrant","Aquatic predator","Carnivore","Terrestrial","around-water",5,"LC","not listed","not listed","statewide",324810,116,TRUE,0.862735136226378,1.98584290738063,52,"21 Feb",1,TRUE,328,123,"24 Nov","03 May",TRUE,1.48249956166586e-05,0.457174041254222,FALSE,334105,0.614665273350356,"2026-07-10"
"Wandering Tattler","Tringa incana",NA,NA,FALSE,FALSE,NA,"Migratory","total migrant","Aquatic predator","Carnivore","Terrestrial","around-water",5,"LC","not listed","not listed","central_west",3967,0,FALSE,NA,NA,NA,NA,NA,NA,NA,NA,NA,NA,FALSE,0,0,TRUE,334105,0.614665273350356,"2026-07-10"
"Wandering Tattler","Tringa incana",NA,NA,FALSE,FALSE,NA,"Migratory","total migrant","Aquatic predator","Carnivore","Terrestrial","around-water",5,"LC","not listed","not listed","new_england",3779,0,FALSE,NA,NA,NA,NA,NA,NA,NA,NA,NA,NA,FALSE,0,0,TRUE,334105,0.614665273350356,"2026-07-10"
"Wandering Tattler","Tringa incana",NA,NA,FALSE,FALSE,NA,"Migratory","total migrant","Aquatic predator","Carnivore","Terrestrial","around-water",5,"LC","not listed","not listed","south_west",1549,0,FALSE,NA,NA,NA,NA,NA,NA,NA,NA,NA,NA,FALSE,0,0,TRUE,334105,0.614665273350356,"2026-07-10"
"Eastern Barn Owl","Tyto javanica","u249","Tyto alba delicatula",TRUE,FALSE,NA,"Sedentary",NA,"Vertivore","Carnivore","Insessorial",NA,9,NA,"not listed","not listed","statewide",324810,566,TRUE,0.752558129004983,1.39657958922502,201,"20 Jul",1,TRUE,109,275,"19 Apr","02 Oct",FALSE,1.00472447496794,0.262262860645689,FALSE,334105,0.480006885608854,"2026-07-03"
"Eastern Barn Owl","Tyto javanica","u249","Tyto alba delicatula",TRUE,FALSE,NA,"Sedentary",NA,"Vertivore","Carnivore","Insessorial",NA,9,NA,"not listed","not listed","central_west",3967,3,FALSE,NA,NA,NA,NA,NA,NA,NA,NA,NA,NA,FALSE,0.637217368004378,0.243305597058601,FALSE,334105,0.480006885608854,"2026-07-03"
"Eastern Barn Owl","Tyto javanica","u249","Tyto alba delicatula",TRUE,FALSE,NA,"Sedentary",NA,"Vertivore","Carnivore","Insessorial",NA,9,NA,"not listed","not listed","new_england",3782,4,FALSE,NA,NA,NA,NA,NA,NA,NA,NA,NA,NA,FALSE,0.158086322718296,0.300335492820333,FALSE,334105,0.480006885608854,"2026-07-03"
"Eastern Barn Owl","Tyto javanica","u249","Tyto alba delicatula",TRUE,FALSE,NA,"Sedentary",NA,"Vertivore","Carnivore","Insessorial",NA,9,NA,"not listed","not listed","south_west",1546,50,TRUE,0.751030466006126,1.39042474344148,204,"23 Jul",1,TRUE,109,276,"19 Apr","03 Oct",FALSE,1.47352368885122,0.245441799659243,FALSE,334105,0.480006885608854,"2026-07-03"
"Black-chinned Honeyeater","Melithreptus gularis","u580","Melithreptus gularis",TRUE,FALSE,NA,"Sedentary","local dispersal","Omnivore","Omnivore","Insessorial","canopy",4,"LC","not listed","VU","statewide",324797,2248,TRUE,0.368931158550387,0.460340323422507,155,"04 Jun",0.001,FALSE,NA,NA,NA,NA,FALSE,0.00863831996677883,0.224334727123796,FALSE,334105,0.624531822424551,"2026-07-03"
"Black-chinned Honeyeater","Melithreptus gularis","u580","Melithreptus gularis",TRUE,FALSE,NA,"Sedentary","local dispersal","Omnivore","Omnivore","Insessorial","canopy",4,"LC","not listed","VU","central_west",3970,21,TRUE,0.371488467141408,0.464400901305406,149,"29 May",0,FALSE,NA,NA,NA,NA,FALSE,0.0393350981689644,0.142428857993735,FALSE,334105,0.624531822424551,"2026-07-03"
"Black-chinned Honeyeater","Melithreptus gularis","u580","Melithreptus gularis",TRUE,FALSE,NA,"Sedentary","local dispersal","Omnivore","Omnivore","Insessorial","canopy",4,"LC","not listed","VU","new_england",3780,17,FALSE,NA,NA,NA,NA,NA,NA,NA,NA,NA,NA,FALSE,0.00706616383193995,0.202829594075084,FALSE,334105,0.624531822424551,"2026-07-03"
"Black-chinned Honeyeater","Melithreptus gularis","u580","Melithreptus gularis",TRUE,FALSE,NA,"Sedentary","local dispersal","Omnivore","Omnivore","Insessorial","canopy",4,"LC","not listed","VU","south_west",1558,0,FALSE,NA,NA,NA,NA,NA,NA,NA,NA,NA,NA,FALSE,0.000422145380088396,0.381594965438186,FALSE,334105,0.624531822424551,"2026-07-03"
"Chestnut-crowned Babbler","Pomatostomus ruficeps","u446","Pomatostomus ruficeps",TRUE,FALSE,NA,"Partial migrant","local dispersal","Invertivore","Carnivore","Generalist","ground",2,"LC","not listed","not listed","statewide",324804,1292,TRUE,0.000291525127336323,0.000291567629046696,321,"17 Nov",0,FALSE,NA,NA,NA,NA,FALSE,0.270808061956801,0.177378272582505,FALSE,334105,0.854208162564652,"2026-07-03"
"Chestnut-crowned Babbler","Pomatostomus ruficeps","u446","Pomatostomus ruficeps",TRUE,FALSE,NA,"Partial migrant","local dispersal","Invertivore","Carnivore","Generalist","ground",2,"LC","not listed","not listed","central_west",3966,0,FALSE,NA,NA,NA,NA,NA,NA,NA,NA,NA,NA,FALSE,1.23707615935648e-05,0.401982163090304,FALSE,334105,0.854208162564652,"2026-07-03"
"Chestnut-crowned Babbler","Pomatostomus ruficeps","u446","Pomatostomus ruficeps",TRUE,FALSE,NA,"Partial migrant","local dispersal","Invertivore","Carnivore","Generalist","ground",2,"LC","not listed","not listed","new_england",3783,0,FALSE,NA,NA,NA,NA,NA,NA,NA,NA,NA,NA,FALSE,0,0,TRUE,334105,0.854208162564652,"2026-07-03"
"Chestnut-crowned Babbler","Pomatostomus ruficeps","u446","Pomatostomus ruficeps",TRUE,FALSE,NA,"Partial migrant","local dispersal","Invertivore","Carnivore","Generalist","ground",2,"LC","not listed","not listed","south_west",1552,13,FALSE,NA,NA,NA,NA,NA,NA,NA,NA,NA,NA,FALSE,0.149902428873784,0.172348908235974,FALSE,334105,0.854208162564652,"2026-07-03"
"White-throated Nightjar","Eurostopodus mystacalis","u330","Eurostopodus mystacalis",TRUE,FALSE,NA,"Sedentary","local dispersal","Invertivore","Carnivore","Aerial","aerial",8,"LC","not listed","not listed","statewide",324807,572,TRUE,0.542317784728747,0.781580188814968,350,"16 Dec",0.741,FALSE,NA,NA,NA,NA,FALSE,0.0790265975575441,0.248815270682767,FALSE,334105,0.597389412328924,"2026-07-03"
"White-throated Nightjar","Eurostopodus mystacalis","u330","Eurostopodus mystacalis",TRUE,FALSE,NA,"Sedentary","local dispersal","Invertivore","Carnivore","Aerial","aerial",8,"LC","not listed","not listed","central_west",3970,9,FALSE,NA,NA,NA,NA,NA,NA,NA,NA,NA,NA,FALSE,0.044819335402108,0.242575218977093,FALSE,334105,0.597389412328924,"2026-07-03"
"White-throated Nightjar","Eurostopodus mystacalis","u330","Eurostopodus mystacalis",TRUE,FALSE,NA,"Sedentary","local dispersal","Invertivore","Carnivore","Aerial","aerial",8,"LC","not listed","not listed","new_england",3780,1,FALSE,NA,NA,NA,NA,NA,NA,NA,NA,NA,NA,FALSE,0.0551318881572114,0.28386216582925,FALSE,334105,0.597389412328924,"2026-07-03"
"White-throated Nightjar","Eurostopodus mystacalis","u330","Eurostopodus mystacalis",TRUE,FALSE,NA,"Sedentary","local dispersal","Invertivore","Carnivore","Aerial","aerial",8,"LC","not listed","not listed","south_west",1548,0,FALSE,NA,NA,NA,NA,NA,NA,NA,NA,NA,NA,FALSE,0,0,TRUE,334105,0.597389412328924,"2026-07-03"
"Black-tailed Godwit","Limosa limosa","u152","Limosa limosa melanuroides",TRUE,FALSE,NA,"Migratory","total migrant","Aquatic predator","Carnivore","Terrestrial","around-water",4,"NT","not listed","VU","statewide",324815,339,TRUE,0.854696822225409,1.9289328382074,37,"06 Feb",1,TRUE,37,37,"06 Feb","06 Feb",FALSE,9.95997429552651e-05,0.794850809421368,FALSE,334104,0.928483669976612,"2026-07-10"
"Black-tailed Godwit","Limosa limosa","u152","Limosa limosa melanuroides",TRUE,FALSE,NA,"Migratory","total migrant","Aquatic predator","Carnivore","Terrestrial","around-water",4,"NT","not listed","VU","central_west",3968,0,FALSE,NA,NA,NA,NA,NA,NA,NA,NA,NA,NA,FALSE,1.07126447326629e-07,0.940615506072319,FALSE,334104,0.928483669976612,"2026-07-10"
"Black-tailed Godwit","Limosa limosa","u152","Limosa limosa melanuroides",TRUE,FALSE,NA,"Migratory","total migrant","Aquatic predator","Carnivore","Terrestrial","around-water",4,"NT","not listed","VU","new_england",3782,1,FALSE,NA,NA,NA,NA,NA,NA,NA,NA,NA,NA,FALSE,2.90562011109596e-07,1.3976881317418,FALSE,334104,0.928483669976612,"2026-07-10"
"Black-tailed Godwit","Limosa limosa","u152","Limosa limosa melanuroides",TRUE,FALSE,NA,"Migratory","total migrant","Aquatic predator","Carnivore","Terrestrial","around-water",4,"NT","not listed","VU","south_west",1539,0,FALSE,NA,NA,NA,NA,NA,NA,NA,NA,NA,NA,FALSE,9.79049181885046e-05,0.627931424229299,FALSE,334104,0.928483669976612,"2026-07-10"
"Pale-headed Rosella","Platycercus adscitus","u286b","Platycercus adscitus palliceps",TRUE,FALSE,NA,"Sedentary","local dispersal","Omnivore","Herbivore","Insessorial","understory",6,"LC","not listed","not listed","statewide",324804,11570,TRUE,0.160704402939236,0.175192313873082,204,"23 Jul",0,FALSE,NA,NA,NA,NA,FALSE,0.0491917463932578,0.119167586571224,FALSE,334105,0.698243408413286,"2026-07-03"
"Pale-headed Rosella","Platycercus adscitus","u286b","Platycercus adscitus palliceps",TRUE,FALSE,NA,"Sedentary","local dispersal","Omnivore","Herbivore","Insessorial","understory",6,"LC","not listed","not listed","central_west",3968,0,FALSE,NA,NA,NA,NA,NA,NA,NA,NA,NA,NA,FALSE,0.00168696903778547,0.150333602894313,FALSE,334105,0.698243408413286,"2026-07-03"
"Pale-headed Rosella","Platycercus adscitus","u286b","Platycercus adscitus palliceps",TRUE,FALSE,NA,"Sedentary","local dispersal","Omnivore","Herbivore","Insessorial","understory",6,"LC","not listed","not listed","new_england",3780,3,FALSE,NA,NA,NA,NA,NA,NA,NA,NA,NA,NA,FALSE,0.00562416313511133,0.280687195981753,FALSE,334105,0.698243408413286,"2026-07-03"
"Pale-headed Rosella","Platycercus adscitus","u286b","Platycercus adscitus palliceps",TRUE,FALSE,NA,"Sedentary","local dispersal","Omnivore","Herbivore","Insessorial","understory",6,"LC","not listed","not listed","south_west",1553,0,FALSE,NA,NA,NA,NA,NA,NA,NA,NA,NA,NA,FALSE,0,0,TRUE,334105,0.698243408413286,"2026-07-03"
"Common Greenshank","Tringa nebularia","u158","Tringa nebularia",TRUE,FALSE,NA,"Migratory","total migrant","Aquatic predator","Carnivore","Terrestrial","around-water",5,"LC","not listed","not listed","statewide",324803,748,TRUE,0.931643193207701,2.68301413346564,32,"01 Feb",1,TRUE,268,86,"25 Sep","27 Mar",TRUE,0.000179197417915009,0.511745644679476,FALSE,334105,0.761562765234447,"2026-07-03"
"Common Greenshank","Tringa nebularia","u158","Tringa nebularia",TRUE,FALSE,NA,"Migratory","total migrant","Aquatic predator","Carnivore","Terrestrial","around-water",5,"LC","not listed","not listed","central_west",3969,3,FALSE,NA,NA,NA,NA,NA,NA,NA,NA,NA,NA,FALSE,0,0,TRUE,334105,0.761562765234447,"2026-07-03"
"Common Greenshank","Tringa nebularia","u158","Tringa nebularia",TRUE,FALSE,NA,"Migratory","total migrant","Aquatic predator","Carnivore","Terrestrial","around-water",5,"LC","not listed","not listed","new_england",3780,3,FALSE,NA,NA,NA,NA,NA,NA,NA,NA,NA,NA,FALSE,0,0,TRUE,334105,0.761562765234447,"2026-07-03"
"Common Greenshank","Tringa nebularia","u158","Tringa nebularia",TRUE,FALSE,NA,"Migratory","total migrant","Aquatic predator","Carnivore","Terrestrial","around-water",5,"LC","not listed","not listed","south_west",1553,4,FALSE,NA,NA,NA,NA,NA,NA,NA,NA,NA,NA,FALSE,3.42043610136725e-05,0.573937882160403,FALSE,334105,0.761562765234447,"2026-07-03"
"Yellow-plumed Honeyeater","Ptilotula ornata","u622","Ptilotula ornata",TRUE,FALSE,NA,"Sedentary","local dispersal;nomadic","Omnivore","Omnivore","Insessorial","mid-high",5,"LC","not listed","not listed","statewide",324799,3099,TRUE,0.208896665160883,0.234326681517942,167,"16 Jun",0,FALSE,NA,NA,NA,NA,FALSE,0.121030177772651,0.157760147960438,FALSE,334105,0.865587403958432,"2026-07-03"
"Yellow-plumed Honeyeater","Ptilotula ornata","u622","Ptilotula ornata",TRUE,FALSE,NA,"Sedentary","local dispersal;nomadic","Omnivore","Omnivore","Insessorial","mid-high",5,"LC","not listed","not listed","central_west",3970,17,FALSE,NA,NA,NA,NA,NA,NA,NA,NA,NA,NA,FALSE,0.00208898744956602,0.15655498413936,FALSE,334105,0.865587403958432,"2026-07-03"
"Yellow-plumed Honeyeater","Ptilotula ornata","u622","Ptilotula ornata",TRUE,FALSE,NA,"Sedentary","local dispersal;nomadic","Omnivore","Omnivore","Insessorial","mid-high",5,"LC","not listed","not listed","new_england",3782,0,FALSE,NA,NA,NA,NA,NA,NA,NA,NA,NA,NA,FALSE,0,0,TRUE,334105,0.865587403958432,"2026-07-03"
"Yellow-plumed Honeyeater","Ptilotula ornata","u622","Ptilotula ornata",TRUE,FALSE,NA,"Sedentary","local dispersal;nomadic","Omnivore","Omnivore","Insessorial","mid-high",5,"LC","not listed","not listed","south_west",1554,50,TRUE,0.206280067638943,0.231024609982727,171,"20 Jun",0,FALSE,NA,NA,NA,NA,FALSE,0.653626770489864,0.143892209964925,FALSE,334105,0.865587403958432,"2026-07-03"
"Black Honeyeater","Sugomel nigrum","u589","Sugomel nigrum",TRUE,FALSE,NA,"Migratory","nomadic;irruptive","Nectarivore","Omnivore","Insessorial","understory",5,"LC","not listed","not listed","statewide",324808,689,TRUE,0.977120892215507,3.7775311086639,312,"08 Nov",1,TRUE,263,57,"20 Sep","26 Feb",TRUE,0.292706381194785,0.225673432563859,FALSE,334105,0.741828172423792,"2026-07-03"
"Black Honeyeater","Sugomel nigrum","u589","Sugomel nigrum",TRUE,FALSE,NA,"Migratory","nomadic;irruptive","Nectarivore","Omnivore","Insessorial","understory",5,"LC","not listed","not listed","central_west",3968,5,FALSE,NA,NA,NA,NA,NA,NA,NA,NA,NA,NA,FALSE,0.0195486303591257,0.189290676853754,FALSE,334105,0.741828172423792,"2026-07-03"
"Black Honeyeater","Sugomel nigrum","u589","Sugomel nigrum",TRUE,FALSE,NA,"Migratory","nomadic;irruptive","Nectarivore","Omnivore","Insessorial","understory",5,"LC","not listed","not listed","new_england",3778,0,FALSE,NA,NA,NA,NA,NA,NA,NA,NA,NA,NA,FALSE,0.000299635071984633,0.27375980287113,FALSE,334105,0.741828172423792,"2026-07-03"
"Black Honeyeater","Sugomel nigrum","u589","Sugomel nigrum",TRUE,FALSE,NA,"Migratory","nomadic;irruptive","Nectarivore","Omnivore","Insessorial","understory",5,"LC","not listed","not listed","south_west",1551,12,FALSE,NA,NA,NA,NA,NA,NA,NA,NA,NA,NA,FALSE,0.156064243392197,0.234092335305816,FALSE,334105,0.741828172423792,"2026-07-03"
"Swift Parrot","Lathamus discolor","u309","Lathamus discolor",TRUE,FALSE,NA,"Migratory","total migrant;nomadic","Nectarivore","Herbivore","Insessorial","mid-high",3,"CR","CR","EN","statewide",324816,420,TRUE,0.999707681931723,8.13766807360389,149,"29 May",1,TRUE,109,247,"19 Apr","04 Sep",FALSE,0.0119160786670564,0.39239335745752,FALSE,334105,0.62542816376683,"2026-07-03"
"Swift Parrot","Lathamus discolor","u309","Lathamus discolor",TRUE,FALSE,NA,"Migratory","total migrant;nomadic","Nectarivore","Herbivore","Insessorial","mid-high",3,"CR","CR","EN","central_west",3969,1,FALSE,NA,NA,NA,NA,NA,NA,NA,NA,NA,NA,FALSE,0.0258315554344975,0.319602243415307,FALSE,334105,0.62542816376683,"2026-07-03"
"Swift Parrot","Lathamus discolor","u309","Lathamus discolor",TRUE,FALSE,NA,"Migratory","total migrant;nomadic","Nectarivore","Herbivore","Insessorial","mid-high",3,"CR","CR","EN","new_england",3779,2,FALSE,NA,NA,NA,NA,NA,NA,NA,NA,NA,NA,FALSE,0.00583472627899966,0.393519228474862,FALSE,334105,0.62542816376683,"2026-07-03"
"Swift Parrot","Lathamus discolor","u309","Lathamus discolor",TRUE,FALSE,NA,"Migratory","total migrant;nomadic","Nectarivore","Herbivore","Insessorial","mid-high",3,"CR","CR","EN","south_west",1541,0,FALSE,NA,NA,NA,NA,NA,NA,NA,NA,NA,NA,FALSE,0.00349338444192057,0.459095682754753,FALSE,334105,0.62542816376683,"2026-07-03"
"White-fronted Tern","Sterna striata",NA,NA,FALSE,FALSE,NA,"Partial migrant","total migrant","Aquatic predator","Carnivore","Aerial","pelagic",3,"NT","not listed","not listed","statewide",324811,280,TRUE,0.990804560826161,4.68904765982188,223,"11 Aug",1,TRUE,149,282,"29 May","09 Oct",FALSE,0.000816531000919248,1.45837285978844,FALSE,334105,0.81729937763059,"2026-07-03"
"White-fronted Tern","Sterna striata",NA,NA,FALSE,FALSE,NA,"Partial migrant","total migrant","Aquatic predator","Carnivore","Aerial","pelagic",3,"NT","not listed","not listed","central_west",3967,0,FALSE,NA,NA,NA,NA,NA,NA,NA,NA,NA,NA,FALSE,0,0,TRUE,334105,0.81729937763059,"2026-07-03"
"White-fronted Tern","Sterna striata",NA,NA,FALSE,FALSE,NA,"Partial migrant","total migrant","Aquatic predator","Carnivore","Aerial","pelagic",3,"NT","not listed","not listed","new_england",3779,0,FALSE,NA,NA,NA,NA,NA,NA,NA,NA,NA,NA,FALSE,0,0,TRUE,334105,0.81729937763059,"2026-07-03"
"White-fronted Tern","Sterna striata",NA,NA,FALSE,FALSE,NA,"Partial migrant","total migrant","Aquatic predator","Carnivore","Aerial","pelagic",3,"NT","not listed","not listed","south_west",1548,0,FALSE,NA,NA,NA,NA,NA,NA,NA,NA,NA,NA,FALSE,0,0,TRUE,334105,0.81729937763059,"2026-07-03"
"Greater Sand-Plover","Anarhynchus leschenaultii","u141","Charadrius leschenaultii leschenaultii",TRUE,FALSE,NA,"Migratory",NA,"Aquatic predator","Carnivore","Terrestrial",NA,5,"LC",NA,NA,"statewide",324807,172,TRUE,0.994538785129163,5.21008401015933,322,"18 Nov",1,TRUE,322,322,"18 Nov","18 Nov",FALSE,2.67878647209272e-05,0.771208729848232,FALSE,334105,0.921387031913367,"2026-07-03"
"Greater Sand-Plover","Anarhynchus leschenaultii","u141","Charadrius leschenaultii leschenaultii",TRUE,FALSE,NA,"Migratory",NA,"Aquatic predator","Carnivore","Terrestrial",NA,5,"LC",NA,NA,"central_west",3965,0,FALSE,NA,NA,NA,NA,NA,NA,NA,NA,NA,NA,FALSE,0,0,TRUE,334105,0.921387031913367,"2026-07-03"
"Greater Sand-Plover","Anarhynchus leschenaultii","u141","Charadrius leschenaultii leschenaultii",TRUE,FALSE,NA,"Migratory",NA,"Aquatic predator","Carnivore","Terrestrial",NA,5,"LC",NA,NA,"new_england",3779,0,FALSE,NA,NA,NA,NA,NA,NA,NA,NA,NA,NA,FALSE,0,0,TRUE,334105,0.921387031913367,"2026-07-03"
"Greater Sand-Plover","Anarhynchus leschenaultii","u141","Charadrius leschenaultii leschenaultii",TRUE,FALSE,NA,"Migratory",NA,"Aquatic predator","Carnivore","Terrestrial",NA,5,"LC",NA,NA,"south_west",1554,0,FALSE,NA,NA,NA,NA,NA,NA,NA,NA,NA,NA,FALSE,0,0,TRUE,334105,0.921387031913367,"2026-07-03"
"White-throated Honeyeater","Melithreptus albogularis","u579b","Melithreptus albogularis inopinatus",TRUE,FALSE,NA,"Sedentary","local dispersal","Invertivore","Carnivore","Insessorial","canopy",6,"LC","not listed","not listed","statewide",324801,6872,TRUE,0.506590006127476,0.70641481997948,132,"12 May",0.604,FALSE,NA,NA,NA,NA,FALSE,0.0123267382652059,0.113024068725737,FALSE,334105,0.773130696782076,"2026-07-03"
"White-throated Honeyeater","Melithreptus albogularis","u579b","Melithreptus albogularis inopinatus",TRUE,FALSE,NA,"Sedentary","local dispersal","Invertivore","Carnivore","Insessorial","canopy",6,"LC","not listed","not listed","central_west",3969,0,FALSE,NA,NA,NA,NA,NA,NA,NA,NA,NA,NA,FALSE,0,0,TRUE,334105,0.773130696782076,"2026-07-03"
"White-throated Honeyeater","Melithreptus albogularis","u579b","Melithreptus albogularis inopinatus",TRUE,FALSE,NA,"Sedentary","local dispersal","Invertivore","Carnivore","Insessorial","canopy",6,"LC","not listed","not listed","new_england",3781,0,FALSE,NA,NA,NA,NA,NA,NA,NA,NA,NA,NA,FALSE,0,0,TRUE,334105,0.773130696782076,"2026-07-03"
"White-throated Honeyeater","Melithreptus albogularis","u579b","Melithreptus albogularis inopinatus",TRUE,FALSE,NA,"Sedentary","local dispersal","Invertivore","Carnivore","Insessorial","canopy",6,"LC","not listed","not listed","south_west",1554,0,FALSE,NA,NA,NA,NA,NA,NA,NA,NA,NA,NA,FALSE,0,0,TRUE,334105,0.773130696782076,"2026-07-03"
"Marsh Sandpiper","Tringa stagnatilis",NA,NA,FALSE,FALSE,NA,"Migratory","total migrant","Aquatic predator","Carnivore","Terrestrial","around-water",3,"LC","not listed","not listed","statewide",324806,573,TRUE,0.975894809145445,3.7253280735224,342,"08 Dec",1,TRUE,283,76,"10 Oct","17 Mar",TRUE,0.00200010134119905,0.290386050569038,FALSE,334105,0.719391375826493,"2026-07-03"
"Marsh Sandpiper","Tringa stagnatilis",NA,NA,FALSE,FALSE,NA,"Migratory","total migrant","Aquatic predator","Carnivore","Terrestrial","around-water",3,"LC","not listed","not listed","central_west",3966,9,FALSE,NA,NA,NA,NA,NA,NA,NA,NA,NA,NA,FALSE,0,0,TRUE,334105,0.719391375826493,"2026-07-03"
"Marsh Sandpiper","Tringa stagnatilis",NA,NA,FALSE,FALSE,NA,"Migratory","total migrant","Aquatic predator","Carnivore","Terrestrial","around-water",3,"LC","not listed","not listed","new_england",3781,6,FALSE,NA,NA,NA,NA,NA,NA,NA,NA,NA,NA,FALSE,0,0,TRUE,334105,0.719391375826493,"2026-07-03"
"Marsh Sandpiper","Tringa stagnatilis",NA,NA,FALSE,FALSE,NA,"Migratory","total migrant","Aquatic predator","Carnivore","Terrestrial","around-water",3,"LC","not listed","not listed","south_west",1552,1,FALSE,NA,NA,NA,NA,NA,NA,NA,NA,NA,NA,FALSE,0.00889738076582786,0.301975421482031,FALSE,334105,0.719391375826493,"2026-07-03"
"Hooded Plover","Thinornis cucullatus","u138a","Thinornis cucullatus cucullatus",TRUE,FALSE,NA,"Partial migrant","local dispersal;nomadic","Aquatic predator","Carnivore","Terrestrial","ground",1,"VU","VU","CR","statewide",324797,473,TRUE,0.00015607188363409,0.000156084064117934,211,"30 Jul",0,FALSE,NA,NA,NA,NA,FALSE,0.000150517093881879,0.295009549639442,FALSE,334105,0.813195668180984,"2026-07-10"
"Hooded Plover","Thinornis cucullatus","u138a","Thinornis cucullatus cucullatus",TRUE,FALSE,NA,"Partial migrant","local dispersal;nomadic","Aquatic predator","Carnivore","Terrestrial","ground",1,"VU","VU","CR","central_west",3969,0,FALSE,NA,NA,NA,NA,NA,NA,NA,NA,NA,NA,FALSE,0,0,TRUE,334105,0.813195668180984,"2026-07-10"
"Hooded Plover","Thinornis cucullatus","u138a","Thinornis cucullatus cucullatus",TRUE,FALSE,NA,"Partial migrant","local dispersal;nomadic","Aquatic predator","Carnivore","Terrestrial","ground",1,"VU","VU","CR","new_england",3781,0,FALSE,NA,NA,NA,NA,NA,NA,NA,NA,NA,NA,FALSE,0,0,TRUE,334105,0.813195668180984,"2026-07-10"
"Hooded Plover","Thinornis cucullatus","u138a","Thinornis cucullatus cucullatus",TRUE,FALSE,NA,"Partial migrant","local dispersal;nomadic","Aquatic predator","Carnivore","Terrestrial","ground",1,"VU","VU","CR","south_west",1558,0,FALSE,NA,NA,NA,NA,NA,NA,NA,NA,NA,NA,FALSE,0,0,TRUE,334105,0.813195668180984,"2026-07-10"
"Brush Bronzewing","Phaps elegans","u35a","Phaps elegans elegans",TRUE,FALSE,NA,"Sedentary","local dispersal","Granivore","Herbivore","Terrestrial","ground",4,"LC","not listed","not listed","statewide",324805,628,TRUE,0.706097541539248,1.22450734063563,319,"15 Nov",1,TRUE,247,45,"04 Sep","14 Feb",TRUE,0.00199689057582069,0.588274230998788,FALSE,334105,0.572083423715894,"2026-07-03"
"Brush Bronzewing","Phaps elegans","u35a","Phaps elegans elegans",TRUE,FALSE,NA,"Sedentary","local dispersal","Granivore","Herbivore","Terrestrial","ground",4,"LC","not listed","not listed","central_west",3970,0,FALSE,NA,NA,NA,NA,NA,NA,NA,NA,NA,NA,FALSE,0,0,TRUE,334105,0.572083423715894,"2026-07-03"
"Brush Bronzewing","Phaps elegans","u35a","Phaps elegans elegans",TRUE,FALSE,NA,"Sedentary","local dispersal","Granivore","Herbivore","Terrestrial","ground",4,"LC","not listed","not listed","new_england",3779,0,FALSE,NA,NA,NA,NA,NA,NA,NA,NA,NA,NA,FALSE,0,0,TRUE,334105,0.572083423715894,"2026-07-03"
"Brush Bronzewing","Phaps elegans","u35a","Phaps elegans elegans",TRUE,FALSE,NA,"Sedentary","local dispersal","Granivore","Herbivore","Terrestrial","ground",4,"LC","not listed","not listed","south_west",1551,0,FALSE,NA,NA,NA,NA,NA,NA,NA,NA,NA,NA,FALSE,0,0,TRUE,334105,0.572083423715894,"2026-07-03"
"Brolga","Antigone rubicunda","u177","Grus rubicunda",TRUE,FALSE,NA,"Partial migrant","total migrant","Omnivore","Herbivore","Terrestrial","around-water",3,"LC","not listed","VU","statewide",324805,639,TRUE,0.000817016164516571,0.00081735010412487,256,"13 Sep",0,FALSE,NA,NA,NA,NA,FALSE,0.0192614208463147,0.292571047989891,FALSE,334105,0.795225437166234,"2026-07-03"
"Brolga","Antigone rubicunda","u177","Grus rubicunda",TRUE,FALSE,NA,"Partial migrant","total migrant","Omnivore","Herbivore","Terrestrial","around-water",3,"LC","not listed","VU","central_west",3970,0,FALSE,NA,NA,NA,NA,NA,NA,NA,NA,NA,NA,FALSE,0,0,TRUE,334105,0.795225437166234,"2026-07-03"
"Brolga","Antigone rubicunda","u177","Grus rubicunda",TRUE,FALSE,NA,"Partial migrant","total migrant","Omnivore","Herbivore","Terrestrial","around-water",3,"LC","not listed","VU","new_england",3779,1,FALSE,NA,NA,NA,NA,NA,NA,NA,NA,NA,NA,FALSE,0,0,TRUE,334105,0.795225437166234,"2026-07-03"
"Brolga","Antigone rubicunda","u177","Grus rubicunda",TRUE,FALSE,NA,"Partial migrant","total migrant","Omnivore","Herbivore","Terrestrial","around-water",3,"LC","not listed","VU","south_west",1551,6,FALSE,NA,NA,NA,NA,NA,NA,NA,NA,NA,NA,FALSE,0.000759621169506404,0.292093418317938,FALSE,334105,0.795225437166234,"2026-07-03"
"Orange Chat","Epthianura aurifrons","u450","Epthianura aurifrons",TRUE,FALSE,NA,"Sedentary","local dispersal;nomadic","Invertivore","Carnivore","Generalist","ground",3,"LC","not listed","not listed","statewide",324820,590,TRUE,0.848167314657005,1.88497611873325,324,"20 Nov",1,TRUE,252,39,"09 Sep","08 Feb",TRUE,0.510377338454739,0.260478489361069,FALSE,334105,0.889416457327493,"2026-07-03"
"Orange Chat","Epthianura aurifrons","u450","Epthianura aurifrons",TRUE,FALSE,NA,"Sedentary","local dispersal;nomadic","Invertivore","Carnivore","Generalist","ground",3,"LC","not listed","not listed","central_west",3968,0,FALSE,NA,NA,NA,NA,NA,NA,NA,NA,NA,NA,FALSE,0.00127790836352324,0.514194441942365,FALSE,334105,0.889416457327493,"2026-07-03"
"Orange Chat","Epthianura aurifrons","u450","Epthianura aurifrons",TRUE,FALSE,NA,"Sedentary","local dispersal;nomadic","Invertivore","Carnivore","Generalist","ground",3,"LC","not listed","not listed","new_england",3778,0,FALSE,NA,NA,NA,NA,NA,NA,NA,NA,NA,NA,FALSE,0,0,TRUE,334105,0.889416457327493,"2026-07-03"
"Orange Chat","Epthianura aurifrons","u450","Epthianura aurifrons",TRUE,FALSE,NA,"Sedentary","local dispersal;nomadic","Invertivore","Carnivore","Generalist","ground",3,"LC","not listed","not listed","south_west",1539,8,FALSE,NA,NA,NA,NA,NA,NA,NA,NA,NA,NA,FALSE,0.326098139676646,0.218702384377389,FALSE,334105,0.889416457327493,"2026-07-03"
"Fluttering Shearwater","Puffinus gavia",NA,NA,FALSE,FALSE,NA,"Partial migrant","total migrant","Aquatic predator","Carnivore","Generalist","pelagic",5,"LC","not listed","not listed","statewide",324793,153,TRUE,0.998561017515829,6.54381902337397,217,"05 Aug",1,TRUE,169,260,"18 Jun","17 Sep",FALSE,0.00045915623530806,0.628068992793789,FALSE,334096,0.94116326971215,"2026-07-03"
"Fluttering Shearwater","Puffinus gavia",NA,NA,FALSE,FALSE,NA,"Partial migrant","total migrant","Aquatic predator","Carnivore","Generalist","pelagic",5,"LC","not listed","not listed","central_west",3973,0,FALSE,NA,NA,NA,NA,NA,NA,NA,NA,NA,NA,FALSE,0,0,TRUE,334096,0.94116326971215,"2026-07-03"
"Fluttering Shearwater","Puffinus gavia",NA,NA,FALSE,FALSE,NA,"Partial migrant","total migrant","Aquatic predator","Carnivore","Generalist","pelagic",5,"LC","not listed","not listed","new_england",3780,0,FALSE,NA,NA,NA,NA,NA,NA,NA,NA,NA,NA,FALSE,0,0,TRUE,334096,0.94116326971215,"2026-07-03"
"Fluttering Shearwater","Puffinus gavia",NA,NA,FALSE,FALSE,NA,"Partial migrant","total migrant","Aquatic predator","Carnivore","Generalist","pelagic",5,"LC","not listed","not listed","south_west",1550,0,FALSE,NA,NA,NA,NA,NA,NA,NA,NA,NA,NA,FALSE,0,0,TRUE,334096,0.94116326971215,"2026-07-03"
"Ground Parrot","Pezoporus wallicus","u311c","Pezoporus wallicus wallicus",TRUE,FALSE,NA,"Sedentary","local dispersal","Granivore","Herbivore","Generalist","ground",5,"LC","CR","VU","statewide",324811,322,TRUE,0.289813140385748,0.342227161017945,81,"22 Mar",0,FALSE,NA,NA,NA,NA,FALSE,0.00237602856962527,0.574711315460644,FALSE,334105,0.806639972500967,"2026-07-03"
"Ground Parrot","Pezoporus wallicus","u311c","Pezoporus wallicus wallicus",TRUE,FALSE,NA,"Sedentary","local dispersal","Granivore","Herbivore","Generalist","ground",5,"LC","CR","VU","central_west",3966,0,FALSE,NA,NA,NA,NA,NA,NA,NA,NA,NA,NA,FALSE,0,0,TRUE,334105,0.806639972500967,"2026-07-03"
"Ground Parrot","Pezoporus wallicus","u311c","Pezoporus wallicus wallicus",TRUE,FALSE,NA,"Sedentary","local dispersal","Granivore","Herbivore","Generalist","ground",5,"LC","CR","VU","new_england",3778,0,FALSE,NA,NA,NA,NA,NA,NA,NA,NA,NA,NA,FALSE,0,0,TRUE,334105,0.806639972500967,"2026-07-03"
"Ground Parrot","Pezoporus wallicus","u311c","Pezoporus wallicus wallicus",TRUE,FALSE,NA,"Sedentary","local dispersal","Granivore","Herbivore","Generalist","ground",5,"LC","CR","VU","south_west",1550,0,FALSE,NA,NA,NA,NA,NA,NA,NA,NA,NA,NA,FALSE,0,0,TRUE,334105,0.806639972500967,"2026-07-03"
"Satin Flycatcher","Myiagra cyanoleuca","u366","Myiagra cyanoleuca",TRUE,FALSE,NA,"Migratory","total migrant","Invertivore","Carnivore","Insessorial","canopy",3,"LC","not listed","not listed","statewide",324802,711,TRUE,0.991441915716296,4.76087891250785,319,"15 Nov",1,TRUE,278,74,"05 Oct","15 Mar",TRUE,0.00691683176899219,0.161647208684886,FALSE,334105,0.560680597261741,"2026-07-03"
"Satin Flycatcher","Myiagra cyanoleuca","u366","Myiagra cyanoleuca",TRUE,FALSE,NA,"Migratory","total migrant","Invertivore","Carnivore","Insessorial","canopy",3,"LC","not listed","not listed","central_west",3966,0,FALSE,NA,NA,NA,NA,NA,NA,NA,NA,NA,NA,FALSE,0.0015948627257212,0.150502097695181,FALSE,334105,0.560680597261741,"2026-07-03"
"Satin Flycatcher","Myiagra cyanoleuca","u366","Myiagra cyanoleuca",TRUE,FALSE,NA,"Migratory","total migrant","Invertivore","Carnivore","Insessorial","canopy",3,"LC","not listed","not listed","new_england",3781,20,TRUE,0.991468031228969,4.76393513859645,318,"14 Nov",1,TRUE,278,73,"05 Oct","14 Mar",TRUE,0.0203710066798637,0.161759829815905,FALSE,334105,0.560680597261741,"2026-07-03"
"Satin Flycatcher","Myiagra cyanoleuca","u366","Myiagra cyanoleuca",TRUE,FALSE,NA,"Migratory","total migrant","Invertivore","Carnivore","Insessorial","canopy",3,"LC","not listed","not listed","south_west",1556,0,FALSE,NA,NA,NA,NA,NA,NA,NA,NA,NA,NA,FALSE,0,0,TRUE,334105,0.560680597261741,"2026-07-03"
"Pied Honeyeater","Certhionyx variegatus","u602","Certhionyx variegatus",TRUE,FALSE,NA,"Partial migrant","nomadic","Nectarivore","Herbivore","Insessorial","understory",3,"LC","not listed","VU","statewide",324802,474,TRUE,0.854797153349412,1.92962357175202,318,"14 Nov",1,TRUE,247,29,"04 Sep","29 Jan",TRUE,0.124436633518121,0.221481884597319,FALSE,334105,0.807931930028175,"2026-07-03"
"Pied Honeyeater","Certhionyx variegatus","u602","Certhionyx variegatus",TRUE,FALSE,NA,"Partial migrant","nomadic","Nectarivore","Herbivore","Insessorial","understory",3,"LC","not listed","VU","central_west",3969,0,FALSE,NA,NA,NA,NA,NA,NA,NA,NA,NA,NA,FALSE,0,0,TRUE,334105,0.807931930028175,"2026-07-03"
"Pied Honeyeater","Certhionyx variegatus","u602","Certhionyx variegatus",TRUE,FALSE,NA,"Partial migrant","nomadic","Nectarivore","Herbivore","Insessorial","understory",3,"LC","not listed","VU","new_england",3782,0,FALSE,NA,NA,NA,NA,NA,NA,NA,NA,NA,NA,FALSE,0,0,TRUE,334105,0.807931930028175,"2026-07-03"
"Pied Honeyeater","Certhionyx variegatus","u602","Certhionyx variegatus",TRUE,FALSE,NA,"Partial migrant","nomadic","Nectarivore","Herbivore","Insessorial","understory",3,"LC","not listed","VU","south_west",1552,4,FALSE,NA,NA,NA,NA,NA,NA,NA,NA,NA,NA,FALSE,0.0764127637238711,0.212224528484512,FALSE,334105,0.807931930028175,"2026-07-03"
"Black Falcon","Falco subniger","u238","Falco subniger",TRUE,FALSE,NA,"Partial migrant","local dispersal;partial migrant","Vertivore","Carnivore","Generalist","ground",4,"LC","not listed","VU","statewide",324809,672,TRUE,0.0847278452289586,0.0885338210239617,164,"13 Jun",0,FALSE,NA,NA,NA,NA,FALSE,0.018294757944536,0.149793241787785,FALSE,334105,0.377310553469879,"2026-07-03"
"Black Falcon","Falco subniger","u238","Falco subniger",TRUE,FALSE,NA,"Partial migrant","local dispersal;partial migrant","Vertivore","Carnivore","Generalist","ground",4,"LC","not listed","VU","central_west",3968,10,FALSE,NA,NA,NA,NA,NA,NA,NA,NA,NA,NA,FALSE,0.00797053180837141,0.129935592105603,FALSE,334105,0.377310553469879,"2026-07-03"
"Black Falcon","Falco subniger","u238","Falco subniger",TRUE,FALSE,NA,"Partial migrant","local dispersal;partial migrant","Vertivore","Carnivore","Generalist","ground",4,"LC","not listed","VU","new_england",3781,4,FALSE,NA,NA,NA,NA,NA,NA,NA,NA,NA,NA,FALSE,0.00107871290566452,0.202292924024483,FALSE,334105,0.377310553469879,"2026-07-03"
"Black Falcon","Falco subniger","u238","Falco subniger",TRUE,FALSE,NA,"Partial migrant","local dispersal;partial migrant","Vertivore","Carnivore","Generalist","ground",4,"LC","not listed","VU","south_west",1547,23,TRUE,0.0870320438900922,0.0910544963635469,173,"22 Jun",0,FALSE,NA,NA,NA,NA,FALSE,0.0317390862760983,0.136712982799963,FALSE,334105,0.377310553469879,"2026-07-03"
"Painted Honeyeater","Grantiella picta","u598","Grantiella picta",TRUE,FALSE,NA,"Migratory","total migrant","Omnivore","Herbivore","Insessorial","understory",4,"LC","VU","VU","statewide",324806,593,TRUE,0.985057279817789,4.20353104207504,306,"02 Nov",1,TRUE,260,22,"17 Sep","22 Jan",TRUE,0.0470218787212611,0.233791585649786,FALSE,334105,0.653834322887117,"2026-07-03"
"Painted Honeyeater","Grantiella picta","u598","Grantiella picta",TRUE,FALSE,NA,"Migratory","total migrant","Omnivore","Herbivore","Insessorial","understory",4,"LC","VU","VU","central_west",3969,26,TRUE,0.985302306921056,4.22006473091793,303,"30 Oct",1,TRUE,261,23,"18 Sep","23 Jan",TRUE,0.0549438201120347,0.169667318555529,FALSE,334105,0.653834322887117,"2026-07-03"
"Painted Honeyeater","Grantiella picta","u598","Grantiella picta",TRUE,FALSE,NA,"Migratory","total migrant","Omnivore","Herbivore","Insessorial","understory",4,"LC","VU","VU","new_england",3778,4,FALSE,NA,NA,NA,NA,NA,NA,NA,NA,NA,NA,FALSE,0.000888238192607616,0.752774655868582,FALSE,334105,0.653834322887117,"2026-07-03"
"Painted Honeyeater","Grantiella picta","u598","Grantiella picta",TRUE,FALSE,NA,"Migratory","total migrant","Omnivore","Herbivore","Insessorial","understory",4,"LC","VU","VU","south_west",1552,7,FALSE,NA,NA,NA,NA,NA,NA,NA,NA,NA,NA,FALSE,0.0224928805913017,0.219478600411928,FALSE,334105,0.653834322887117,"2026-07-03"
"Pacific Swift","Apus pacificus","u335","Apus pacificus pacificus",TRUE,FALSE,NA,"Partial migrant","total migrant","Invertivore","Carnivore","Aerial","aerial",9,"LC","not listed","not listed","statewide",324802,448,TRUE,0.998901008716146,6.8133625345707,41,"10 Feb",1,TRUE,333,89,"29 Nov","30 Mar",TRUE,0.00549770061252299,0.176441398017792,FALSE,334104,0.386657818068475,"2026-07-03"
"Pacific Swift","Apus pacificus","u335","Apus pacificus pacificus",TRUE,FALSE,NA,"Partial migrant","total migrant","Invertivore","Carnivore","Aerial","aerial",9,"LC","not listed","not listed","central_west",3967,9,FALSE,NA,NA,NA,NA,NA,NA,NA,NA,NA,NA,FALSE,0,0,TRUE,334104,0.386657818068475,"2026-07-03"
"Pacific Swift","Apus pacificus","u335","Apus pacificus pacificus",TRUE,FALSE,NA,"Partial migrant","total migrant","Invertivore","Carnivore","Aerial","aerial",9,"LC","not listed","not listed","new_england",3780,3,FALSE,NA,NA,NA,NA,NA,NA,NA,NA,NA,NA,FALSE,0.00079421623678477,0.249141476915351,FALSE,334104,0.386657818068475,"2026-07-03"
"Pacific Swift","Apus pacificus","u335","Apus pacificus pacificus",TRUE,FALSE,NA,"Partial migrant","total migrant","Invertivore","Carnivore","Aerial","aerial",9,"LC","not listed","not listed","south_west",1555,1,FALSE,NA,NA,NA,NA,NA,NA,NA,NA,NA,NA,FALSE,0.00889897206590414,0.165033906035611,FALSE,334104,0.386657818068475,"2026-07-03"
"White-capped Albatross","Thalassarche cauta","u91","Thalassarche cauta",TRUE,FALSE,NA,"Migratory","total migrant","Aquatic predator","Carnivore","Aquatic","pelagic",4,"NT","VU","VU","statewide",324805,156,TRUE,0.000334033886094542,0.000334089687839878,348,"14 Dec",0,FALSE,NA,NA,NA,NA,FALSE,2.85106525684314e-05,0.452250148504219,FALSE,334105,0.792752843317355,"2026-07-03"
"White-capped Albatross","Thalassarche cauta","u91","Thalassarche cauta",TRUE,FALSE,NA,"Migratory","total migrant","Aquatic predator","Carnivore","Aquatic","pelagic",4,"NT","VU","VU","central_west",3969,0,FALSE,NA,NA,NA,NA,NA,NA,NA,NA,NA,NA,FALSE,0,0,TRUE,334105,0.792752843317355,"2026-07-03"
"White-capped Albatross","Thalassarche cauta","u91","Thalassarche cauta",TRUE,FALSE,NA,"Migratory","total migrant","Aquatic predator","Carnivore","Aquatic","pelagic",4,"NT","VU","VU","new_england",3777,0,FALSE,NA,NA,NA,NA,NA,NA,NA,NA,NA,NA,FALSE,0,0,TRUE,334105,0.792752843317355,"2026-07-03"
"White-capped Albatross","Thalassarche cauta","u91","Thalassarche cauta",TRUE,FALSE,NA,"Migratory","total migrant","Aquatic predator","Carnivore","Aquatic","pelagic",4,"NT","VU","VU","south_west",1554,0,FALSE,NA,NA,NA,NA,NA,NA,NA,NA,NA,NA,FALSE,0,0,TRUE,334105,0.792752843317355,"2026-07-03"
"Black-eared Cuckoo","Chalcites osculans","u341","Chalcites osculans",TRUE,FALSE,NA,"Sedentary","partial migrant;nomadic","Invertivore","Carnivore","Insessorial","ground",3,"LC","not listed","not listed","statewide",324800,559,TRUE,0.865154325372752,2.00362430534836,266,"23 Sep",1,TRUE,206,332,"25 Jul","28 Nov",FALSE,0.0216637512051121,0.291930180768744,FALSE,334105,0.467709588065982,"2026-07-03"
"Black-eared Cuckoo","Chalcites osculans","u341","Chalcites osculans",TRUE,FALSE,NA,"Sedentary","partial migrant;nomadic","Invertivore","Carnivore","Insessorial","ground",3,"LC","not listed","not listed","central_west",3969,19,FALSE,NA,NA,NA,NA,NA,NA,NA,NA,NA,NA,FALSE,0.015241814319188,0.220907399635128,FALSE,334105,0.467709588065982,"2026-07-03"
"Black-eared Cuckoo","Chalcites osculans","u341","Chalcites osculans",TRUE,FALSE,NA,"Sedentary","partial migrant;nomadic","Invertivore","Carnivore","Insessorial","ground",3,"LC","not listed","not listed","new_england",3780,1,FALSE,NA,NA,NA,NA,NA,NA,NA,NA,NA,NA,FALSE,9.21009941961599e-05,1.2692393726863,FALSE,334105,0.467709588065982,"2026-07-03"
"Black-eared Cuckoo","Chalcites osculans","u341","Chalcites osculans",TRUE,FALSE,NA,"Sedentary","partial migrant;nomadic","Invertivore","Carnivore","Insessorial","ground",3,"LC","not listed","not listed","south_west",1556,6,FALSE,NA,NA,NA,NA,NA,NA,NA,NA,NA,NA,FALSE,0.0129925803322332,0.221205884948129,FALSE,334105,0.467709588065982,"2026-07-03"
"White-eared Monarch","Carterornis leucotis","u376","Carterornis leucotis",TRUE,FALSE,NA,"Sedentary","local dispersal;partial migrant","Invertivore","Carnivore","Insessorial","canopy",4,"LC","not listed","VU","statewide",324812,1100,TRUE,0.000214675569131906,0.000214698615230269,106,"16 Apr",0,FALSE,NA,NA,NA,NA,FALSE,0.000542911698893668,0.284500221435866,FALSE,334105,0.704837511549403,"2026-07-03"
"White-eared Monarch","Carterornis leucotis","u376","Carterornis leucotis",TRUE,FALSE,NA,"Sedentary","local dispersal;partial migrant","Invertivore","Carnivore","Insessorial","canopy",4,"LC","not listed","VU","central_west",3965,0,FALSE,NA,NA,NA,NA,NA,NA,NA,NA,NA,NA,FALSE,0,0,TRUE,334105,0.704837511549403,"2026-07-03"
"White-eared Monarch","Carterornis leucotis","u376","Carterornis leucotis",TRUE,FALSE,NA,"Sedentary","local dispersal;partial migrant","Invertivore","Carnivore","Insessorial","canopy",4,"LC","not listed","VU","new_england",3774,0,FALSE,NA,NA,NA,NA,NA,NA,NA,NA,NA,NA,FALSE,0,0,TRUE,334105,0.704837511549403,"2026-07-03"
"White-eared Monarch","Carterornis leucotis","u376","Carterornis leucotis",TRUE,FALSE,NA,"Sedentary","local dispersal;partial migrant","Invertivore","Carnivore","Insessorial","canopy",4,"LC","not listed","VU","south_west",1554,0,FALSE,NA,NA,NA,NA,NA,NA,NA,NA,NA,NA,FALSE,0,0,TRUE,334105,0.704837511549403,"2026-07-03"
"Bush Thick-knee","Burhinus grallarius","u174","Burhinus grallarius",TRUE,FALSE,NA,"Migratory","local dispersal","Invertivore","Carnivore","Terrestrial","ground",6,"LC","not listed","EN","statewide",324809,1772,TRUE,0.00107163002032851,0.0010722046263254,81,"22 Mar",0,FALSE,NA,NA,NA,NA,FALSE,9.86809409567335e-05,0.406241655641221,FALSE,334105,0.666864503318196,"2026-07-03"
"Bush Thick-knee","Burhinus grallarius","u174","Burhinus grallarius",TRUE,FALSE,NA,"Migratory","local dispersal","Invertivore","Carnivore","Terrestrial","ground",6,"LC","not listed","EN","central_west",3967,2,FALSE,NA,NA,NA,NA,NA,NA,NA,NA,NA,NA,FALSE,0,0,TRUE,334105,0.666864503318196,"2026-07-03"
"Bush Thick-knee","Burhinus grallarius","u174","Burhinus grallarius",TRUE,FALSE,NA,"Migratory","local dispersal","Invertivore","Carnivore","Terrestrial","ground",6,"LC","not listed","EN","new_england",3778,0,FALSE,NA,NA,NA,NA,NA,NA,NA,NA,NA,NA,FALSE,0,0,TRUE,334105,0.666864503318196,"2026-07-03"
"Bush Thick-knee","Burhinus grallarius","u174","Burhinus grallarius",TRUE,FALSE,NA,"Migratory","local dispersal","Invertivore","Carnivore","Terrestrial","ground",6,"LC","not listed","EN","south_west",1551,1,FALSE,NA,NA,NA,NA,NA,NA,NA,NA,NA,NA,FALSE,7.44657614345914e-08,0.548586524684321,FALSE,334105,0.666864503318196,"2026-07-03"
"Lord Howe Rail","Gallirallus sylvestris",NA,NA,FALSE,FALSE,NA,"Sedentary",NA,"Invertivore","Carnivore","Terrestrial","ground",1,"EN",NA,NA,"statewide",324810,0,FALSE,NA,NA,NA,NA,NA,NA,NA,NA,NA,NA,FALSE,NA,NA,NA,334105,0,"2026-07-03"
"Lord Howe Rail","Gallirallus sylvestris",NA,NA,FALSE,FALSE,NA,"Sedentary",NA,"Invertivore","Carnivore","Terrestrial","ground",1,"EN",NA,NA,"central_west",3969,0,FALSE,NA,NA,NA,NA,NA,NA,NA,NA,NA,NA,FALSE,NA,NA,NA,334105,0,"2026-07-03"
"Lord Howe Rail","Gallirallus sylvestris",NA,NA,FALSE,FALSE,NA,"Sedentary",NA,"Invertivore","Carnivore","Terrestrial","ground",1,"EN",NA,NA,"new_england",3779,0,FALSE,NA,NA,NA,NA,NA,NA,NA,NA,NA,NA,FALSE,NA,NA,NA,334105,0,"2026-07-03"
"Lord Howe Rail","Gallirallus sylvestris",NA,NA,FALSE,FALSE,NA,"Sedentary",NA,"Invertivore","Carnivore","Terrestrial","ground",1,"EN",NA,NA,"south_west",1547,0,FALSE,NA,NA,NA,NA,NA,NA,NA,NA,NA,NA,FALSE,NA,NA,NA,334105,0,"2026-07-03"
"Sooty Owl","Tyto tenebricosa","u253","Tyto tenebricosa tenebricosa",TRUE,FALSE,NA,"Sedentary","local dispersal","Vertivore","Carnivore","Generalist","mid-high",2,"LC","not listed","VU","statewide",324806,251,TRUE,0.650264585423852,1.05057836873314,174,"23 Jun",0.98,TRUE,97,263,"07 Apr","20 Sep",FALSE,0.0363128464662385,0.326690828009514,FALSE,334105,0.648111529265635,"2026-07-03"
"Sooty Owl","Tyto tenebricosa","u253","Tyto tenebricosa tenebricosa",TRUE,FALSE,NA,"Sedentary","local dispersal","Vertivore","Carnivore","Generalist","mid-high",2,"LC","not listed","VU","central_west",3968,0,FALSE,NA,NA,NA,NA,NA,NA,NA,NA,NA,NA,FALSE,0,0,TRUE,334105,0.648111529265635,"2026-07-03"
"Sooty Owl","Tyto tenebricosa","u253","Tyto tenebricosa tenebricosa",TRUE,FALSE,NA,"Sedentary","local dispersal","Vertivore","Carnivore","Generalist","mid-high",2,"LC","not listed","VU","new_england",3778,0,FALSE,NA,NA,NA,NA,NA,NA,NA,NA,NA,NA,FALSE,0.0386953316943935,0.417163742653735,FALSE,334105,0.648111529265635,"2026-07-03"
"Sooty Owl","Tyto tenebricosa","u253","Tyto tenebricosa tenebricosa",TRUE,FALSE,NA,"Sedentary","local dispersal","Vertivore","Carnivore","Generalist","mid-high",2,"LC","not listed","VU","south_west",1553,0,FALSE,NA,NA,NA,NA,NA,NA,NA,NA,NA,NA,FALSE,0,0,TRUE,334105,0.648111529265635,"2026-07-03"
"Siberian Sand-Plover","Anarhynchus mongolus","u139a;u139b","Charadrius mongolus mongolus;Charadrius mongolus stegmanni",TRUE,TRUE,"multiple_nsw_subspecies","Migratory",NA,"Aquatic predator","Carnivore","Terrestrial",NA,4,"EN",NA,NA,"statewide",324783,341,TRUE,0.96354127382331,3.31157444789845,2,"02 Jan",1,TRUE,309,89,"05 Nov","30 Mar",TRUE,0.000411273958684901,2.08888371228772,FALSE,334078,0.935346813221955,"2026-07-03"
"Siberian Sand-Plover","Anarhynchus mongolus","u139a;u139b","Charadrius mongolus mongolus;Charadrius mongolus stegmanni",TRUE,TRUE,"multiple_nsw_subspecies","Migratory",NA,"Aquatic predator","Carnivore","Terrestrial",NA,4,"EN",NA,NA,"central_west",3967,0,FALSE,NA,NA,NA,NA,NA,NA,NA,NA,NA,NA,FALSE,0,0,TRUE,334078,0.935346813221955,"2026-07-03"
"Siberian Sand-Plover","Anarhynchus mongolus","u139a;u139b","Charadrius mongolus mongolus;Charadrius mongolus stegmanni",TRUE,TRUE,"multiple_nsw_subspecies","Migratory",NA,"Aquatic predator","Carnivore","Terrestrial",NA,4,"EN",NA,NA,"new_england",3779,0,FALSE,NA,NA,NA,NA,NA,NA,NA,NA,NA,NA,FALSE,0,0,TRUE,334078,0.935346813221955,"2026-07-03"
"Siberian Sand-Plover","Anarhynchus mongolus","u139a;u139b","Charadrius mongolus mongolus;Charadrius mongolus stegmanni",TRUE,TRUE,"multiple_nsw_subspecies","Migratory",NA,"Aquatic predator","Carnivore","Terrestrial",NA,4,"EN",NA,NA,"south_west",1549,0,FALSE,NA,NA,NA,NA,NA,NA,NA,NA,NA,NA,FALSE,0,0,TRUE,334078,0.935346813221955,"2026-07-03"
"Parasitic Jaeger","Stercorarius parasiticus","u128","Stercorarius parasiticus",TRUE,FALSE,NA,"Migratory","total migrant","Aquatic predator","Carnivore","Aerial","ground",3,"LC","not listed","not listed","statewide",324810,114,TRUE,0.960884681912462,3.24124112176673,60,"01 Mar",1,TRUE,322,108,"18 Nov","18 Apr",TRUE,6.37162756197657e-05,0.345703921136416,FALSE,334105,0.715307499932863,"2026-07-03"
"Parasitic Jaeger","Stercorarius parasiticus","u128","Stercorarius parasiticus",TRUE,FALSE,NA,"Migratory","total migrant","Aquatic predator","Carnivore","Aerial","ground",3,"LC","not listed","not listed","central_west",3965,0,FALSE,NA,NA,NA,NA,NA,NA,NA,NA,NA,NA,FALSE,0,0,TRUE,334105,0.715307499932863,"2026-07-03"
"Parasitic Jaeger","Stercorarius parasiticus","u128","Stercorarius parasiticus",TRUE,FALSE,NA,"Migratory","total migrant","Aquatic predator","Carnivore","Aerial","ground",3,"LC","not listed","not listed","new_england",3781,0,FALSE,NA,NA,NA,NA,NA,NA,NA,NA,NA,NA,FALSE,0,0,TRUE,334105,0.715307499932863,"2026-07-03"
"Parasitic Jaeger","Stercorarius parasiticus","u128","Stercorarius parasiticus",TRUE,FALSE,NA,"Migratory","total migrant","Aquatic predator","Carnivore","Aerial","ground",3,"LC","not listed","not listed","south_west",1549,0,FALSE,NA,NA,NA,NA,NA,NA,NA,NA,NA,NA,FALSE,0,0,TRUE,334105,0.715307499932863,"2026-07-03"
"Australian Masked-Owl","Tyto novaehollandiae","u250e","Tyto novaehollandiae novaehollandiae",TRUE,FALSE,NA,"Sedentary","local dispersal","Vertivore","Carnivore","Insessorial","ground",6,"LC","EN","VU","statewide",324804,206,TRUE,0.762462276345866,1.43742883168215,191,"10 Jul",1,TRUE,191,191,"10 Jul","10 Jul",FALSE,0.036404541171787,0.758455006801028,FALSE,334105,0.6114771264413,"2026-07-10"
"Australian Masked-Owl","Tyto novaehollandiae","u250e","Tyto novaehollandiae novaehollandiae",TRUE,FALSE,NA,"Sedentary","local dispersal","Vertivore","Carnivore","Insessorial","ground",6,"LC","EN","VU","central_west",3966,0,FALSE,NA,NA,NA,NA,NA,NA,NA,NA,NA,NA,FALSE,0.014500835802188,0.430986115698062,FALSE,334105,0.6114771264413,"2026-07-10"
"Australian Masked-Owl","Tyto novaehollandiae","u250e","Tyto novaehollandiae novaehollandiae",TRUE,FALSE,NA,"Sedentary","local dispersal","Vertivore","Carnivore","Insessorial","ground",6,"LC","EN","VU","new_england",3780,3,FALSE,NA,NA,NA,NA,NA,NA,NA,NA,NA,NA,FALSE,0.0287414725882741,0.467881774139014,FALSE,334105,0.6114771264413,"2026-07-10"
"Australian Masked-Owl","Tyto novaehollandiae","u250e","Tyto novaehollandiae novaehollandiae",TRUE,FALSE,NA,"Sedentary","local dispersal","Vertivore","Carnivore","Insessorial","ground",6,"LC","EN","VU","south_west",1555,0,FALSE,NA,NA,NA,NA,NA,NA,NA,NA,NA,NA,FALSE,0.000164407294751483,1.2369249413381,FALSE,334105,0.6114771264413,"2026-07-10"
"Indian Peafowl","Pavo cristatus",NA,NA,FALSE,FALSE,NA,"Sedentary","local dispersal","Omnivore","Omnivore","Terrestrial","ground",3,"LC","not listed","not listed","statewide",324814,449,TRUE,0.000109250512274395,0.000109256480546271,199,"18 Jul",0,FALSE,NA,NA,NA,NA,FALSE,3.15003015227626e-07,0.293881218020733,FALSE,334105,0.139113519850352,"2026-07-03"
"Indian Peafowl","Pavo cristatus",NA,NA,FALSE,FALSE,NA,"Sedentary","local dispersal","Omnivore","Omnivore","Terrestrial","ground",3,"LC","not listed","not listed","central_west",3966,2,FALSE,NA,NA,NA,NA,NA,NA,NA,NA,NA,NA,FALSE,0,0,TRUE,334105,0.139113519850352,"2026-07-03"
"Indian Peafowl","Pavo cristatus",NA,NA,FALSE,FALSE,NA,"Sedentary","local dispersal","Omnivore","Omnivore","Terrestrial","ground",3,"LC","not listed","not listed","new_england",3778,1,FALSE,NA,NA,NA,NA,NA,NA,NA,NA,NA,NA,FALSE,0,0,TRUE,334105,0.139113519850352,"2026-07-03"
"Indian Peafowl","Pavo cristatus",NA,NA,FALSE,FALSE,NA,"Sedentary","local dispersal","Omnivore","Omnivore","Terrestrial","ground",3,"LC","not listed","not listed","south_west",1547,0,FALSE,NA,NA,NA,NA,NA,NA,NA,NA,NA,NA,FALSE,0,0,TRUE,334105,0.139113519850352,"2026-07-03"
"Gilbert's Whistler","Pachycephala inornata","u403","Pachycephala inornata",TRUE,FALSE,NA,"Sedentary","local dispersal","Invertivore","Carnivore","Insessorial","understory",3,"LC","not listed","VU","statewide",324809,1258,TRUE,0.43552843396802,0.571865266843538,266,"23 Sep",0.044,FALSE,NA,NA,NA,NA,FALSE,0.0103353484772599,0.366579008094933,FALSE,334105,0.687759433409524,"2026-07-03"
"Gilbert's Whistler","Pachycephala inornata","u403","Pachycephala inornata",TRUE,FALSE,NA,"Sedentary","local dispersal","Invertivore","Carnivore","Insessorial","understory",3,"LC","not listed","VU","central_west",3973,1,FALSE,NA,NA,NA,NA,NA,NA,NA,NA,NA,NA,FALSE,0.000198816410672988,0.488501129093431,FALSE,334105,0.687759433409524,"2026-07-03"
"Gilbert's Whistler","Pachycephala inornata","u403","Pachycephala inornata",TRUE,FALSE,NA,"Sedentary","local dispersal","Invertivore","Carnivore","Insessorial","understory",3,"LC","not listed","VU","new_england",3780,0,FALSE,NA,NA,NA,NA,NA,NA,NA,NA,NA,NA,FALSE,0,0,TRUE,334105,0.687759433409524,"2026-07-03"
"Gilbert's Whistler","Pachycephala inornata","u403","Pachycephala inornata",TRUE,FALSE,NA,"Sedentary","local dispersal","Invertivore","Carnivore","Insessorial","understory",3,"LC","not listed","VU","south_west",1543,7,FALSE,NA,NA,NA,NA,NA,NA,NA,NA,NA,NA,FALSE,0.0448203976295337,0.326238881999763,FALSE,334105,0.687759433409524,"2026-07-03"
"Regent Honeyeater","Anthochaera phrygia","u603","Anthochaera phrygia",TRUE,FALSE,NA,"Partial migrant","total migrant;nomadic","Omnivore","Herbivore","Insessorial","canopy",5,"CR","CR","CR","statewide",324809,101,TRUE,0.99219059712345,4.85242677432112,180,"29 Jun",1,TRUE,119,224,"29 Apr","12 Aug",FALSE,0.000582582685896897,0.341852548671237,FALSE,334105,0.61220928301713,"2026-07-10"
"Regent Honeyeater","Anthochaera phrygia","u603","Anthochaera phrygia",TRUE,FALSE,NA,"Partial migrant","total migrant;nomadic","Omnivore","Herbivore","Insessorial","canopy",5,"CR","CR","CR","central_west",3966,2,FALSE,NA,NA,NA,NA,NA,NA,NA,NA,NA,NA,FALSE,0.00139401102919077,0.319495280755805,FALSE,334105,0.61220928301713,"2026-07-10"
"Regent Honeyeater","Anthochaera phrygia","u603","Anthochaera phrygia",TRUE,FALSE,NA,"Partial migrant","total migrant;nomadic","Omnivore","Herbivore","Insessorial","canopy",5,"CR","CR","CR","new_england",3779,0,FALSE,NA,NA,NA,NA,NA,NA,NA,NA,NA,NA,FALSE,0.000605425856651358,0.465846122000745,FALSE,334105,0.61220928301713,"2026-07-10"
"Regent Honeyeater","Anthochaera phrygia","u603","Anthochaera phrygia",TRUE,FALSE,NA,"Partial migrant","total migrant;nomadic","Omnivore","Herbivore","Insessorial","canopy",5,"CR","CR","CR","south_west",1551,0,FALSE,NA,NA,NA,NA,NA,NA,NA,NA,NA,NA,FALSE,0,0,TRUE,334105,0.61220928301713,"2026-07-10"
"Scaly-breasted Munia","Lonchura punctulata",NA,NA,FALSE,FALSE,NA,"Sedentary","local dispersal","Granivore","Herbivore","Generalist","ground",4,"LC","not listed","not listed","statewide",324810,300,TRUE,0.000108130265157547,0.000108136111656165,142,"22 May",0,FALSE,NA,NA,NA,NA,FALSE,5.80824962618223e-05,0.310005369792585,FALSE,334105,0.77465562227726,"2026-07-03"
"Scaly-breasted Munia","Lonchura punctulata",NA,NA,FALSE,FALSE,NA,"Sedentary","local dispersal","Granivore","Herbivore","Generalist","ground",4,"LC","not listed","not listed","central_west",3969,0,FALSE,NA,NA,NA,NA,NA,NA,NA,NA,NA,NA,FALSE,0,0,TRUE,334105,0.77465562227726,"2026-07-03"
"Scaly-breasted Munia","Lonchura punctulata",NA,NA,FALSE,FALSE,NA,"Sedentary","local dispersal","Granivore","Herbivore","Generalist","ground",4,"LC","not listed","not listed","new_england",3780,0,FALSE,NA,NA,NA,NA,NA,NA,NA,NA,NA,NA,FALSE,0,0,TRUE,334105,0.77465562227726,"2026-07-03"
"Scaly-breasted Munia","Lonchura punctulata",NA,NA,FALSE,FALSE,NA,"Sedentary","local dispersal","Granivore","Herbivore","Generalist","ground",4,"LC","not listed","not listed","south_west",1546,0,FALSE,NA,NA,NA,NA,NA,NA,NA,NA,NA,NA,FALSE,0,0,TRUE,334105,0.77465562227726,"2026-07-03"
"Olive Whistler","Pachycephala olivacea","u405d;u405e","Pachycephala olivacea macphersoniana;Pachycephala olivacea olivacea",TRUE,TRUE,"multiple_nsw_subspecies","Sedentary","local dispersal;partial migrant","Invertivore","Carnivore","Insessorial","ground",2,"LC","not listed","VU","statewide",324803,417,TRUE,0.499035373232787,0.691219785645004,317,"13 Nov",0.493,FALSE,NA,NA,NA,NA,FALSE,0.00335489614098681,0.249999420842796,FALSE,334105,0.693524518377322,"2026-07-03"
"Olive Whistler","Pachycephala olivacea","u405d;u405e","Pachycephala olivacea macphersoniana;Pachycephala olivacea olivacea",TRUE,TRUE,"multiple_nsw_subspecies","Sedentary","local dispersal;partial migrant","Invertivore","Carnivore","Insessorial","ground",2,"LC","not listed","VU","central_west",3972,0,FALSE,NA,NA,NA,NA,NA,NA,NA,NA,NA,NA,FALSE,0,0,TRUE,334105,0.693524518377322,"2026-07-03"
"Olive Whistler","Pachycephala olivacea","u405d;u405e","Pachycephala olivacea macphersoniana;Pachycephala olivacea olivacea",TRUE,TRUE,"multiple_nsw_subspecies","Sedentary","local dispersal;partial migrant","Invertivore","Carnivore","Insessorial","ground",2,"LC","not listed","VU","new_england",3781,0,FALSE,NA,NA,NA,NA,NA,NA,NA,NA,NA,NA,FALSE,0.00156616050035063,0.279833860398419,FALSE,334105,0.693524518377322,"2026-07-03"
"Olive Whistler","Pachycephala olivacea","u405d;u405e","Pachycephala olivacea macphersoniana;Pachycephala olivacea olivacea",TRUE,TRUE,"multiple_nsw_subspecies","Sedentary","local dispersal;partial migrant","Invertivore","Carnivore","Insessorial","ground",2,"LC","not listed","VU","south_west",1549,0,FALSE,NA,NA,NA,NA,NA,NA,NA,NA,NA,NA,FALSE,0,0,TRUE,334105,0.693524518377322,"2026-07-03"
"Redthroat","Pyrrholaemus brunneus","u497","Pyrrholaemus brunneus",TRUE,FALSE,NA,"Sedentary","local dispersal","Invertivore","Omnivore","Insessorial","ground",2,"LC","not listed","VU","statewide",324811,340,TRUE,2.69963561202458e-05,2.69967205284161e-05,136,"16 May",0,FALSE,NA,NA,NA,NA,FALSE,0.0352699745969246,1.25732123957365,FALSE,334105,0.884929999155262,"2026-07-10"
"Redthroat","Pyrrholaemus brunneus","u497","Pyrrholaemus brunneus",TRUE,FALSE,NA,"Sedentary","local dispersal","Invertivore","Omnivore","Insessorial","ground",2,"LC","not listed","VU","central_west",3970,0,FALSE,NA,NA,NA,NA,NA,NA,NA,NA,NA,NA,FALSE,0,0,TRUE,334105,0.884929999155262,"2026-07-10"
"Redthroat","Pyrrholaemus brunneus","u497","Pyrrholaemus brunneus",TRUE,FALSE,NA,"Sedentary","local dispersal","Invertivore","Omnivore","Insessorial","ground",2,"LC","not listed","VU","new_england",3778,0,FALSE,NA,NA,NA,NA,NA,NA,NA,NA,NA,NA,FALSE,0,0,TRUE,334105,0.884929999155262,"2026-07-10"
"Redthroat","Pyrrholaemus brunneus","u497","Pyrrholaemus brunneus",TRUE,FALSE,NA,"Sedentary","local dispersal","Invertivore","Omnivore","Insessorial","ground",2,"LC","not listed","VU","south_west",1546,14,FALSE,NA,NA,NA,NA,NA,NA,NA,NA,NA,NA,FALSE,0.0481302648403629,4.62447332832417,FALSE,334105,0.884929999155262,"2026-07-10"
"Bourke's Parrot","Neopsephotus bourkii","u304","Neopsephotus bourkii",TRUE,FALSE,NA,"Sedentary","local dispersal","Granivore","Herbivore","Terrestrial","ground",1,"LC","not listed","not listed","statewide",324797,355,TRUE,0.000228579734227297,0.000228605862556464,123,"03 May",0,FALSE,NA,NA,NA,NA,FALSE,0.0369178854612369,0.180893598145261,FALSE,334105,0.911532120146627,"2026-07-03"
"Bourke's Parrot","Neopsephotus bourkii","u304","Neopsephotus bourkii",TRUE,FALSE,NA,"Sedentary","local dispersal","Granivore","Herbivore","Terrestrial","ground",1,"LC","not listed","not listed","central_west",3969,0,FALSE,NA,NA,NA,NA,NA,NA,NA,NA,NA,NA,FALSE,0,0,TRUE,334105,0.911532120146627,"2026-07-03"
"Bourke's Parrot","Neopsephotus bourkii","u304","Neopsephotus bourkii",TRUE,FALSE,NA,"Sedentary","local dispersal","Granivore","Herbivore","Terrestrial","ground",1,"LC","not listed","not listed","new_england",3779,0,FALSE,NA,NA,NA,NA,NA,NA,NA,NA,NA,NA,FALSE,0,0,TRUE,334105,0.911532120146627,"2026-07-03"
"Bourke's Parrot","Neopsephotus bourkii","u304","Neopsephotus bourkii",TRUE,FALSE,NA,"Sedentary","local dispersal","Granivore","Herbivore","Terrestrial","ground",1,"LC","not listed","not listed","south_west",1560,0,FALSE,NA,NA,NA,NA,NA,NA,NA,NA,NA,NA,FALSE,0,0,TRUE,334105,0.911532120146627,"2026-07-03"
"Chestnut Quail-thrush","Cinclosoma castanotum","u437a","Cinclosoma castanotum castanotum",TRUE,FALSE,NA,"Sedentary","local dispersal","Invertivore","Carnivore","Terrestrial","ground",4,"LC","not listed","VU","statewide",324814,757,TRUE,0.115620708523743,0.12286924560965,157,"06 Jun",0,FALSE,NA,NA,NA,NA,FALSE,0.0233401948247537,0.683618184162248,FALSE,334105,0.818142044687856,"2026-07-03"
"Chestnut Quail-thrush","Cinclosoma castanotum","u437a","Cinclosoma castanotum castanotum",TRUE,FALSE,NA,"Sedentary","local dispersal","Invertivore","Carnivore","Terrestrial","ground",4,"LC","not listed","VU","central_west",3964,0,FALSE,NA,NA,NA,NA,NA,NA,NA,NA,NA,NA,FALSE,8.40729716100034e-10,2.77138801615211,FALSE,334105,0.818142044687856,"2026-07-03"
"Chestnut Quail-thrush","Cinclosoma castanotum","u437a","Cinclosoma castanotum castanotum",TRUE,FALSE,NA,"Sedentary","local dispersal","Invertivore","Carnivore","Terrestrial","ground",4,"LC","not listed","VU","new_england",3779,0,FALSE,NA,NA,NA,NA,NA,NA,NA,NA,NA,NA,FALSE,0,0,TRUE,334105,0.818142044687856,"2026-07-03"
"Chestnut Quail-thrush","Cinclosoma castanotum","u437a","Cinclosoma castanotum castanotum",TRUE,FALSE,NA,"Sedentary","local dispersal","Invertivore","Carnivore","Terrestrial","ground",4,"LC","not listed","VU","south_west",1548,6,FALSE,NA,NA,NA,NA,NA,NA,NA,NA,NA,NA,FALSE,0.161163915072242,0.441685107656204,FALSE,334105,0.818142044687856,"2026-07-03"
"Australasian Bittern","Botaurus poiciloptilus","u197","Botaurus poiciloptilus",TRUE,FALSE,NA,"Partial migrant","local dispersal;nomadic","Omnivore","Carnivore","Terrestrial","around-water",2,"VU","EN","EN","statewide",324812,187,TRUE,0.476219059708989,0.646681734949311,279,"06 Oct",0.365,FALSE,NA,NA,NA,NA,FALSE,0.00247673799232141,0.288249636622133,FALSE,334105,0.496912013176305,"2026-07-10"
"Australasian Bittern","Botaurus poiciloptilus","u197","Botaurus poiciloptilus",TRUE,FALSE,NA,"Partial migrant","local dispersal;nomadic","Omnivore","Carnivore","Terrestrial","around-water",2,"VU","EN","EN","central_west",3969,0,FALSE,NA,NA,NA,NA,NA,NA,NA,NA,NA,NA,FALSE,0,0,TRUE,334105,0.496912013176305,"2026-07-10"
"Australasian Bittern","Botaurus poiciloptilus","u197","Botaurus poiciloptilus",TRUE,FALSE,NA,"Partial migrant","local dispersal;nomadic","Omnivore","Carnivore","Terrestrial","around-water",2,"VU","EN","EN","new_england",3777,0,FALSE,NA,NA,NA,NA,NA,NA,NA,NA,NA,NA,FALSE,0,0,TRUE,334105,0.496912013176305,"2026-07-10"
"Australasian Bittern","Botaurus poiciloptilus","u197","Botaurus poiciloptilus",TRUE,FALSE,NA,"Partial migrant","local dispersal;nomadic","Omnivore","Carnivore","Terrestrial","around-water",2,"VU","EN","EN","south_west",1547,1,FALSE,NA,NA,NA,NA,NA,NA,NA,NA,NA,NA,FALSE,0.0153984157038418,0.302136100295456,FALSE,334105,0.496912013176305,"2026-07-10"
"Black-backed Bittern","Botaurus dubius","u195","Ixobrychus dubius",TRUE,FALSE,NA,"Migratory",NA,"Aquatic predator","Carnivore","Terrestrial",NA,5,"LC",NA,NA,"statewide",324793,164,TRUE,0.954220345438831,3.08391551011377,345,"11 Dec",1,TRUE,285,55,"12 Oct","24 Feb",TRUE,0.00268388528741587,0.508504379183192,FALSE,334105,0.433353348891156,"2026-07-03"
"Black-backed Bittern","Botaurus dubius","u195","Ixobrychus dubius",TRUE,FALSE,NA,"Migratory",NA,"Aquatic predator","Carnivore","Terrestrial",NA,5,"LC",NA,NA,"central_west",3970,0,FALSE,NA,NA,NA,NA,NA,NA,NA,NA,NA,NA,FALSE,0.000644647331294325,0.475415525351574,FALSE,334105,0.433353348891156,"2026-07-03"
"Black-backed Bittern","Botaurus dubius","u195","Ixobrychus dubius",TRUE,FALSE,NA,"Migratory",NA,"Aquatic predator","Carnivore","Terrestrial",NA,5,"LC",NA,NA,"new_england",3782,4,FALSE,NA,NA,NA,NA,NA,NA,NA,NA,NA,NA,FALSE,0.000354931464974385,0.388115304096735,FALSE,334105,0.433353348891156,"2026-07-03"
"Black-backed Bittern","Botaurus dubius","u195","Ixobrychus dubius",TRUE,FALSE,NA,"Migratory",NA,"Aquatic predator","Carnivore","Terrestrial",NA,5,"LC",NA,NA,"south_west",1560,0,FALSE,NA,NA,NA,NA,NA,NA,NA,NA,NA,NA,FALSE,0.00460598766723307,0.445580739459604,FALSE,334105,0.433353348891156,"2026-07-03"
"Shy Heathwren","Hylacola cauta","u499a;u499c","Calamanthus cautus cautus;Calamanthus cautus macrorhynchus",TRUE,TRUE,"multiple_nsw_subspecies","Sedentary","local dispersal","Invertivore","Carnivore","Terrestrial","ground",1,"LC","not listed","VU","statewide",324806,792,TRUE,0.000723416005318889,0.000723677796941047,314,"10 Nov",0,FALSE,NA,NA,NA,NA,FALSE,0.00430883629598925,0.372170569761992,FALSE,334105,0.812808325256083,"2026-07-03"
"Shy Heathwren","Hylacola cauta","u499a;u499c","Calamanthus cautus cautus;Calamanthus cautus macrorhynchus",TRUE,TRUE,"multiple_nsw_subspecies","Sedentary","local dispersal","Invertivore","Carnivore","Terrestrial","ground",1,"LC","not listed","VU","central_west",3972,0,FALSE,NA,NA,NA,NA,NA,NA,NA,NA,NA,NA,FALSE,0,0,TRUE,334105,0.812808325256083,"2026-07-03"
"Shy Heathwren","Hylacola cauta","u499a;u499c","Calamanthus cautus cautus;Calamanthus cautus macrorhynchus",TRUE,TRUE,"multiple_nsw_subspecies","Sedentary","local dispersal","Invertivore","Carnivore","Terrestrial","ground",1,"LC","not listed","VU","new_england",3776,0,FALSE,NA,NA,NA,NA,NA,NA,NA,NA,NA,NA,FALSE,0,0,TRUE,334105,0.812808325256083,"2026-07-03"
"Shy Heathwren","Hylacola cauta","u499a;u499c","Calamanthus cautus cautus;Calamanthus cautus macrorhynchus",TRUE,TRUE,"multiple_nsw_subspecies","Sedentary","local dispersal","Invertivore","Carnivore","Terrestrial","ground",1,"LC","not listed","VU","south_west",1551,0,FALSE,NA,NA,NA,NA,NA,NA,NA,NA,NA,NA,FALSE,0.0250990573066028,0.262591996767338,FALSE,334105,0.812808325256083,"2026-07-03"
"Brown Noddy","Anous stolidus","u122","Anous stolidus pileatus",TRUE,FALSE,NA,"Partial migrant","total migrant","Aquatic predator","Carnivore","Aerial","pelagic",2,"LC","not listed","not listed","statewide",324809,68,TRUE,0.9999879545609,11.326824467571,83,"24 Mar",1,TRUE,31,138,"31 Jan","18 May",FALSE,7.12306014055452e-06,0.410117274006972,FALSE,334105,0.996519218800252,"2026-07-03"
"Brown Noddy","Anous stolidus","u122","Anous stolidus pileatus",TRUE,FALSE,NA,"Partial migrant","total migrant","Aquatic predator","Carnivore","Aerial","pelagic",2,"LC","not listed","not listed","central_west",3967,0,FALSE,NA,NA,NA,NA,NA,NA,NA,NA,NA,NA,FALSE,0,0,TRUE,334105,0.996519218800252,"2026-07-03"
"Brown Noddy","Anous stolidus","u122","Anous stolidus pileatus",TRUE,FALSE,NA,"Partial migrant","total migrant","Aquatic predator","Carnivore","Aerial","pelagic",2,"LC","not listed","not listed","new_england",3781,0,FALSE,NA,NA,NA,NA,NA,NA,NA,NA,NA,NA,FALSE,0,0,TRUE,334105,0.996519218800252,"2026-07-03"
"Brown Noddy","Anous stolidus","u122","Anous stolidus pileatus",TRUE,FALSE,NA,"Partial migrant","total migrant","Aquatic predator","Carnivore","Aerial","pelagic",2,"LC","not listed","not listed","south_west",1548,0,FALSE,NA,NA,NA,NA,NA,NA,NA,NA,NA,NA,FALSE,0,0,TRUE,334105,0.996519218800252,"2026-07-03"
"Albert's Lyrebird","Menura alberti","u351","Menura alberti",TRUE,FALSE,NA,"Sedentary","local dispersal","Invertivore","Carnivore","Terrestrial","ground",1,"LC","not listed","VU","statewide",324799,837,TRUE,0.714045752335236,1.25192345415949,178,"27 Jun",1,TRUE,113,247,"23 Apr","04 Sep",FALSE,0.002056822545884,1.04350761330393,FALSE,334105,0.799432675548233,"2026-07-03"
"Albert's Lyrebird","Menura alberti","u351","Menura alberti",TRUE,FALSE,NA,"Sedentary","local dispersal","Invertivore","Carnivore","Terrestrial","ground",1,"LC","not listed","VU","central_west",3966,0,FALSE,NA,NA,NA,NA,NA,NA,NA,NA,NA,NA,FALSE,0,0,TRUE,334105,0.799432675548233,"2026-07-03"
"Albert's Lyrebird","Menura alberti","u351","Menura alberti",TRUE,FALSE,NA,"Sedentary","local dispersal","Invertivore","Carnivore","Terrestrial","ground",1,"LC","not listed","VU","new_england",3779,0,FALSE,NA,NA,NA,NA,NA,NA,NA,NA,NA,NA,FALSE,0,0,TRUE,334105,0.799432675548233,"2026-07-03"
"Albert's Lyrebird","Menura alberti","u351","Menura alberti",TRUE,FALSE,NA,"Sedentary","local dispersal","Invertivore","Carnivore","Terrestrial","ground",1,"LC","not listed","VU","south_west",1561,0,FALSE,NA,NA,NA,NA,NA,NA,NA,NA,NA,NA,FALSE,0,0,TRUE,334105,0.799432675548233,"2026-07-03"
"Blue-breasted Quail","Synoicus chinensis","u12b","Synoicus chinensis victoriae",TRUE,FALSE,NA,"Sedentary","local dispersal","Omnivore","Herbivore","Terrestrial",NA,4,"LC","not listed","not listed","statewide",324804,233,TRUE,8.53788364336694e-05,8.5382481413987e-05,267,"24 Sep",0,FALSE,NA,NA,NA,NA,FALSE,0.00233976066577484,0.657759228522023,FALSE,334105,0.720441545452453,"2026-07-03"
"Blue-breasted Quail","Synoicus chinensis","u12b","Synoicus chinensis victoriae",TRUE,FALSE,NA,"Sedentary","local dispersal","Omnivore","Herbivore","Terrestrial",NA,4,"LC","not listed","not listed","central_west",3966,0,FALSE,NA,NA,NA,NA,NA,NA,NA,NA,NA,NA,FALSE,0.000156515949789557,0.561516443624788,FALSE,334105,0.720441545452453,"2026-07-03"
"Blue-breasted Quail","Synoicus chinensis","u12b","Synoicus chinensis victoriae",TRUE,FALSE,NA,"Sedentary","local dispersal","Omnivore","Herbivore","Terrestrial",NA,4,"LC","not listed","not listed","new_england",3780,2,FALSE,NA,NA,NA,NA,NA,NA,NA,NA,NA,NA,FALSE,0.000345756963843599,1.0215732309283,FALSE,334105,0.720441545452453,"2026-07-03"
"Blue-breasted Quail","Synoicus chinensis","u12b","Synoicus chinensis victoriae",TRUE,FALSE,NA,"Sedentary","local dispersal","Omnivore","Herbivore","Terrestrial",NA,4,"LC","not listed","not listed","south_west",1555,0,FALSE,NA,NA,NA,NA,NA,NA,NA,NA,NA,NA,FALSE,0,0,TRUE,334105,0.720441545452453,"2026-07-03"
"Australian Pratincole","Glareola isabella","u173","Stiltia isabella",TRUE,FALSE,NA,"Partial migrant","total migrant","Invertivore","Carnivore","Terrestrial","aerial",5,"LC","not listed","not listed","statewide",324805,261,TRUE,0.997944669018237,6.18731838231785,343,"09 Dec",1,TRUE,278,28,"05 Oct","28 Jan",TRUE,0.545527637833129,0.657092383719307,FALSE,334105,0.902252236928732,"2026-07-03"
"Australian Pratincole","Glareola isabella","u173","Stiltia isabella",TRUE,FALSE,NA,"Partial migrant","total migrant","Invertivore","Carnivore","Terrestrial","aerial",5,"LC","not listed","not listed","central_west",3969,0,FALSE,NA,NA,NA,NA,NA,NA,NA,NA,NA,NA,FALSE,0,0,TRUE,334105,0.902252236928732,"2026-07-03"
"Australian Pratincole","Glareola isabella","u173","Stiltia isabella",TRUE,FALSE,NA,"Partial migrant","total migrant","Invertivore","Carnivore","Terrestrial","aerial",5,"LC","not listed","not listed","new_england",3779,0,FALSE,NA,NA,NA,NA,NA,NA,NA,NA,NA,NA,FALSE,8.3133255325637e-06,4.72413162492138,FALSE,334105,0.902252236928732,"2026-07-03"
"Australian Pratincole","Glareola isabella","u173","Stiltia isabella",TRUE,FALSE,NA,"Partial migrant","total migrant","Invertivore","Carnivore","Terrestrial","aerial",5,"LC","not listed","not listed","south_west",1552,15,FALSE,NA,NA,NA,NA,NA,NA,NA,NA,NA,NA,FALSE,0.248391710737695,0.423931410139079,FALSE,334105,0.902252236928732,"2026-07-03"
"Southern Scrub-Robin","Drymodes brunneopygia","u441","Drymodes brunneopygia",TRUE,FALSE,NA,"Sedentary","local dispersal","Invertivore","Carnivore","Generalist","ground",2,"LC","not listed","VU","statewide",324812,497,TRUE,0.000114703925080284,0.00011471050407863,118,"28 Apr",0,FALSE,NA,NA,NA,NA,FALSE,0.00629240164391794,0.365097401230118,FALSE,334105,0.795558856140259,"2026-07-03"
"Southern Scrub-Robin","Drymodes brunneopygia","u441","Drymodes brunneopygia",TRUE,FALSE,NA,"Sedentary","local dispersal","Invertivore","Carnivore","Generalist","ground",2,"LC","not listed","VU","central_west",3963,0,FALSE,NA,NA,NA,NA,NA,NA,NA,NA,NA,NA,FALSE,0,0,TRUE,334105,0.795558856140259,"2026-07-03"
"Southern Scrub-Robin","Drymodes brunneopygia","u441","Drymodes brunneopygia",TRUE,FALSE,NA,"Sedentary","local dispersal","Invertivore","Carnivore","Generalist","ground",2,"LC","not listed","VU","new_england",3779,0,FALSE,NA,NA,NA,NA,NA,NA,NA,NA,NA,NA,FALSE,0,0,TRUE,334105,0.795558856140259,"2026-07-03"
"Southern Scrub-Robin","Drymodes brunneopygia","u441","Drymodes brunneopygia",TRUE,FALSE,NA,"Sedentary","local dispersal","Invertivore","Carnivore","Generalist","ground",2,"LC","not listed","VU","south_west",1551,2,FALSE,NA,NA,NA,NA,NA,NA,NA,NA,NA,NA,FALSE,0.020232267764722,0.474942515448978,FALSE,334105,0.795558856140259,"2026-07-03"
"Pale-vented Bush-hen","Amaurornis moluccana","u53","Amaurornis moluccana ruficrissa",TRUE,FALSE,NA,"Sedentary","local dispersal;nomadic","Omnivore","Carnivore","Terrestrial","ground",7,"LC","not listed","VU","statewide",324802,581,TRUE,0.785059623894891,1.53739460975625,16,"16 Jan",1,TRUE,288,91,"15 Oct","01 Apr",TRUE,0.000850244197384129,0.630238441646001,FALSE,334105,0.585125088365772,"2026-07-03"
"Pale-vented Bush-hen","Amaurornis moluccana","u53","Amaurornis moluccana ruficrissa",TRUE,FALSE,NA,"Sedentary","local dispersal;nomadic","Omnivore","Carnivore","Terrestrial","ground",7,"LC","not listed","VU","central_west",3972,0,FALSE,NA,NA,NA,NA,NA,NA,NA,NA,NA,NA,FALSE,0,0,TRUE,334105,0.585125088365772,"2026-07-03"
"Pale-vented Bush-hen","Amaurornis moluccana","u53","Amaurornis moluccana ruficrissa",TRUE,FALSE,NA,"Sedentary","local dispersal;nomadic","Omnivore","Carnivore","Terrestrial","ground",7,"LC","not listed","VU","new_england",3780,0,FALSE,NA,NA,NA,NA,NA,NA,NA,NA,NA,NA,FALSE,1.86861791096643e-05,1.3956283917443,FALSE,334105,0.585125088365772,"2026-07-03"
"Pale-vented Bush-hen","Amaurornis moluccana","u53","Amaurornis moluccana ruficrissa",TRUE,FALSE,NA,"Sedentary","local dispersal;nomadic","Omnivore","Carnivore","Terrestrial","ground",7,"LC","not listed","VU","south_west",1551,0,FALSE,NA,NA,NA,NA,NA,NA,NA,NA,NA,NA,FALSE,0,0,TRUE,334105,0.585125088365772,"2026-07-03"
"Barking Owl","Ninox connivens","u246b","Ninox connivens connivens",TRUE,FALSE,NA,"Sedentary","local dispersal","Vertivore","Carnivore","Insessorial","ground",4,"LC","not listed","VU","statewide",324805,261,TRUE,0.000341635174170074,0.000341693544760879,364,"30 Dec",0,FALSE,NA,NA,NA,NA,FALSE,0.0144095604093287,0.431226995884271,FALSE,334105,0.464176904591902,"2026-07-03"
"Barking Owl","Ninox connivens","u246b","Ninox connivens connivens",TRUE,FALSE,NA,"Sedentary","local dispersal","Vertivore","Carnivore","Insessorial","ground",4,"LC","not listed","VU","central_west",3970,8,FALSE,NA,NA,NA,NA,NA,NA,NA,NA,NA,NA,FALSE,0.0230043093716677,0.365515096106042,FALSE,334105,0.464176904591902,"2026-07-03"
"Barking Owl","Ninox connivens","u246b","Ninox connivens connivens",TRUE,FALSE,NA,"Sedentary","local dispersal","Vertivore","Carnivore","Insessorial","ground",4,"LC","not listed","VU","new_england",3779,15,FALSE,NA,NA,NA,NA,NA,NA,NA,NA,NA,NA,FALSE,0.0335998566769724,0.356499544308469,FALSE,334105,0.464176904591902,"2026-07-03"
"Barking Owl","Ninox connivens","u246b","Ninox connivens connivens",TRUE,FALSE,NA,"Sedentary","local dispersal","Vertivore","Carnivore","Insessorial","ground",4,"LC","not listed","VU","south_west",1551,0,FALSE,NA,NA,NA,NA,NA,NA,NA,NA,NA,NA,FALSE,0.0124785529802851,0.557651431077651,FALSE,334105,0.464176904591902,"2026-07-03"
"Common Sandpiper","Actitis hypoleucos","u157","Actitis hypoleucos",TRUE,FALSE,NA,"Migratory","total migrant","Aquatic predator","Carnivore","Terrestrial","around-water",5,"LC","not listed","not listed","statewide",324806,175,TRUE,0.884508617604093,2.1585593630947,338,"04 Dec",1,TRUE,269,68,"26 Sep","09 Mar",TRUE,7.10561829504772e-06,0.224906078663217,FALSE,334105,0.229341210770601,"2026-07-03"
"Common Sandpiper","Actitis hypoleucos","u157","Actitis hypoleucos",TRUE,FALSE,NA,"Migratory","total migrant","Aquatic predator","Carnivore","Terrestrial","around-water",5,"LC","not listed","not listed","central_west",3969,1,FALSE,NA,NA,NA,NA,NA,NA,NA,NA,NA,NA,FALSE,0,0,TRUE,334105,0.229341210770601,"2026-07-03"
"Common Sandpiper","Actitis hypoleucos","u157","Actitis hypoleucos",TRUE,FALSE,NA,"Migratory","total migrant","Aquatic predator","Carnivore","Terrestrial","around-water",5,"LC","not listed","not listed","new_england",3783,1,FALSE,NA,NA,NA,NA,NA,NA,NA,NA,NA,NA,FALSE,0,0,TRUE,334105,0.229341210770601,"2026-07-03"
"Common Sandpiper","Actitis hypoleucos","u157","Actitis hypoleucos",TRUE,FALSE,NA,"Migratory","total migrant","Aquatic predator","Carnivore","Terrestrial","around-water",5,"LC","not listed","not listed","south_west",1547,0,FALSE,NA,NA,NA,NA,NA,NA,NA,NA,NA,NA,FALSE,0,0,TRUE,334105,0.229341210770601,"2026-07-03"
"White-browed Treecreeper","Climacteris affinis","u561b","Climacteris affinis superciliosus",TRUE,FALSE,NA,"Sedentary","local dispersal","Invertivore","Carnivore","Insessorial","mid-high",4,"LC","not listed","EN (population)","statewide",324792,562,TRUE,0.000183259659194301,0.00018327645329741,191,"10 Jul",0,FALSE,NA,NA,NA,NA,FALSE,0.0391593359164739,0.394424293874638,FALSE,334105,0.769713786650083,"2026-07-03"
"White-browed Treecreeper","Climacteris affinis","u561b","Climacteris affinis superciliosus",TRUE,FALSE,NA,"Sedentary","local dispersal","Invertivore","Carnivore","Insessorial","mid-high",4,"LC","not listed","EN (population)","central_west",3972,0,FALSE,NA,NA,NA,NA,NA,NA,NA,NA,NA,NA,FALSE,0,0,TRUE,334105,0.769713786650083,"2026-07-03"
"White-browed Treecreeper","Climacteris affinis","u561b","Climacteris affinis superciliosus",TRUE,FALSE,NA,"Sedentary","local dispersal","Invertivore","Carnivore","Insessorial","mid-high",4,"LC","not listed","EN (population)","new_england",3781,0,FALSE,NA,NA,NA,NA,NA,NA,NA,NA,NA,NA,FALSE,0,0,TRUE,334105,0.769713786650083,"2026-07-03"
"White-browed Treecreeper","Climacteris affinis","u561b","Climacteris affinis superciliosus",TRUE,FALSE,NA,"Sedentary","local dispersal","Invertivore","Carnivore","Insessorial","mid-high",4,"LC","not listed","EN (population)","south_west",1560,8,FALSE,NA,NA,NA,NA,NA,NA,NA,NA,NA,NA,FALSE,0.0422887256793568,0.417571049990723,FALSE,334105,0.769713786650083,"2026-07-03"
"Pomarine Jaeger","Stercorarius pomarinus","u945","Stercorarius pomarinus",TRUE,FALSE,NA,"Migratory","total migrant","Aquatic predator","Carnivore","Aerial","pelagic",3,"LC","not listed","not listed","statewide",324812,80,TRUE,0.998718316126938,6.65958053976647,340,"06 Dec",1,TRUE,340,340,"06 Dec","06 Dec",FALSE,2.3425603163111e-05,0.487568966453587,FALSE,334105,0.713298051979665,"2026-07-03"
"Pomarine Jaeger","Stercorarius pomarinus","u945","Stercorarius pomarinus",TRUE,FALSE,NA,"Migratory","total migrant","Aquatic predator","Carnivore","Aerial","pelagic",3,"LC","not listed","not listed","central_west",3966,0,FALSE,NA,NA,NA,NA,NA,NA,NA,NA,NA,NA,FALSE,0,0,TRUE,334105,0.713298051979665,"2026-07-03"
"Pomarine Jaeger","Stercorarius pomarinus","u945","Stercorarius pomarinus",TRUE,FALSE,NA,"Migratory","total migrant","Aquatic predator","Carnivore","Aerial","pelagic",3,"LC","not listed","not listed","new_england",3784,0,FALSE,NA,NA,NA,NA,NA,NA,NA,NA,NA,NA,FALSE,0,0,TRUE,334105,0.713298051979665,"2026-07-03"
"Pomarine Jaeger","Stercorarius pomarinus","u945","Stercorarius pomarinus",TRUE,FALSE,NA,"Migratory","total migrant","Aquatic predator","Carnivore","Aerial","pelagic",3,"LC","not listed","not listed","south_west",1543,0,FALSE,NA,NA,NA,NA,NA,NA,NA,NA,NA,NA,FALSE,0,0,TRUE,334105,0.713298051979665,"2026-07-03"
"Black Bittern","Botaurus flavicollis","u196a","Ixobrychus flavicollis australis",TRUE,FALSE,NA,"Sedentary","local dispersal;nomadic","Aquatic predator","Carnivore","Terrestrial","around-water",4,"LC","not listed","VU","statewide",324800,150,TRUE,0.348354390133468,0.428254407978102,33,"02 Feb",0.037,FALSE,NA,NA,NA,NA,FALSE,4.05426309192379e-05,0.878648240963764,FALSE,334105,0.299188356666354,"2026-07-03"
"Black Bittern","Botaurus flavicollis","u196a","Ixobrychus flavicollis australis",TRUE,FALSE,NA,"Sedentary","local dispersal;nomadic","Aquatic predator","Carnivore","Terrestrial","around-water",4,"LC","not listed","VU","central_west",3967,0,FALSE,NA,NA,NA,NA,NA,NA,NA,NA,NA,NA,FALSE,0,0,TRUE,334105,0.299188356666354,"2026-07-03"
"Black Bittern","Botaurus flavicollis","u196a","Ixobrychus flavicollis australis",TRUE,FALSE,NA,"Sedentary","local dispersal;nomadic","Aquatic predator","Carnivore","Terrestrial","around-water",4,"LC","not listed","VU","new_england",3782,0,FALSE,NA,NA,NA,NA,NA,NA,NA,NA,NA,NA,FALSE,2.22674678091243e-07,2.47972068887785,FALSE,334105,0.299188356666354,"2026-07-03"
"Black Bittern","Botaurus flavicollis","u196a","Ixobrychus flavicollis australis",TRUE,FALSE,NA,"Sedentary","local dispersal;nomadic","Aquatic predator","Carnivore","Terrestrial","around-water",4,"LC","not listed","VU","south_west",1556,0,FALSE,NA,NA,NA,NA,NA,NA,NA,NA,NA,NA,FALSE,0,0,TRUE,334105,0.299188356666354,"2026-07-03"
"Black-bellied Plover","Pluvialis squatarola",NA,NA,FALSE,FALSE,NA,"Migratory","total migrant","Aquatic predator","Carnivore","Terrestrial","ground",4,"VU","not listed","not listed","statewide",324806,70,TRUE,0.00218717817966219,0.00218957354722482,39,"08 Feb",0,FALSE,NA,NA,NA,NA,FALSE,1.13509951477268e-06,0.433394780147423,FALSE,334105,0.998314156334245,"2026-07-10"
"Black-bellied Plover","Pluvialis squatarola",NA,NA,FALSE,FALSE,NA,"Migratory","total migrant","Aquatic predator","Carnivore","Terrestrial","ground",4,"VU","not listed","not listed","central_west",3970,0,FALSE,NA,NA,NA,NA,NA,NA,NA,NA,NA,NA,FALSE,0,0,TRUE,334105,0.998314156334245,"2026-07-10"
"Black-bellied Plover","Pluvialis squatarola",NA,NA,FALSE,FALSE,NA,"Migratory","total migrant","Aquatic predator","Carnivore","Terrestrial","ground",4,"VU","not listed","not listed","new_england",3779,0,FALSE,NA,NA,NA,NA,NA,NA,NA,NA,NA,NA,FALSE,0,0,TRUE,334105,0.998314156334245,"2026-07-10"
"Black-bellied Plover","Pluvialis squatarola",NA,NA,FALSE,FALSE,NA,"Migratory","total migrant","Aquatic predator","Carnivore","Terrestrial","ground",4,"VU","not listed","not listed","south_west",1550,0,FALSE,NA,NA,NA,NA,NA,NA,NA,NA,NA,NA,FALSE,0,0,TRUE,334105,0.998314156334245,"2026-07-10"
"Australian Painted-Snipe","Rostratula australis","u170","Rostratula australis",TRUE,FALSE,NA,"Partial migrant","nomadic","Aquatic predator","Omnivore","Terrestrial","around-water",2,"EN","EN","EN","statewide",324813,72,TRUE,0.966123314874857,3.38502825562784,10,"10 Jan",1,TRUE,296,69,"23 Oct","10 Mar",TRUE,0.00229564584409853,0.351465321093052,FALSE,334105,0.591449794523578,"2026-07-10"
"Australian Painted-Snipe","Rostratula australis","u170","Rostratula australis",TRUE,FALSE,NA,"Partial migrant","nomadic","Aquatic predator","Omnivore","Terrestrial","around-water",2,"EN","EN","EN","central_west",3966,0,FALSE,NA,NA,NA,NA,NA,NA,NA,NA,NA,NA,FALSE,0.00105761187583292,0.338172688357975,FALSE,334105,0.591449794523578,"2026-07-10"
"Australian Painted-Snipe","Rostratula australis","u170","Rostratula australis",TRUE,FALSE,NA,"Partial migrant","nomadic","Aquatic predator","Omnivore","Terrestrial","around-water",2,"EN","EN","EN","new_england",3779,2,FALSE,NA,NA,NA,NA,NA,NA,NA,NA,NA,NA,FALSE,0.000425300524100048,0.422582658202295,FALSE,334105,0.591449794523578,"2026-07-10"
"Australian Painted-Snipe","Rostratula australis","u170","Rostratula australis",TRUE,FALSE,NA,"Partial migrant","nomadic","Aquatic predator","Omnivore","Terrestrial","around-water",2,"EN","EN","EN","south_west",1547,1,FALSE,NA,NA,NA,NA,NA,NA,NA,NA,NA,NA,FALSE,0.00204969208148387,0.313015776845549,FALSE,334105,0.591449794523578,"2026-07-10"
"White-winged Tern","Chlidonias leucopterus","u109","Chlidonias leucopterus",TRUE,FALSE,NA,"Migratory","total migrant","Aquatic predator","Carnivore","Aerial","around-water",6,"LC","not listed","not listed","statewide",324798,71,TRUE,0.700073933921787,1.2042192811048,41,"10 Feb",0.952,TRUE,322,121,"18 Nov","01 May",TRUE,2.87030142601211e-07,0.463454823568463,FALSE,334105,0.653549045402499,"2026-07-03"
"White-winged Tern","Chlidonias leucopterus","u109","Chlidonias leucopterus",TRUE,FALSE,NA,"Migratory","total migrant","Aquatic predator","Carnivore","Aerial","around-water",6,"LC","not listed","not listed","central_west",3969,0,FALSE,NA,NA,NA,NA,NA,NA,NA,NA,NA,NA,FALSE,0,0,TRUE,334105,0.653549045402499,"2026-07-03"
"White-winged Tern","Chlidonias leucopterus","u109","Chlidonias leucopterus",TRUE,FALSE,NA,"Migratory","total migrant","Aquatic predator","Carnivore","Aerial","around-water",6,"LC","not listed","not listed","new_england",3782,0,FALSE,NA,NA,NA,NA,NA,NA,NA,NA,NA,NA,FALSE,0,0,TRUE,334105,0.653549045402499,"2026-07-03"
"White-winged Tern","Chlidonias leucopterus","u109","Chlidonias leucopterus",TRUE,FALSE,NA,"Migratory","total migrant","Aquatic predator","Carnivore","Aerial","around-water",6,"LC","not listed","not listed","south_west",1556,1,FALSE,NA,NA,NA,NA,NA,NA,NA,NA,NA,NA,FALSE,0,0,TRUE,334105,0.653549045402499,"2026-07-03"
"Gray-fronted Honeyeater","Ptilotula plumula","u623a","Ptilotula plumula graingeri",TRUE,FALSE,NA,"Sedentary",NA,"Omnivore","Herbivore","Insessorial",NA,4,"LC",NA,NA,"statewide",324800,211,TRUE,5.0444013750317e-05,5.04452860923266e-05,360,"26 Dec",0,FALSE,NA,NA,NA,NA,FALSE,0.0103262615610143,0.752140907777072,FALSE,334105,0.868880743789816,"2026-07-03"
"Gray-fronted Honeyeater","Ptilotula plumula","u623a","Ptilotula plumula graingeri",TRUE,FALSE,NA,"Sedentary",NA,"Omnivore","Herbivore","Insessorial",NA,4,"LC",NA,NA,"central_west",3968,0,FALSE,NA,NA,NA,NA,NA,NA,NA,NA,NA,NA,FALSE,9.78864368056517e-05,0.963093678772413,FALSE,334105,0.868880743789816,"2026-07-03"
"Gray-fronted Honeyeater","Ptilotula plumula","u623a","Ptilotula plumula graingeri",TRUE,FALSE,NA,"Sedentary",NA,"Omnivore","Herbivore","Insessorial",NA,4,"LC",NA,NA,"new_england",3781,0,FALSE,NA,NA,NA,NA,NA,NA,NA,NA,NA,NA,FALSE,0,0,TRUE,334105,0.868880743789816,"2026-07-03"
"Gray-fronted Honeyeater","Ptilotula plumula","u623a","Ptilotula plumula graingeri",TRUE,FALSE,NA,"Sedentary",NA,"Omnivore","Herbivore","Insessorial",NA,4,"LC",NA,NA,"south_west",1556,0,FALSE,NA,NA,NA,NA,NA,NA,NA,NA,NA,NA,FALSE,0.0013496291972386,0.465603057474028,FALSE,334105,0.868880743789816,"2026-07-03"
"Terek Sandpiper","Xenus cinereus","u160","Xenus cinereus",TRUE,FALSE,NA,"Migratory","total migrant","Aquatic predator","Carnivore","Terrestrial","around-water",6,"LC","not listed","VU","statewide",324810,312,TRUE,0.990424685649089,4.64856691407195,363,"29 Dec",1,TRUE,288,112,"15 Oct","22 Apr",TRUE,6.08126018249438e-06,0.509242345188663,FALSE,334105,0.942330790718132,"2026-07-03"
"Terek Sandpiper","Xenus cinereus","u160","Xenus cinereus",TRUE,FALSE,NA,"Migratory","total migrant","Aquatic predator","Carnivore","Terrestrial","around-water",6,"LC","not listed","VU","central_west",3968,0,FALSE,NA,NA,NA,NA,NA,NA,NA,NA,NA,NA,FALSE,0,0,TRUE,334105,0.942330790718132,"2026-07-03"
"Terek Sandpiper","Xenus cinereus","u160","Xenus cinereus",TRUE,FALSE,NA,"Migratory","total migrant","Aquatic predator","Carnivore","Terrestrial","around-water",6,"LC","not listed","VU","new_england",3778,0,FALSE,NA,NA,NA,NA,NA,NA,NA,NA,NA,NA,FALSE,0,0,TRUE,334105,0.942330790718132,"2026-07-03"
"Terek Sandpiper","Xenus cinereus","u160","Xenus cinereus",TRUE,FALSE,NA,"Migratory","total migrant","Aquatic predator","Carnivore","Terrestrial","around-water",6,"LC","not listed","VU","south_west",1549,0,FALSE,NA,NA,NA,NA,NA,NA,NA,NA,NA,NA,FALSE,0,0,TRUE,334105,0.942330790718132,"2026-07-03"
"Little Buttonquail","Turnix velox","u18","Turnix velox",TRUE,FALSE,NA,"Sedentary","local dispersal;nomadic;irruptive","Granivore","Herbivore","Terrestrial","ground",5,"LC","not listed","not listed","statewide",324810,342,TRUE,0.696688401781446,1.19299462493118,5,"05 Jan",0.999,TRUE,291,80,"18 Oct","21 Mar",TRUE,0.660782669998793,0.28980381438955,FALSE,334105,0.734232621582855,"2026-07-03"
"Little Buttonquail","Turnix velox","u18","Turnix velox",TRUE,FALSE,NA,"Sedentary","local dispersal;nomadic;irruptive","Granivore","Herbivore","Terrestrial","ground",5,"LC","not listed","not listed","central_west",3967,5,FALSE,NA,NA,NA,NA,NA,NA,NA,NA,NA,NA,FALSE,0.0400126293828553,0.281690119455258,FALSE,334105,0.734232621582855,"2026-07-03"
"Little Buttonquail","Turnix velox","u18","Turnix velox",TRUE,FALSE,NA,"Sedentary","local dispersal;nomadic;irruptive","Granivore","Herbivore","Terrestrial","ground",5,"LC","not listed","not listed","new_england",3778,0,FALSE,NA,NA,NA,NA,NA,NA,NA,NA,NA,NA,FALSE,0,0,TRUE,334105,0.734232621582855,"2026-07-03"
"Little Buttonquail","Turnix velox","u18","Turnix velox",TRUE,FALSE,NA,"Sedentary","local dispersal;nomadic;irruptive","Granivore","Herbivore","Terrestrial","ground",5,"LC","not listed","not listed","south_west",1550,26,TRUE,0.693619347378193,1.18292698729408,2,"02 Jan",0.997,TRUE,291,80,"18 Oct","21 Mar",TRUE,0.918419282568501,0.27810648990168,FALSE,334105,0.734232621582855,"2026-07-03"
"Pectoral Sandpiper","Calidris melanotos","u978","Calidris melanotos",TRUE,FALSE,NA,"Migratory","total migrant","Aquatic predator","Carnivore","Terrestrial","ground",4,"LC","not listed","not listed","statewide",324807,83,TRUE,0.95352830472076,3.06891185539637,4,"04 Jan",1,TRUE,303,79,"30 Oct","20 Mar",TRUE,1.30860260108661e-07,0.351032757759094,FALSE,334105,0.4669996336141,"2026-07-03"
"Pectoral Sandpiper","Calidris melanotos","u978","Calidris melanotos",TRUE,FALSE,NA,"Migratory","total migrant","Aquatic predator","Carnivore","Terrestrial","ground",4,"LC","not listed","not listed","central_west",3965,0,FALSE,NA,NA,NA,NA,NA,NA,NA,NA,NA,NA,FALSE,0,0,TRUE,334105,0.4669996336141,"2026-07-03"
"Pectoral Sandpiper","Calidris melanotos","u978","Calidris melanotos",TRUE,FALSE,NA,"Migratory","total migrant","Aquatic predator","Carnivore","Terrestrial","ground",4,"LC","not listed","not listed","new_england",3780,1,FALSE,NA,NA,NA,NA,NA,NA,NA,NA,NA,NA,FALSE,0,0,TRUE,334105,0.4669996336141,"2026-07-03"
"Pectoral Sandpiper","Calidris melanotos","u978","Calidris melanotos",TRUE,FALSE,NA,"Migratory","total migrant","Aquatic predator","Carnivore","Terrestrial","ground",4,"LC","not listed","not listed","south_west",1553,0,FALSE,NA,NA,NA,NA,NA,NA,NA,NA,NA,NA,FALSE,0,0,TRUE,334105,0.4669996336141,"2026-07-03"
"Torresian Kingfisher","Todiramphus sordidus",NA,NA,FALSE,FALSE,NA,"Sedentary",NA,"Invertivore","Carnivore","Insessorial",NA,8,NA,NA,NA,"statewide",324808,1233,TRUE,0.477474311757918,0.649081132252007,333,"29 Nov",0.298,FALSE,NA,NA,NA,NA,FALSE,1.74434537240185e-05,7.22295235870414,FALSE,334105,0.776052068299852,"2026-07-03"
"Torresian Kingfisher","Todiramphus sordidus",NA,NA,FALSE,FALSE,NA,"Sedentary",NA,"Invertivore","Carnivore","Insessorial",NA,8,NA,NA,NA,"central_west",3966,0,FALSE,NA,NA,NA,NA,NA,NA,NA,NA,NA,NA,FALSE,4.15349918960524e-24,8.91927731860827,FALSE,334105,0.776052068299852,"2026-07-03"
"Torresian Kingfisher","Todiramphus sordidus",NA,NA,FALSE,FALSE,NA,"Sedentary",NA,"Invertivore","Carnivore","Insessorial",NA,8,NA,NA,NA,"new_england",3778,0,FALSE,NA,NA,NA,NA,NA,NA,NA,NA,NA,NA,FALSE,7.11226410046905e-20,30.8626800858899,FALSE,334105,0.776052068299852,"2026-07-03"
"Torresian Kingfisher","Todiramphus sordidus",NA,NA,FALSE,FALSE,NA,"Sedentary",NA,"Invertivore","Carnivore","Insessorial",NA,8,NA,NA,NA,"south_west",1553,0,FALSE,NA,NA,NA,NA,NA,NA,NA,NA,NA,NA,FALSE,1.03060533415666e-17,3.99151379404886,FALSE,334105,0.776052068299852,"2026-07-03"
"Helmeted Guineafowl","Numida meleagris",NA,NA,FALSE,FALSE,NA,"Sedentary","local dispersal","Omnivore","Herbivore","Terrestrial","ground",7,"LC","not listed","not listed","statewide",324800,365,TRUE,0.000186808698674712,0.000186826149592978,58,"27 Feb",0,FALSE,NA,NA,NA,NA,FALSE,0.000215915208471445,0.255578227279327,FALSE,334105,0.238643582459711,"2026-07-03"
"Helmeted Guineafowl","Numida meleagris",NA,NA,FALSE,FALSE,NA,"Sedentary","local dispersal","Omnivore","Herbivore","Terrestrial","ground",7,"LC","not listed","not listed","central_west",3967,8,FALSE,NA,NA,NA,NA,NA,NA,NA,NA,NA,NA,FALSE,0,0,TRUE,334105,0.238643582459711,"2026-07-03"
"Helmeted Guineafowl","Numida meleagris",NA,NA,FALSE,FALSE,NA,"Sedentary","local dispersal","Omnivore","Herbivore","Terrestrial","ground",7,"LC","not listed","not listed","new_england",3781,0,FALSE,NA,NA,NA,NA,NA,NA,NA,NA,NA,NA,FALSE,1.24738866267269e-05,0.337361347675323,FALSE,334105,0.238643582459711,"2026-07-03"
"Helmeted Guineafowl","Numida meleagris",NA,NA,FALSE,FALSE,NA,"Sedentary","local dispersal","Omnivore","Herbivore","Terrestrial","ground",7,"LC","not listed","not listed","south_west",1557,3,FALSE,NA,NA,NA,NA,NA,NA,NA,NA,NA,NA,FALSE,0,0,TRUE,334105,0.238643582459711,"2026-07-03"
"Blue-billed White-Tern","Gygis candida",NA,NA,FALSE,FALSE,NA,"Partial migrant",NA,"Aquatic predator","Carnivore","Aerial",NA,NA,NA,NA,NA,"statewide",324807,1,FALSE,NA,NA,NA,NA,NA,NA,NA,NA,NA,NA,FALSE,NA,NA,NA,334105,0.0220392718021848,"2026-07-03"
"Blue-billed White-Tern","Gygis candida",NA,NA,FALSE,FALSE,NA,"Partial migrant",NA,"Aquatic predator","Carnivore","Aerial",NA,NA,NA,NA,NA,"central_west",3969,0,FALSE,NA,NA,NA,NA,NA,NA,NA,NA,NA,NA,FALSE,NA,NA,NA,334105,0.0220392718021848,"2026-07-03"
"Blue-billed White-Tern","Gygis candida",NA,NA,FALSE,FALSE,NA,"Partial migrant",NA,"Aquatic predator","Carnivore","Aerial",NA,NA,NA,NA,NA,"new_england",3780,0,FALSE,NA,NA,NA,NA,NA,NA,NA,NA,NA,NA,FALSE,NA,NA,NA,334105,0.0220392718021848,"2026-07-03"
"Blue-billed White-Tern","Gygis candida",NA,NA,FALSE,FALSE,NA,"Partial migrant",NA,"Aquatic predator","Carnivore","Aerial",NA,NA,NA,NA,NA,"south_west",1549,0,FALSE,NA,NA,NA,NA,NA,NA,NA,NA,NA,NA,FALSE,NA,NA,NA,334105,0.0220392718021848,"2026-07-03"
"Pacific Gull","Larus pacificus",NA,NA,FALSE,FALSE,NA,"Partial migrant","local dispersal;partial migrant","Aquatic predator","Carnivore","Generalist","pelagic",1,"LC","not listed","not listed","statewide",324805,216,TRUE,0.555688554961983,0.811229509664607,183,"02 Jul",0.758,FALSE,NA,NA,NA,NA,FALSE,2.06241682430357e-05,2.21063448456169,FALSE,334105,0.748989795637443,"2026-07-03"
"Pacific Gull","Larus pacificus",NA,NA,FALSE,FALSE,NA,"Partial migrant","local dispersal;partial migrant","Aquatic predator","Carnivore","Generalist","pelagic",1,"LC","not listed","not listed","central_west",3972,0,FALSE,NA,NA,NA,NA,NA,NA,NA,NA,NA,NA,FALSE,0,0,TRUE,334105,0.748989795637443,"2026-07-03"
"Pacific Gull","Larus pacificus",NA,NA,FALSE,FALSE,NA,"Partial migrant","local dispersal;partial migrant","Aquatic predator","Carnivore","Generalist","pelagic",1,"LC","not listed","not listed","new_england",3778,0,FALSE,NA,NA,NA,NA,NA,NA,NA,NA,NA,NA,FALSE,0,0,TRUE,334105,0.748989795637443,"2026-07-03"
"Pacific Gull","Larus pacificus",NA,NA,FALSE,FALSE,NA,"Partial migrant","local dispersal;partial migrant","Aquatic predator","Carnivore","Generalist","pelagic",1,"LC","not listed","not listed","south_west",1550,0,FALSE,NA,NA,NA,NA,NA,NA,NA,NA,NA,NA,FALSE,0,0,TRUE,334105,0.748989795637443,"2026-07-03"
"Red-tailed Tropicbird","Phaethon rubricauda","u107a","Phaethon rubricauda roseotinctus",TRUE,FALSE,NA,"Migratory","total migrant","Aquatic predator","Carnivore","Aerial","pelagic",2,"LC","not listed","VU","statewide",324804,0,FALSE,NA,NA,NA,NA,NA,NA,NA,NA,NA,NA,FALSE,NA,NA,NA,334105,0,"2026-07-04"
"Red-tailed Tropicbird","Phaethon rubricauda","u107a","Phaethon rubricauda roseotinctus",TRUE,FALSE,NA,"Migratory","total migrant","Aquatic predator","Carnivore","Aerial","pelagic",2,"LC","not listed","VU","central_west",3972,0,FALSE,NA,NA,NA,NA,NA,NA,NA,NA,NA,NA,FALSE,NA,NA,NA,334105,0,"2026-07-04"
"Red-tailed Tropicbird","Phaethon rubricauda","u107a","Phaethon rubricauda roseotinctus",TRUE,FALSE,NA,"Migratory","total migrant","Aquatic predator","Carnivore","Aerial","pelagic",2,"LC","not listed","VU","new_england",3780,0,FALSE,NA,NA,NA,NA,NA,NA,NA,NA,NA,NA,FALSE,NA,NA,NA,334105,0,"2026-07-04"
"Red-tailed Tropicbird","Phaethon rubricauda","u107a","Phaethon rubricauda roseotinctus",TRUE,FALSE,NA,"Migratory","total migrant","Aquatic predator","Carnivore","Aerial","pelagic",2,"LC","not listed","VU","south_west",1549,0,FALSE,NA,NA,NA,NA,NA,NA,NA,NA,NA,NA,FALSE,NA,NA,NA,334105,0,"2026-07-04"
"Red Junglefowl","Gallus gallus",NA,NA,FALSE,FALSE,NA,"Sedentary","local dispersal","Omnivore","Herbivore","Terrestrial","ground",6,"LC","not listed","not listed","statewide",324807,141,TRUE,0.000358801204524584,0.00035886558907805,359,"25 Dec",0,FALSE,NA,NA,NA,NA,FALSE,4.3384514266235e-05,0.211230800892635,FALSE,334105,0.308803843991124,"2026-07-04"
"Red Junglefowl","Gallus gallus",NA,NA,FALSE,FALSE,NA,"Sedentary","local dispersal","Omnivore","Herbivore","Terrestrial","ground",6,"LC","not listed","not listed","central_west",3967,0,FALSE,NA,NA,NA,NA,NA,NA,NA,NA,NA,NA,FALSE,0.000114438808793947,0.223169262277413,FALSE,334105,0.308803843991124,"2026-07-04"
"Red Junglefowl","Gallus gallus",NA,NA,FALSE,FALSE,NA,"Sedentary","local dispersal","Omnivore","Herbivore","Terrestrial","ground",6,"LC","not listed","not listed","new_england",3781,1,FALSE,NA,NA,NA,NA,NA,NA,NA,NA,NA,NA,FALSE,0,0,TRUE,334105,0.308803843991124,"2026-07-04"
"Red Junglefowl","Gallus gallus",NA,NA,FALSE,FALSE,NA,"Sedentary","local dispersal","Omnivore","Herbivore","Terrestrial","ground",6,"LC","not listed","not listed","south_west",1550,0,FALSE,NA,NA,NA,NA,NA,NA,NA,NA,NA,NA,FALSE,0,0,TRUE,334105,0.308803843991124,"2026-07-04"
"Masked Booby","Sula dactylatra",NA,NA,FALSE,FALSE,NA,"Partial migrant","total migrant","Aquatic predator","Carnivore","Aerial","pelagic",3,"LC","not listed","VU","statewide",324809,4,FALSE,NA,NA,NA,NA,NA,NA,NA,NA,NA,NA,FALSE,NA,NA,NA,334105,0.257272394729137,"2026-07-04"
"Masked Booby","Sula dactylatra",NA,NA,FALSE,FALSE,NA,"Partial migrant","total migrant","Aquatic predator","Carnivore","Aerial","pelagic",3,"LC","not listed","VU","central_west",3969,0,FALSE,NA,NA,NA,NA,NA,NA,NA,NA,NA,NA,FALSE,NA,NA,NA,334105,0.257272394729137,"2026-07-04"
"Masked Booby","Sula dactylatra",NA,NA,FALSE,FALSE,NA,"Partial migrant","total migrant","Aquatic predator","Carnivore","Aerial","pelagic",3,"LC","not listed","VU","new_england",3778,0,FALSE,NA,NA,NA,NA,NA,NA,NA,NA,NA,NA,FALSE,NA,NA,NA,334105,0.257272394729137,"2026-07-04"
"Masked Booby","Sula dactylatra",NA,NA,FALSE,FALSE,NA,"Partial migrant","total migrant","Aquatic predator","Carnivore","Aerial","pelagic",3,"LC","not listed","VU","south_west",1549,0,FALSE,NA,NA,NA,NA,NA,NA,NA,NA,NA,NA,FALSE,NA,NA,NA,334105,0.257272394729137,"2026-07-04"
"Barred Cuckooshrike","Coracina lineata","u428","Coracina lineata lineata",TRUE,FALSE,NA,"Sedentary","local dispersal;partial migrant","Frugivore","Herbivore","Insessorial","canopy",2,"LC","not listed","VU","statewide",324807,189,TRUE,0.991964217665512,4.82385091869699,85,"26 Mar",1,TRUE,300,120,"27 Oct","30 Apr",TRUE,0.000410898042199428,0.641023493674627,FALSE,334105,0.692388104946067,"2026-07-04"
"Barred Cuckooshrike","Coracina lineata","u428","Coracina lineata lineata",TRUE,FALSE,NA,"Sedentary","local dispersal;partial migrant","Frugivore","Herbivore","Insessorial","canopy",2,"LC","not listed","VU","central_west",3967,0,FALSE,NA,NA,NA,NA,NA,NA,NA,NA,NA,NA,FALSE,0,0,TRUE,334105,0.692388104946067,"2026-07-04"
"Barred Cuckooshrike","Coracina lineata","u428","Coracina lineata lineata",TRUE,FALSE,NA,"Sedentary","local dispersal;partial migrant","Frugivore","Herbivore","Insessorial","canopy",2,"LC","not listed","VU","new_england",3777,0,FALSE,NA,NA,NA,NA,NA,NA,NA,NA,NA,NA,FALSE,6.08010638856588e-06,0.764853961192645,FALSE,334105,0.692388104946067,"2026-07-04"
"Barred Cuckooshrike","Coracina lineata","u428","Coracina lineata lineata",TRUE,FALSE,NA,"Sedentary","local dispersal;partial migrant","Frugivore","Herbivore","Insessorial","canopy",2,"LC","not listed","VU","south_west",1554,0,FALSE,NA,NA,NA,NA,NA,NA,NA,NA,NA,NA,FALSE,0,0,TRUE,334105,0.692388104946067,"2026-07-04"
"Ground Cuckooshrike","Coracina maxima","u423","Coracina maxima",TRUE,FALSE,NA,"Sedentary","local dispersal;nomadic","Invertivore","Carnivore","Terrestrial","ground",3,"LC","not listed","not listed","statewide",324796,221,TRUE,0.000138776738691893,0.000138786369074495,365,"31 Dec",0,FALSE,NA,NA,NA,NA,FALSE,0.0260403778755446,0.553921260472615,FALSE,334105,0.627189811715194,"2026-07-04"
"Ground Cuckooshrike","Coracina maxima","u423","Coracina maxima",TRUE,FALSE,NA,"Sedentary","local dispersal;nomadic","Invertivore","Carnivore","Terrestrial","ground",3,"LC","not listed","not listed","central_west",3968,8,FALSE,NA,NA,NA,NA,NA,NA,NA,NA,NA,NA,FALSE,0.0227026275226734,0.385746991482745,FALSE,334105,0.627189811715194,"2026-07-04"
"Ground Cuckooshrike","Coracina maxima","u423","Coracina maxima",TRUE,FALSE,NA,"Sedentary","local dispersal;nomadic","Invertivore","Carnivore","Terrestrial","ground",3,"LC","not listed","not listed","new_england",3782,11,FALSE,NA,NA,NA,NA,NA,NA,NA,NA,NA,NA,FALSE,0.00401765261953924,0.771934042469032,FALSE,334105,0.627189811715194,"2026-07-04"
"Ground Cuckooshrike","Coracina maxima","u423","Coracina maxima",TRUE,FALSE,NA,"Sedentary","local dispersal;nomadic","Invertivore","Carnivore","Terrestrial","ground",3,"LC","not listed","not listed","south_west",1559,6,FALSE,NA,NA,NA,NA,NA,NA,NA,NA,NA,NA,FALSE,0.043929479071307,0.442084910775626,FALSE,334105,0.627189811715194,"2026-07-04"
"Mangrove Honeyeater","Gavicalis fasciogularis","u610","Gavicalis fasciogularis",TRUE,FALSE,NA,"Sedentary","local dispersal","Omnivore","Omnivore","Insessorial","understory",4,"LC","not listed","VU","statewide",324805,1419,TRUE,0.000468280168208768,0.00046838984560793,33,"02 Feb",0,FALSE,NA,NA,NA,NA,FALSE,5.97111460996739e-05,0.513706307266619,FALSE,334105,0.823805796742023,"2026-07-04"
"Mangrove Honeyeater","Gavicalis fasciogularis","u610","Gavicalis fasciogularis",TRUE,FALSE,NA,"Sedentary","local dispersal","Omnivore","Omnivore","Insessorial","understory",4,"LC","not listed","VU","central_west",3971,0,FALSE,NA,NA,NA,NA,NA,NA,NA,NA,NA,NA,FALSE,0,0,TRUE,334105,0.823805796742023,"2026-07-04"
"Mangrove Honeyeater","Gavicalis fasciogularis","u610","Gavicalis fasciogularis",TRUE,FALSE,NA,"Sedentary","local dispersal","Omnivore","Omnivore","Insessorial","understory",4,"LC","not listed","VU","new_england",3782,0,FALSE,NA,NA,NA,NA,NA,NA,NA,NA,NA,NA,FALSE,0,0,TRUE,334105,0.823805796742023,"2026-07-04"
"Mangrove Honeyeater","Gavicalis fasciogularis","u610","Gavicalis fasciogularis",TRUE,FALSE,NA,"Sedentary","local dispersal","Omnivore","Omnivore","Insessorial","understory",4,"LC","not listed","VU","south_west",1547,0,FALSE,NA,NA,NA,NA,NA,NA,NA,NA,NA,NA,FALSE,0,0,TRUE,334105,0.823805796742023,"2026-07-04"
"Sooty Shearwater","Ardenna grisea","u70","Ardenna grisea",TRUE,FALSE,NA,"Migratory","total migrant","Aquatic predator","Carnivore","Generalist","pelagic",4,"NT","not listed","not listed","statewide",324818,28,TRUE,0.997396644000339,5.95095389718061,324,"20 Nov",1,TRUE,262,352,"19 Sep","18 Dec",FALSE,NA,NA,NA,334105,0.999052874122125,"2026-07-04"
"Sooty Shearwater","Ardenna grisea","u70","Ardenna grisea",TRUE,FALSE,NA,"Migratory","total migrant","Aquatic predator","Carnivore","Generalist","pelagic",4,"NT","not listed","not listed","central_west",3964,0,FALSE,NA,NA,NA,NA,NA,NA,NA,NA,NA,NA,FALSE,NA,NA,NA,334105,0.999052874122125,"2026-07-04"
"Sooty Shearwater","Ardenna grisea","u70","Ardenna grisea",TRUE,FALSE,NA,"Migratory","total migrant","Aquatic predator","Carnivore","Generalist","pelagic",4,"NT","not listed","not listed","new_england",3778,0,FALSE,NA,NA,NA,NA,NA,NA,NA,NA,NA,NA,FALSE,NA,NA,NA,334105,0.999052874122125,"2026-07-04"
"Sooty Shearwater","Ardenna grisea","u70","Ardenna grisea",TRUE,FALSE,NA,"Migratory","total migrant","Aquatic predator","Carnivore","Generalist","pelagic",4,"NT","not listed","not listed","south_west",1545,0,FALSE,NA,NA,NA,NA,NA,NA,NA,NA,NA,NA,FALSE,NA,NA,NA,334105,0.999052874122125,"2026-07-04"
"Black-winged Petrel","Pterodroma nigripennis","u955","Pterodroma nigripennis",TRUE,FALSE,NA,"Partial migrant","total migrant","Aquatic predator","Carnivore","Generalist","pelagic",2,"LC","not listed","VU","statewide",324806,0,FALSE,NA,NA,NA,NA,NA,NA,NA,NA,NA,NA,FALSE,NA,NA,NA,334105,0,"2026-07-04"
"Black-winged Petrel","Pterodroma nigripennis","u955","Pterodroma nigripennis",TRUE,FALSE,NA,"Partial migrant","total migrant","Aquatic predator","Carnivore","Generalist","pelagic",2,"LC","not listed","VU","central_west",3971,0,FALSE,NA,NA,NA,NA,NA,NA,NA,NA,NA,NA,FALSE,NA,NA,NA,334105,0,"2026-07-04"
"Black-winged Petrel","Pterodroma nigripennis","u955","Pterodroma nigripennis",TRUE,FALSE,NA,"Partial migrant","total migrant","Aquatic predator","Carnivore","Generalist","pelagic",2,"LC","not listed","VU","new_england",3781,0,FALSE,NA,NA,NA,NA,NA,NA,NA,NA,NA,NA,FALSE,NA,NA,NA,334105,0,"2026-07-04"
"Black-winged Petrel","Pterodroma nigripennis","u955","Pterodroma nigripennis",TRUE,FALSE,NA,"Partial migrant","total migrant","Aquatic predator","Carnivore","Generalist","pelagic",2,"LC","not listed","VU","south_west",1547,0,FALSE,NA,NA,NA,NA,NA,NA,NA,NA,NA,NA,FALSE,NA,NA,NA,334105,0,"2026-07-04"
"Indian Yellow-nosed Albatross","Thalassarche carteri",NA,NA,FALSE,FALSE,NA,"Migratory","total migrant","Aquatic predator","Carnivore","Aquatic","pelagic",2,"EN","VU","not listed","statewide",324808,26,TRUE,0.991489237812388,4.76642377664575,201,"20 Jul",1,TRUE,148,269,"28 May","26 Sep",FALSE,NA,NA,NA,334105,0.806857999200062,"2026-07-04"
"Indian Yellow-nosed Albatross","Thalassarche carteri",NA,NA,FALSE,FALSE,NA,"Migratory","total migrant","Aquatic predator","Carnivore","Aquatic","pelagic",2,"EN","VU","not listed","central_west",3967,0,FALSE,NA,NA,NA,NA,NA,NA,NA,NA,NA,NA,FALSE,NA,NA,NA,334105,0.806857999200062,"2026-07-04"
"Indian Yellow-nosed Albatross","Thalassarche carteri",NA,NA,FALSE,FALSE,NA,"Migratory","total migrant","Aquatic predator","Carnivore","Aquatic","pelagic",2,"EN","VU","not listed","new_england",3778,0,FALSE,NA,NA,NA,NA,NA,NA,NA,NA,NA,NA,FALSE,NA,NA,NA,334105,0.806857999200062,"2026-07-04"
"Indian Yellow-nosed Albatross","Thalassarche carteri",NA,NA,FALSE,FALSE,NA,"Migratory","total migrant","Aquatic predator","Carnivore","Aquatic","pelagic",2,"EN","VU","not listed","south_west",1552,0,FALSE,NA,NA,NA,NA,NA,NA,NA,NA,NA,NA,FALSE,NA,NA,NA,334105,0.806857999200062,"2026-07-04"
"Regent Parrot","Polytelis anthopeplus","u278b","Polytelis anthopeplus monarchoides",TRUE,FALSE,NA,"Partial migrant","local dispersal;partial migrant","Omnivore","Herbivore","Insessorial","understory",4,"LC","VU","EN","statewide",324791,945,TRUE,0.000190826539781974,0.000190844749482721,365,"31 Dec",0,FALSE,NA,NA,NA,NA,FALSE,0.0492636422222918,0.315198403341109,FALSE,334103,0.962366204620936,"2026-07-04"
"Regent Parrot","Polytelis anthopeplus","u278b","Polytelis anthopeplus monarchoides",TRUE,FALSE,NA,"Partial migrant","local dispersal;partial migrant","Omnivore","Herbivore","Insessorial","understory",4,"LC","VU","EN","central_west",3973,0,FALSE,NA,NA,NA,NA,NA,NA,NA,NA,NA,NA,FALSE,0,0,TRUE,334103,0.962366204620936,"2026-07-04"
"Regent Parrot","Polytelis anthopeplus","u278b","Polytelis anthopeplus monarchoides",TRUE,FALSE,NA,"Partial migrant","local dispersal;partial migrant","Omnivore","Herbivore","Insessorial","understory",4,"LC","VU","EN","new_england",3781,0,FALSE,NA,NA,NA,NA,NA,NA,NA,NA,NA,NA,FALSE,0,0,TRUE,334103,0.962366204620936,"2026-07-04"
"Regent Parrot","Polytelis anthopeplus","u278b","Polytelis anthopeplus monarchoides",TRUE,FALSE,NA,"Partial migrant","local dispersal;partial migrant","Omnivore","Herbivore","Insessorial","understory",4,"LC","VU","EN","south_west",1558,122,TRUE,0.00071133107746979,0.000711584193460624,258,"15 Sep",0,FALSE,NA,NA,NA,NA,FALSE,0.880570269742935,0.308139527384053,FALSE,334103,0.962366204620936,"2026-07-04"
"Hutton's Shearwater","Puffinus huttoni",NA,NA,FALSE,FALSE,NA,"Partial migrant","total migrant","Aquatic predator","Carnivore","Generalist","pelagic",3,"EN","not listed","not listed","statewide",324799,37,TRUE,0.980861603706987,3.95605868471162,231,"19 Aug",1,TRUE,178,282,"27 Jun","09 Oct",FALSE,NA,NA,NA,334105,0.908386800430488,"2026-07-04"
"Hutton's Shearwater","Puffinus huttoni",NA,NA,FALSE,FALSE,NA,"Partial migrant","total migrant","Aquatic predator","Carnivore","Generalist","pelagic",3,"EN","not listed","not listed","central_west",3968,0,FALSE,NA,NA,NA,NA,NA,NA,NA,NA,NA,NA,FALSE,NA,NA,NA,334105,0.908386800430488,"2026-07-04"
"Hutton's Shearwater","Puffinus huttoni",NA,NA,FALSE,FALSE,NA,"Partial migrant","total migrant","Aquatic predator","Carnivore","Generalist","pelagic",3,"EN","not listed","not listed","new_england",3784,0,FALSE,NA,NA,NA,NA,NA,NA,NA,NA,NA,NA,FALSE,NA,NA,NA,334105,0.908386800430488,"2026-07-04"
"Hutton's Shearwater","Puffinus huttoni",NA,NA,FALSE,FALSE,NA,"Partial migrant","total migrant","Aquatic predator","Carnivore","Generalist","pelagic",3,"EN","not listed","not listed","south_west",1554,0,FALSE,NA,NA,NA,NA,NA,NA,NA,NA,NA,NA,FALSE,NA,NA,NA,334105,0.908386800430488,"2026-07-04"
"Little Woodswallow","Artamus minor","u548a","Artamus minor derbyi",TRUE,FALSE,NA,"Sedentary","local dispersal;partial migrant","Invertivore","Carnivore","Aerial","aerial",4,"LC","not listed","not listed","statewide",324813,134,TRUE,0.000605833271817957,0.0006060168629487,83,"24 Mar",0,FALSE,NA,NA,NA,NA,FALSE,0.00852457214464578,0.361855573171093,FALSE,334105,0.762945466581265,"2026-07-04"
"Little Woodswallow","Artamus minor","u548a","Artamus minor derbyi",TRUE,FALSE,NA,"Sedentary","local dispersal;partial migrant","Invertivore","Carnivore","Aerial","aerial",4,"LC","not listed","not listed","central_west",3965,3,FALSE,NA,NA,NA,NA,NA,NA,NA,NA,NA,NA,FALSE,0.00120744861447136,0.304262955396107,FALSE,334105,0.762945466581265,"2026-07-04"
"Little Woodswallow","Artamus minor","u548a","Artamus minor derbyi",TRUE,FALSE,NA,"Sedentary","local dispersal;partial migrant","Invertivore","Carnivore","Aerial","aerial",4,"LC","not listed","not listed","new_england",3780,0,FALSE,NA,NA,NA,NA,NA,NA,NA,NA,NA,NA,FALSE,0.00097565602284387,0.435692030398495,FALSE,334105,0.762945466581265,"2026-07-04"
"Little Woodswallow","Artamus minor","u548a","Artamus minor derbyi",TRUE,FALSE,NA,"Sedentary","local dispersal;partial migrant","Invertivore","Carnivore","Aerial","aerial",4,"LC","not listed","not listed","south_west",1547,0,FALSE,NA,NA,NA,NA,NA,NA,NA,NA,NA,NA,FALSE,0.000174302774250367,0.397697585273394,FALSE,334105,0.762945466581265,"2026-07-04"
"Red-browed Pardalote","Pardalotus rubricatus","u570a","Pardalotus rubricatus rubricatus",TRUE,FALSE,NA,"Sedentary","local dispersal","Invertivore","Carnivore","Insessorial","canopy",2,"LC","not listed","not listed","statewide",324793,91,TRUE,0.00053438236618375,0.000534525199327618,302,"29 Oct",0,FALSE,NA,NA,NA,NA,FALSE,0.00406235872385874,0.229327979178144,FALSE,334105,0.781769953949581,"2026-07-10"
"Red-browed Pardalote","Pardalotus rubricatus","u570a","Pardalotus rubricatus rubricatus",TRUE,FALSE,NA,"Sedentary","local dispersal","Invertivore","Carnivore","Insessorial","canopy",2,"LC","not listed","not listed","central_west",3970,0,FALSE,NA,NA,NA,NA,NA,NA,NA,NA,NA,NA,FALSE,0,0,TRUE,334105,0.781769953949581,"2026-07-10"
"Red-browed Pardalote","Pardalotus rubricatus","u570a","Pardalotus rubricatus rubricatus",TRUE,FALSE,NA,"Sedentary","local dispersal","Invertivore","Carnivore","Insessorial","canopy",2,"LC","not listed","not listed","new_england",3781,0,FALSE,NA,NA,NA,NA,NA,NA,NA,NA,NA,NA,FALSE,0,0,TRUE,334105,0.781769953949581,"2026-07-10"
"Red-browed Pardalote","Pardalotus rubricatus","u570a","Pardalotus rubricatus rubricatus",TRUE,FALSE,NA,"Sedentary","local dispersal","Invertivore","Carnivore","Insessorial","canopy",2,"LC","not listed","not listed","south_west",1561,0,FALSE,NA,NA,NA,NA,NA,NA,NA,NA,NA,NA,FALSE,0,0,TRUE,334105,0.781769953949581,"2026-07-10"
"Cinnamon Quail-thrush","Cinclosoma cinnamomeum","u439b;u439c","Cinclosoma cinnamomeum cinnamomeum;Cinclosoma cinnamomeum tirariense",TRUE,TRUE,"multiple_nsw_subspecies","Sedentary","local dispersal","Invertivore","Carnivore","Terrestrial","ground",3,"LC","not listed","not listed","statewide",324816,130,TRUE,0.000571917189682192,0.000572080796700902,201,"20 Jul",0,FALSE,NA,NA,NA,NA,FALSE,0.0060346675618027,0.193765823114292,FALSE,334105,0.849027385481995,"2026-07-10"
"Cinnamon Quail-thrush","Cinclosoma cinnamomeum","u439b;u439c","Cinclosoma cinnamomeum cinnamomeum;Cinclosoma cinnamomeum tirariense",TRUE,TRUE,"multiple_nsw_subspecies","Sedentary","local dispersal","Invertivore","Carnivore","Terrestrial","ground",3,"LC","not listed","not listed","central_west",3967,0,FALSE,NA,NA,NA,NA,NA,NA,NA,NA,NA,NA,FALSE,0,0,TRUE,334105,0.849027385481995,"2026-07-10"
"Cinnamon Quail-thrush","Cinclosoma cinnamomeum","u439b;u439c","Cinclosoma cinnamomeum cinnamomeum;Cinclosoma cinnamomeum tirariense",TRUE,TRUE,"multiple_nsw_subspecies","Sedentary","local dispersal","Invertivore","Carnivore","Terrestrial","ground",3,"LC","not listed","not listed","new_england",3776,0,FALSE,NA,NA,NA,NA,NA,NA,NA,NA,NA,NA,FALSE,0,0,TRUE,334105,0.849027385481995,"2026-07-10"
"Cinnamon Quail-thrush","Cinclosoma cinnamomeum","u439b;u439c","Cinclosoma cinnamomeum cinnamomeum;Cinclosoma cinnamomeum tirariense",TRUE,TRUE,"multiple_nsw_subspecies","Sedentary","local dispersal","Invertivore","Carnivore","Terrestrial","ground",3,"LC","not listed","not listed","south_west",1546,0,FALSE,NA,NA,NA,NA,NA,NA,NA,NA,NA,NA,FALSE,0,0,TRUE,334105,0.849027385481995,"2026-07-10"
"Australasian Grass-Owl","Tyto longimembris","u252","Tyto longimembris longimembris",TRUE,FALSE,NA,"Sedentary","local dispersal;nomadic;irruptive","Vertivore","Carnivore","Aerial","ground",5,"LC","not listed","VU","statewide",324799,79,TRUE,0.604136183313923,0.92668502413126,181,"30 Jun",0.86,FALSE,NA,NA,NA,NA,FALSE,0.00330190567535193,1.79903565404767,FALSE,334105,0.708692675574723,"2026-07-04"
"Australasian Grass-Owl","Tyto longimembris","u252","Tyto longimembris longimembris",TRUE,FALSE,NA,"Sedentary","local dispersal;nomadic;irruptive","Vertivore","Carnivore","Aerial","ground",5,"LC","not listed","VU","central_west",3967,0,FALSE,NA,NA,NA,NA,NA,NA,NA,NA,NA,NA,FALSE,0,0,TRUE,334105,0.708692675574723,"2026-07-04"
"Australasian Grass-Owl","Tyto longimembris","u252","Tyto longimembris longimembris",TRUE,FALSE,NA,"Sedentary","local dispersal;nomadic;irruptive","Vertivore","Carnivore","Aerial","ground",5,"LC","not listed","VU","new_england",3784,0,FALSE,NA,NA,NA,NA,NA,NA,NA,NA,NA,NA,FALSE,2.50538895843737e-06,5.20787431537943,FALSE,334105,0.708692675574723,"2026-07-04"
"Australasian Grass-Owl","Tyto longimembris","u252","Tyto longimembris longimembris",TRUE,FALSE,NA,"Sedentary","local dispersal;nomadic;irruptive","Vertivore","Carnivore","Aerial","ground",5,"LC","not listed","VU","south_west",1555,0,FALSE,NA,NA,NA,NA,NA,NA,NA,NA,NA,NA,FALSE,0.000316924096839937,1.02365470704415,FALSE,334105,0.708692675574723,"2026-07-04"
"Brown Skua","Stercorarius antarcticus",NA,NA,FALSE,FALSE,NA,"Migratory","local dispersal;partial migrant","Aquatic predator","Carnivore","Aerial","pelagic",1,"LC","not listed","not listed","statewide",324808,23,TRUE,0.987960792513494,4.4195866646478,198,"17 Jul",1,TRUE,198,198,"17 Jul","17 Jul",FALSE,NA,NA,NA,334105,0.593421745318331,"2026-07-04"
"Brown Skua","Stercorarius antarcticus",NA,NA,FALSE,FALSE,NA,"Migratory","local dispersal;partial migrant","Aquatic predator","Carnivore","Aerial","pelagic",1,"LC","not listed","not listed","central_west",3967,0,FALSE,NA,NA,NA,NA,NA,NA,NA,NA,NA,NA,FALSE,NA,NA,NA,334105,0.593421745318331,"2026-07-04"
"Brown Skua","Stercorarius antarcticus",NA,NA,FALSE,FALSE,NA,"Migratory","local dispersal;partial migrant","Aquatic predator","Carnivore","Aerial","pelagic",1,"LC","not listed","not listed","new_england",3783,0,FALSE,NA,NA,NA,NA,NA,NA,NA,NA,NA,NA,FALSE,NA,NA,NA,334105,0.593421745318331,"2026-07-04"
"Brown Skua","Stercorarius antarcticus",NA,NA,FALSE,FALSE,NA,"Migratory","local dispersal;partial migrant","Aquatic predator","Carnivore","Aerial","pelagic",1,"LC","not listed","not listed","south_west",1547,0,FALSE,NA,NA,NA,NA,NA,NA,NA,NA,NA,NA,FALSE,NA,NA,NA,334105,0.593421745318331,"2026-07-04"
"Black-breasted Kite","Hamirostra melanosternon","u231","Hamirostra melanosternon",TRUE,FALSE,NA,"Partial migrant","local dispersal;partial migrant","Vertivore","Carnivore","Aerial","ground",5,"LC","not listed","VU","statewide",324802,79,TRUE,0.000442415720046441,0.000442513614755669,32,"01 Feb",0,FALSE,NA,NA,NA,NA,FALSE,0.00299073124233486,0.322823656542179,FALSE,334105,0.680575017164257,"2026-07-04"
"Black-breasted Kite","Hamirostra melanosternon","u231","Hamirostra melanosternon",TRUE,FALSE,NA,"Partial migrant","local dispersal;partial migrant","Vertivore","Carnivore","Aerial","ground",5,"LC","not listed","VU","central_west",3970,0,FALSE,NA,NA,NA,NA,NA,NA,NA,NA,NA,NA,FALSE,0,0,TRUE,334105,0.680575017164257,"2026-07-04"
"Black-breasted Kite","Hamirostra melanosternon","u231","Hamirostra melanosternon",TRUE,FALSE,NA,"Partial migrant","local dispersal;partial migrant","Vertivore","Carnivore","Aerial","ground",5,"LC","not listed","VU","new_england",3781,0,FALSE,NA,NA,NA,NA,NA,NA,NA,NA,NA,NA,FALSE,0,0,TRUE,334105,0.680575017164257,"2026-07-04"
"Black-breasted Kite","Hamirostra melanosternon","u231","Hamirostra melanosternon",TRUE,FALSE,NA,"Partial migrant","local dispersal;partial migrant","Vertivore","Carnivore","Aerial","ground",5,"LC","not listed","VU","south_west",1552,0,FALSE,NA,NA,NA,NA,NA,NA,NA,NA,NA,NA,FALSE,0.000648735585553207,0.415521008324524,FALSE,334105,0.680575017164257,"2026-07-04"
"Black-faced Cormorant","Phalacrocorax fuscescens","u98","Phalacrocorax fuscescens",TRUE,FALSE,NA,"Sedentary","local dispersal","Aquatic predator","Carnivore","Aquatic","pelagic",3,"LC","not listed","not listed","statewide",324805,88,TRUE,0.942191803370669,2.85062470316188,364,"30 Dec",0.999,TRUE,364,364,"30 Dec","30 Dec",FALSE,3.06758617719662e-05,5.68677388686822,FALSE,334105,0.96919691581817,"2026-07-04"
"Black-faced Cormorant","Phalacrocorax fuscescens","u98","Phalacrocorax fuscescens",TRUE,FALSE,NA,"Sedentary","local dispersal","Aquatic predator","Carnivore","Aquatic","pelagic",3,"LC","not listed","not listed","central_west",3970,0,FALSE,NA,NA,NA,NA,NA,NA,NA,NA,NA,NA,FALSE,0,0,TRUE,334105,0.96919691581817,"2026-07-04"
"Black-faced Cormorant","Phalacrocorax fuscescens","u98","Phalacrocorax fuscescens",TRUE,FALSE,NA,"Sedentary","local dispersal","Aquatic predator","Carnivore","Aquatic","pelagic",3,"LC","not listed","not listed","new_england",3779,0,FALSE,NA,NA,NA,NA,NA,NA,NA,NA,NA,NA,FALSE,0,0,TRUE,334105,0.96919691581817,"2026-07-04"
"Black-faced Cormorant","Phalacrocorax fuscescens","u98","Phalacrocorax fuscescens",TRUE,FALSE,NA,"Sedentary","local dispersal","Aquatic predator","Carnivore","Aquatic","pelagic",3,"LC","not listed","not listed","south_west",1551,0,FALSE,NA,NA,NA,NA,NA,NA,NA,NA,NA,NA,FALSE,0,0,TRUE,334105,0.96919691581817,"2026-07-04"
"Marbled Frogmouth","Podargus ocellatus","u314b","Podargus ocellatus plumiferus",TRUE,FALSE,NA,"Sedentary","local dispersal","Invertivore","Carnivore","Insessorial","ground",1,"LC","not listed","VU","statewide",324805,90,TRUE,0.000555247606434772,0.00055540181347169,44,"13 Feb",0,FALSE,NA,NA,NA,NA,FALSE,0.00275896100332972,0.491740692009574,FALSE,334105,0.830191711741495,"2026-07-10"
"Marbled Frogmouth","Podargus ocellatus","u314b","Podargus ocellatus plumiferus",TRUE,FALSE,NA,"Sedentary","local dispersal","Invertivore","Carnivore","Insessorial","ground",1,"LC","not listed","VU","central_west",3969,0,FALSE,NA,NA,NA,NA,NA,NA,NA,NA,NA,NA,FALSE,0,0,TRUE,334105,0.830191711741495,"2026-07-10"
"Marbled Frogmouth","Podargus ocellatus","u314b","Podargus ocellatus plumiferus",TRUE,FALSE,NA,"Sedentary","local dispersal","Invertivore","Carnivore","Insessorial","ground",1,"LC","not listed","VU","new_england",3781,0,FALSE,NA,NA,NA,NA,NA,NA,NA,NA,NA,NA,FALSE,0,0,TRUE,334105,0.830191711741495,"2026-07-10"
"Marbled Frogmouth","Podargus ocellatus","u314b","Podargus ocellatus plumiferus",TRUE,FALSE,NA,"Sedentary","local dispersal","Invertivore","Carnivore","Insessorial","ground",1,"LC","not listed","VU","south_west",1550,0,FALSE,NA,NA,NA,NA,NA,NA,NA,NA,NA,NA,FALSE,0,0,TRUE,334105,0.830191711741495,"2026-07-10"
"Gray Noddy","Anous albivitta",NA,NA,FALSE,FALSE,NA,"Partial migrant",NA,"Aquatic predator","Carnivore","Aerial",NA,3,"LC",NA,NA,"statewide",324800,5,FALSE,NA,NA,NA,NA,NA,NA,NA,NA,NA,NA,FALSE,NA,NA,NA,334105,0.19785567175187,"2026-07-04"
"Gray Noddy","Anous albivitta",NA,NA,FALSE,FALSE,NA,"Partial migrant",NA,"Aquatic predator","Carnivore","Aerial",NA,3,"LC",NA,NA,"central_west",3964,0,FALSE,NA,NA,NA,NA,NA,NA,NA,NA,NA,NA,FALSE,NA,NA,NA,334105,0.19785567175187,"2026-07-04"
"Gray Noddy","Anous albivitta",NA,NA,FALSE,FALSE,NA,"Partial migrant",NA,"Aquatic predator","Carnivore","Aerial",NA,3,"LC",NA,NA,"new_england",3785,0,FALSE,NA,NA,NA,NA,NA,NA,NA,NA,NA,NA,FALSE,NA,NA,NA,334105,0.19785567175187,"2026-07-04"
"Gray Noddy","Anous albivitta",NA,NA,FALSE,FALSE,NA,"Partial migrant",NA,"Aquatic predator","Carnivore","Aerial",NA,3,"LC",NA,NA,"south_west",1556,0,FALSE,NA,NA,NA,NA,NA,NA,NA,NA,NA,NA,FALSE,NA,NA,NA,334105,0.19785567175187,"2026-07-04"
"Fairy Prion","Pachyptila turtur","u83","Pachyptila turtur",TRUE,FALSE,NA,"Partial migrant","total migrant","Aquatic predator","Carnivore","Generalist","pelagic",4,"LC","VU","not listed","statewide",324802,31,TRUE,0.995233102658142,5.34605963815852,200,"19 Jul",1,TRUE,146,244,"26 May","01 Sep",FALSE,NA,NA,NA,334105,0.869649816682623,"2026-07-04"
"Fairy Prion","Pachyptila turtur","u83","Pachyptila turtur",TRUE,FALSE,NA,"Partial migrant","total migrant","Aquatic predator","Carnivore","Generalist","pelagic",4,"LC","VU","not listed","central_west",3972,0,FALSE,NA,NA,NA,NA,NA,NA,NA,NA,NA,NA,FALSE,NA,NA,NA,334105,0.869649816682623,"2026-07-04"
"Fairy Prion","Pachyptila turtur","u83","Pachyptila turtur",TRUE,FALSE,NA,"Partial migrant","total migrant","Aquatic predator","Carnivore","Generalist","pelagic",4,"LC","VU","not listed","new_england",3778,0,FALSE,NA,NA,NA,NA,NA,NA,NA,NA,NA,NA,FALSE,NA,NA,NA,334105,0.869649816682623,"2026-07-04"
"Fairy Prion","Pachyptila turtur","u83","Pachyptila turtur",TRUE,FALSE,NA,"Partial migrant","total migrant","Aquatic predator","Carnivore","Generalist","pelagic",4,"LC","VU","not listed","south_west",1553,0,FALSE,NA,NA,NA,NA,NA,NA,NA,NA,NA,NA,FALSE,NA,NA,NA,334105,0.869649816682623,"2026-07-04"
"Asian Dowitcher","Limnodromus semipalmatus",NA,NA,FALSE,FALSE,NA,"Migratory","total migrant","Aquatic predator","Carnivore","Terrestrial","around-water",5,"NT","not listed","not listed","statewide",324805,8,FALSE,NA,NA,NA,NA,NA,NA,NA,NA,NA,NA,FALSE,NA,NA,NA,334105,0.696976203418704,"2026-07-04"
"Asian Dowitcher","Limnodromus semipalmatus",NA,NA,FALSE,FALSE,NA,"Migratory","total migrant","Aquatic predator","Carnivore","Terrestrial","around-water",5,"NT","not listed","not listed","central_west",3967,0,FALSE,NA,NA,NA,NA,NA,NA,NA,NA,NA,NA,FALSE,NA,NA,NA,334105,0.696976203418704,"2026-07-04"
"Asian Dowitcher","Limnodromus semipalmatus",NA,NA,FALSE,FALSE,NA,"Migratory","total migrant","Aquatic predator","Carnivore","Terrestrial","around-water",5,"NT","not listed","not listed","new_england",3778,0,FALSE,NA,NA,NA,NA,NA,NA,NA,NA,NA,NA,FALSE,NA,NA,NA,334105,0.696976203418704,"2026-07-04"
"Asian Dowitcher","Limnodromus semipalmatus",NA,NA,FALSE,FALSE,NA,"Migratory","total migrant","Aquatic predator","Carnivore","Terrestrial","around-water",5,"NT","not listed","not listed","south_west",1555,0,FALSE,NA,NA,NA,NA,NA,NA,NA,NA,NA,NA,FALSE,NA,NA,NA,334105,0.696976203418704,"2026-07-04"
"Ruff","Calidris pugnax",NA,NA,FALSE,FALSE,NA,"Migratory","total migrant","Aquatic predator","Carnivore","Terrestrial","ground",6,"LC","not listed","not listed","statewide",324803,19,FALSE,NA,NA,NA,NA,NA,NA,NA,NA,NA,NA,FALSE,NA,NA,NA,334105,0.418366402485548,"2026-07-04"
"Ruff","Calidris pugnax",NA,NA,FALSE,FALSE,NA,"Migratory","total migrant","Aquatic predator","Carnivore","Terrestrial","ground",6,"LC","not listed","not listed","central_west",3969,0,FALSE,NA,NA,NA,NA,NA,NA,NA,NA,NA,NA,FALSE,NA,NA,NA,334105,0.418366402485548,"2026-07-04"
"Ruff","Calidris pugnax",NA,NA,FALSE,FALSE,NA,"Migratory","total migrant","Aquatic predator","Carnivore","Terrestrial","ground",6,"LC","not listed","not listed","new_england",3778,0,FALSE,NA,NA,NA,NA,NA,NA,NA,NA,NA,NA,FALSE,NA,NA,NA,334105,0.418366402485548,"2026-07-04"
"Ruff","Calidris pugnax",NA,NA,FALSE,FALSE,NA,"Migratory","total migrant","Aquatic predator","Carnivore","Terrestrial","ground",6,"LC","not listed","not listed","south_west",1555,0,FALSE,NA,NA,NA,NA,NA,NA,NA,NA,NA,NA,FALSE,NA,NA,NA,334105,0.418366402485548,"2026-07-04"
"Gull-billed Tern","Gelochelidon nilotica",NA,NA,FALSE,FALSE,NA,"Migratory","total migrant","Omnivore","Carnivore","Aerial","pelagic",6,"LC","not listed","not listed","statewide",324812,10,FALSE,NA,NA,NA,NA,NA,NA,NA,NA,NA,NA,FALSE,NA,NA,NA,334105,0.448802075666642,"2026-07-04"
"Gull-billed Tern","Gelochelidon nilotica",NA,NA,FALSE,FALSE,NA,"Migratory","total migrant","Omnivore","Carnivore","Aerial","pelagic",6,"LC","not listed","not listed","central_west",3966,0,FALSE,NA,NA,NA,NA,NA,NA,NA,NA,NA,NA,FALSE,NA,NA,NA,334105,0.448802075666642,"2026-07-04"
"Gull-billed Tern","Gelochelidon nilotica",NA,NA,FALSE,FALSE,NA,"Migratory","total migrant","Omnivore","Carnivore","Aerial","pelagic",6,"LC","not listed","not listed","new_england",3777,0,FALSE,NA,NA,NA,NA,NA,NA,NA,NA,NA,NA,FALSE,NA,NA,NA,334105,0.448802075666642,"2026-07-04"
"Gull-billed Tern","Gelochelidon nilotica",NA,NA,FALSE,FALSE,NA,"Migratory","total migrant","Omnivore","Carnivore","Aerial","pelagic",6,"LC","not listed","not listed","south_west",1550,0,FALSE,NA,NA,NA,NA,NA,NA,NA,NA,NA,NA,FALSE,NA,NA,NA,334105,0.448802075666642,"2026-07-04"
"Australian Bustard","Ardeotis australis","u176","Ardeotis australis",TRUE,FALSE,NA,"Sedentary","partial migrant;nomadic","Omnivore","Omnivore","Terrestrial","ground",5,"LC","not listed","EN","statewide",324809,79,TRUE,0.829887351158424,1.77129442113642,192,"11 Jul",1,TRUE,119,266,"29 Apr","23 Sep",FALSE,0.0108554703938306,0.293758220003642,FALSE,334105,0.683080137653304,"2026-07-10"
"Australian Bustard","Ardeotis australis","u176","Ardeotis australis",TRUE,FALSE,NA,"Sedentary","partial migrant;nomadic","Omnivore","Omnivore","Terrestrial","ground",5,"LC","not listed","EN","central_west",3969,0,FALSE,NA,NA,NA,NA,NA,NA,NA,NA,NA,NA,FALSE,0,0,TRUE,334105,0.683080137653304,"2026-07-10"
"Australian Bustard","Ardeotis australis","u176","Ardeotis australis",TRUE,FALSE,NA,"Sedentary","partial migrant;nomadic","Omnivore","Omnivore","Terrestrial","ground",5,"LC","not listed","EN","new_england",3780,0,FALSE,NA,NA,NA,NA,NA,NA,NA,NA,NA,NA,FALSE,0,0,TRUE,334105,0.683080137653304,"2026-07-10"
"Australian Bustard","Ardeotis australis","u176","Ardeotis australis",TRUE,FALSE,NA,"Sedentary","partial migrant;nomadic","Omnivore","Omnivore","Terrestrial","ground",5,"LC","not listed","EN","south_west",1547,1,FALSE,NA,NA,NA,NA,NA,NA,NA,NA,NA,NA,FALSE,0.00770976696003796,0.326365823212486,FALSE,334105,0.683080137653304,"2026-07-10"
"Dusky Myzomela","Myzomela obscura","u590b","Myzomela obscura harterti",TRUE,FALSE,NA,"Sedentary","local dispersal","Nectarivore","Herbivore","Insessorial","mid-high",6,"LC","not listed","not listed","statewide",324818,43,TRUE,0.000412032311911448,0.00041211722054868,335,"01 Dec",0,FALSE,NA,NA,NA,NA,FALSE,1.47901780702479e-05,0.903523014199854,FALSE,334105,0.769580112863234,"2026-07-04"
"Dusky Myzomela","Myzomela obscura","u590b","Myzomela obscura harterti",TRUE,FALSE,NA,"Sedentary","local dispersal","Nectarivore","Herbivore","Insessorial","mid-high",6,"LC","not listed","not listed","central_west",3964,0,FALSE,NA,NA,NA,NA,NA,NA,NA,NA,NA,NA,FALSE,0,0,TRUE,334105,0.769580112863234,"2026-07-04"
"Dusky Myzomela","Myzomela obscura","u590b","Myzomela obscura harterti",TRUE,FALSE,NA,"Sedentary","local dispersal","Nectarivore","Herbivore","Insessorial","mid-high",6,"LC","not listed","not listed","new_england",3780,0,FALSE,NA,NA,NA,NA,NA,NA,NA,NA,NA,NA,FALSE,0,0,TRUE,334105,0.769580112863234,"2026-07-04"
"Dusky Myzomela","Myzomela obscura","u590b","Myzomela obscura harterti",TRUE,FALSE,NA,"Sedentary","local dispersal","Nectarivore","Herbivore","Insessorial","mid-high",6,"LC","not listed","not listed","south_west",1543,0,FALSE,NA,NA,NA,NA,NA,NA,NA,NA,NA,NA,FALSE,0,0,TRUE,334105,0.769580112863234,"2026-07-04"
"Red-lored Whistler","Pachycephala rufogularis","u402","Pachycephala rufogularis",TRUE,FALSE,NA,"Sedentary","local dispersal","Invertivore","Carnivore","Insessorial","ground",1,"VU","VU","CR","statewide",324815,143,TRUE,0.000294926757366532,0.000294970256815574,67,"08 Mar",0,FALSE,NA,NA,NA,NA,FALSE,9.31114076486469e-05,0.297525805234909,FALSE,334105,0.767337435983629,"2026-07-04"
"Red-lored Whistler","Pachycephala rufogularis","u402","Pachycephala rufogularis",TRUE,FALSE,NA,"Sedentary","local dispersal","Invertivore","Carnivore","Insessorial","ground",1,"VU","VU","CR","central_west",3967,0,FALSE,NA,NA,NA,NA,NA,NA,NA,NA,NA,NA,FALSE,0,0,TRUE,334105,0.767337435983629,"2026-07-04"
"Red-lored Whistler","Pachycephala rufogularis","u402","Pachycephala rufogularis",TRUE,FALSE,NA,"Sedentary","local dispersal","Invertivore","Carnivore","Insessorial","ground",1,"VU","VU","CR","new_england",3781,0,FALSE,NA,NA,NA,NA,NA,NA,NA,NA,NA,NA,FALSE,0,0,TRUE,334105,0.767337435983629,"2026-07-04"
"Red-lored Whistler","Pachycephala rufogularis","u402","Pachycephala rufogularis",TRUE,FALSE,NA,"Sedentary","local dispersal","Invertivore","Carnivore","Insessorial","ground",1,"VU","VU","CR","south_west",1542,0,FALSE,NA,NA,NA,NA,NA,NA,NA,NA,NA,NA,FALSE,2.86619901568451e-06,0.202803894877434,FALSE,334105,0.767337435983629,"2026-07-04"
"Red-backed Buttonquail","Turnix maculosus","u13","Turnix maculosus melanotus",TRUE,FALSE,NA,"Sedentary",NA,"Omnivore","Omnivore","Terrestrial","ground",3,"LC",NA,NA,"statewide",324798,53,TRUE,0.581444256500463,0.870945199596463,250,"07 Sep",0.688,FALSE,NA,NA,NA,NA,FALSE,0.000107693584645092,0.844140668213947,FALSE,334105,0.192808200014901,"2026-07-04"
"Red-backed Buttonquail","Turnix maculosus","u13","Turnix maculosus melanotus",TRUE,FALSE,NA,"Sedentary",NA,"Omnivore","Omnivore","Terrestrial","ground",3,"LC",NA,NA,"central_west",3971,0,FALSE,NA,NA,NA,NA,NA,NA,NA,NA,NA,NA,FALSE,0,0,TRUE,334105,0.192808200014901,"2026-07-04"
"Red-backed Buttonquail","Turnix maculosus","u13","Turnix maculosus melanotus",TRUE,FALSE,NA,"Sedentary",NA,"Omnivore","Omnivore","Terrestrial","ground",3,"LC",NA,NA,"new_england",3781,0,FALSE,NA,NA,NA,NA,NA,NA,NA,NA,NA,NA,FALSE,8.03172935728279e-09,2.30461895465851,FALSE,334105,0.192808200014901,"2026-07-04"
"Red-backed Buttonquail","Turnix maculosus","u13","Turnix maculosus melanotus",TRUE,FALSE,NA,"Sedentary",NA,"Omnivore","Omnivore","Terrestrial","ground",3,"LC",NA,NA,"south_west",1555,0,FALSE,NA,NA,NA,NA,NA,NA,NA,NA,NA,NA,FALSE,0,0,TRUE,334105,0.192808200014901,"2026-07-04"
"Streaked Shearwater","Calonectris leucomelas",NA,NA,FALSE,FALSE,NA,"Migratory","total migrant","Aquatic predator","Carnivore","Generalist","pelagic",2,"NT","not listed","not listed","statewide",324797,11,FALSE,NA,NA,NA,NA,NA,NA,NA,NA,NA,NA,FALSE,NA,NA,NA,334105,0.796837712673854,"2026-07-04"
"Streaked Shearwater","Calonectris leucomelas",NA,NA,FALSE,FALSE,NA,"Migratory","total migrant","Aquatic predator","Carnivore","Generalist","pelagic",2,"NT","not listed","not listed","central_west",3968,0,FALSE,NA,NA,NA,NA,NA,NA,NA,NA,NA,NA,FALSE,NA,NA,NA,334105,0.796837712673854,"2026-07-04"
"Streaked Shearwater","Calonectris leucomelas",NA,NA,FALSE,FALSE,NA,"Migratory","total migrant","Aquatic predator","Carnivore","Generalist","pelagic",2,"NT","not listed","not listed","new_england",3783,0,FALSE,NA,NA,NA,NA,NA,NA,NA,NA,NA,NA,FALSE,NA,NA,NA,334105,0.796837712673854,"2026-07-04"
"Streaked Shearwater","Calonectris leucomelas",NA,NA,FALSE,FALSE,NA,"Migratory","total migrant","Aquatic predator","Carnivore","Generalist","pelagic",2,"NT","not listed","not listed","south_west",1557,0,FALSE,NA,NA,NA,NA,NA,NA,NA,NA,NA,NA,FALSE,NA,NA,NA,334105,0.796837712673854,"2026-07-04"
"Hall's Babbler","Pomatostomus halli","u938","Pomatostomus halli",TRUE,FALSE,NA,"Sedentary","local dispersal","Invertivore","Carnivore","Generalist","ground",1,"LC","not listed","VU","statewide",324796,72,TRUE,0.000697048665611932,0.000697291716985404,69,"10 Mar",0,FALSE,NA,NA,NA,NA,FALSE,0.00417127577422884,0.370642945073298,FALSE,334105,0.909770414853647,"2026-07-04"
"Hall's Babbler","Pomatostomus halli","u938","Pomatostomus halli",TRUE,FALSE,NA,"Sedentary","local dispersal","Invertivore","Carnivore","Generalist","ground",1,"LC","not listed","VU","central_west",3970,0,FALSE,NA,NA,NA,NA,NA,NA,NA,NA,NA,NA,FALSE,0,0,TRUE,334105,0.909770414853647,"2026-07-04"
"Hall's Babbler","Pomatostomus halli","u938","Pomatostomus halli",TRUE,FALSE,NA,"Sedentary","local dispersal","Invertivore","Carnivore","Generalist","ground",1,"LC","not listed","VU","new_england",3779,0,FALSE,NA,NA,NA,NA,NA,NA,NA,NA,NA,NA,FALSE,0,0,TRUE,334105,0.909770414853647,"2026-07-04"
"Hall's Babbler","Pomatostomus halli","u938","Pomatostomus halli",TRUE,FALSE,NA,"Sedentary","local dispersal","Invertivore","Carnivore","Generalist","ground",1,"LC","not listed","VU","south_west",1560,0,FALSE,NA,NA,NA,NA,NA,NA,NA,NA,NA,NA,FALSE,0,0,TRUE,334105,0.909770414853647,"2026-07-04"
"Song Thrush","Turdus philomelos",NA,NA,FALSE,FALSE,NA,"Migratory","local dispersal","Invertivore","Omnivore","Generalist","ground",6,"LC","not listed","not listed","statewide",324806,0,FALSE,NA,NA,NA,NA,NA,NA,NA,NA,NA,NA,FALSE,NA,NA,NA,334105,0,"2026-07-04"
"Song Thrush","Turdus philomelos",NA,NA,FALSE,FALSE,NA,"Migratory","local dispersal","Invertivore","Omnivore","Generalist","ground",6,"LC","not listed","not listed","central_west",3964,0,FALSE,NA,NA,NA,NA,NA,NA,NA,NA,NA,NA,FALSE,NA,NA,NA,334105,0,"2026-07-04"
"Song Thrush","Turdus philomelos",NA,NA,FALSE,FALSE,NA,"Migratory","local dispersal","Invertivore","Omnivore","Generalist","ground",6,"LC","not listed","not listed","new_england",3781,0,FALSE,NA,NA,NA,NA,NA,NA,NA,NA,NA,NA,FALSE,NA,NA,NA,334105,0,"2026-07-04"
"Song Thrush","Turdus philomelos",NA,NA,FALSE,FALSE,NA,"Migratory","local dispersal","Invertivore","Omnivore","Generalist","ground",6,"LC","not listed","not listed","south_west",1554,0,FALSE,NA,NA,NA,NA,NA,NA,NA,NA,NA,NA,FALSE,NA,NA,NA,334105,0,"2026-07-04"
"Kentish Plover","Anarhynchus alexandrinus",NA,NA,FALSE,FALSE,NA,"Partial migrant",NA,"Aquatic predator","Carnivore","Terrestrial","ground",3,"LC","not listed","not listed","statewide",324810,5,FALSE,NA,NA,NA,NA,NA,NA,NA,NA,NA,NA,FALSE,NA,NA,NA,334105,0.216389850308654,"2026-07-04"
"Kentish Plover","Anarhynchus alexandrinus",NA,NA,FALSE,FALSE,NA,"Partial migrant",NA,"Aquatic predator","Carnivore","Terrestrial","ground",3,"LC","not listed","not listed","central_west",3966,0,FALSE,NA,NA,NA,NA,NA,NA,NA,NA,NA,NA,FALSE,NA,NA,NA,334105,0.216389850308654,"2026-07-04"
"Kentish Plover","Anarhynchus alexandrinus",NA,NA,FALSE,FALSE,NA,"Partial migrant",NA,"Aquatic predator","Carnivore","Terrestrial","ground",3,"LC","not listed","not listed","new_england",3779,0,FALSE,NA,NA,NA,NA,NA,NA,NA,NA,NA,NA,FALSE,NA,NA,NA,334105,0.216389850308654,"2026-07-04"
"Kentish Plover","Anarhynchus alexandrinus",NA,NA,FALSE,FALSE,NA,"Partial migrant",NA,"Aquatic predator","Carnivore","Terrestrial","ground",3,"LC","not listed","not listed","south_west",1550,0,FALSE,NA,NA,NA,NA,NA,NA,NA,NA,NA,NA,FALSE,NA,NA,NA,334105,0.216389850308654,"2026-07-04"
"Red-chested Buttonquail","Turnix pyrrhothorax","u19","Turnix pyrrhothorax",TRUE,FALSE,NA,"Sedentary","nomadic","Omnivore","Omnivore","Terrestrial","ground",5,"LC","not listed","not listed","statewide",324805,50,TRUE,0.46619398717757,0.627722777889261,43,"12 Feb",0.398,FALSE,NA,NA,NA,NA,FALSE,0.0249589693173194,0.385109143424753,FALSE,334105,0.6381067222191,"2026-07-04"
"Red-chested Buttonquail","Turnix pyrrhothorax","u19","Turnix pyrrhothorax",TRUE,FALSE,NA,"Sedentary","nomadic","Omnivore","Omnivore","Terrestrial","ground",5,"LC","not listed","not listed","central_west",3964,3,FALSE,NA,NA,NA,NA,NA,NA,NA,NA,NA,NA,FALSE,0.00942615706375002,0.365690285733739,FALSE,334105,0.6381067222191,"2026-07-04"
"Red-chested Buttonquail","Turnix pyrrhothorax","u19","Turnix pyrrhothorax",TRUE,FALSE,NA,"Sedentary","nomadic","Omnivore","Omnivore","Terrestrial","ground",5,"LC","not listed","not listed","new_england",3778,0,FALSE,NA,NA,NA,NA,NA,NA,NA,NA,NA,NA,FALSE,0.00307435440770101,0.359945375184705,FALSE,334105,0.6381067222191,"2026-07-04"
"Red-chested Buttonquail","Turnix pyrrhothorax","u19","Turnix pyrrhothorax",TRUE,FALSE,NA,"Sedentary","nomadic","Omnivore","Omnivore","Terrestrial","ground",5,"LC","not listed","not listed","south_west",1558,9,FALSE,NA,NA,NA,NA,NA,NA,NA,NA,NA,NA,FALSE,0.0235131010593464,0.369983627099357,FALSE,334105,0.6381067222191,"2026-07-04"
"Broad-billed Sandpiper","Calidris falcinellus","u167","Calidris falcinellus sibirica",TRUE,FALSE,NA,"Migratory","total migrant","Aquatic predator","Carnivore","Terrestrial","ground",3,"VU","not listed","VU","statewide",324816,26,TRUE,0.983273463042181,4.09075878135627,11,"11 Jan",1,TRUE,11,11,"11 Jan","11 Jan",FALSE,NA,NA,NA,334105,0.866683658961096,"2026-07-04"
"Broad-billed Sandpiper","Calidris falcinellus","u167","Calidris falcinellus sibirica",TRUE,FALSE,NA,"Migratory","total migrant","Aquatic predator","Carnivore","Terrestrial","ground",3,"VU","not listed","VU","central_west",3965,0,FALSE,NA,NA,NA,NA,NA,NA,NA,NA,NA,NA,FALSE,NA,NA,NA,334105,0.866683658961096,"2026-07-04"
"Broad-billed Sandpiper","Calidris falcinellus","u167","Calidris falcinellus sibirica",TRUE,FALSE,NA,"Migratory","total migrant","Aquatic predator","Carnivore","Terrestrial","ground",3,"VU","not listed","VU","new_england",3777,0,FALSE,NA,NA,NA,NA,NA,NA,NA,NA,NA,NA,FALSE,NA,NA,NA,334105,0.866683658961096,"2026-07-04"
"Broad-billed Sandpiper","Calidris falcinellus","u167","Calidris falcinellus sibirica",TRUE,FALSE,NA,"Migratory","total migrant","Aquatic predator","Carnivore","Terrestrial","ground",3,"VU","not listed","VU","south_west",1547,0,FALSE,NA,NA,NA,NA,NA,NA,NA,NA,NA,NA,FALSE,NA,NA,NA,334105,0.866683658961096,"2026-07-04"
"Northern Giant-Petrel","Macronectes halli",NA,NA,FALSE,FALSE,NA,"Partial migrant","local dispersal;partial migrant","Omnivore","Omnivore","Generalist","pelagic",2,"LC","VU","VU","statewide",324805,15,FALSE,NA,NA,NA,NA,NA,NA,NA,NA,NA,NA,FALSE,NA,NA,NA,334105,0.662910737656094,"2026-07-04"
"Northern Giant-Petrel","Macronectes halli",NA,NA,FALSE,FALSE,NA,"Partial migrant","local dispersal;partial migrant","Omnivore","Omnivore","Generalist","pelagic",2,"LC","VU","VU","central_west",3972,0,FALSE,NA,NA,NA,NA,NA,NA,NA,NA,NA,NA,FALSE,NA,NA,NA,334105,0.662910737656094,"2026-07-04"
"Northern Giant-Petrel","Macronectes halli",NA,NA,FALSE,FALSE,NA,"Partial migrant","local dispersal;partial migrant","Omnivore","Omnivore","Generalist","pelagic",2,"LC","VU","VU","new_england",3779,0,FALSE,NA,NA,NA,NA,NA,NA,NA,NA,NA,NA,FALSE,NA,NA,NA,334105,0.662910737656094,"2026-07-04"
"Northern Giant-Petrel","Macronectes halli",NA,NA,FALSE,FALSE,NA,"Partial migrant","local dispersal;partial migrant","Omnivore","Omnivore","Generalist","pelagic",2,"LC","VU","VU","south_west",1549,0,FALSE,NA,NA,NA,NA,NA,NA,NA,NA,NA,NA,FALSE,NA,NA,NA,334105,0.662910737656094,"2026-07-04"
"Paradise Shelduck","Tadorna variegata",NA,NA,FALSE,FALSE,NA,"Partial migrant",NA,"Omnivore","Herbivore","Terrestrial","ground",5,"LC","not listed","not listed","statewide",324801,4,FALSE,NA,NA,NA,NA,NA,NA,NA,NA,NA,NA,FALSE,NA,NA,NA,334105,0.161786137803194,"2026-07-04"
"Paradise Shelduck","Tadorna variegata",NA,NA,FALSE,FALSE,NA,"Partial migrant",NA,"Omnivore","Herbivore","Terrestrial","ground",5,"LC","not listed","not listed","central_west",3968,0,FALSE,NA,NA,NA,NA,NA,NA,NA,NA,NA,NA,FALSE,NA,NA,NA,334105,0.161786137803194,"2026-07-04"
"Paradise Shelduck","Tadorna variegata",NA,NA,FALSE,FALSE,NA,"Partial migrant",NA,"Omnivore","Herbivore","Terrestrial","ground",5,"LC","not listed","not listed","new_england",3779,0,FALSE,NA,NA,NA,NA,NA,NA,NA,NA,NA,NA,FALSE,NA,NA,NA,334105,0.161786137803194,"2026-07-04"
"Paradise Shelduck","Tadorna variegata",NA,NA,FALSE,FALSE,NA,"Partial migrant",NA,"Omnivore","Herbivore","Terrestrial","ground",5,"LC","not listed","not listed","south_west",1557,0,FALSE,NA,NA,NA,NA,NA,NA,NA,NA,NA,NA,FALSE,NA,NA,NA,334105,0.161786137803194,"2026-07-04"
"Oriental Cuckoo","Cuculus optatus","u336","Cuculus optatus",TRUE,FALSE,NA,"Migratory","total migrant","Invertivore","Carnivore","Insessorial","mid-high",6,"LC","not listed","not listed","statewide",324805,77,TRUE,0.963942043773473,3.32262773983681,29,"29 Jan",1,TRUE,330,107,"26 Nov","17 Apr",TRUE,1.2789844177185e-05,0.275484927220257,FALSE,334105,0.489495154817302,"2026-07-04"
"Oriental Cuckoo","Cuculus optatus","u336","Cuculus optatus",TRUE,FALSE,NA,"Migratory","total migrant","Invertivore","Carnivore","Insessorial","mid-high",6,"LC","not listed","not listed","central_west",3969,0,FALSE,NA,NA,NA,NA,NA,NA,NA,NA,NA,NA,FALSE,0,0,TRUE,334105,0.489495154817302,"2026-07-04"
"Oriental Cuckoo","Cuculus optatus","u336","Cuculus optatus",TRUE,FALSE,NA,"Migratory","total migrant","Invertivore","Carnivore","Insessorial","mid-high",6,"LC","not listed","not listed","new_england",3779,0,FALSE,NA,NA,NA,NA,NA,NA,NA,NA,NA,NA,FALSE,0,0,TRUE,334105,0.489495154817302,"2026-07-04"
"Oriental Cuckoo","Cuculus optatus","u336","Cuculus optatus",TRUE,FALSE,NA,"Migratory","total migrant","Invertivore","Carnivore","Insessorial","mid-high",6,"LC","not listed","not listed","south_west",1552,0,FALSE,NA,NA,NA,NA,NA,NA,NA,NA,NA,NA,FALSE,0,0,TRUE,334105,0.489495154817302,"2026-07-04"
"Providence Petrel","Pterodroma solandri",NA,NA,FALSE,FALSE,NA,"Partial migrant","total migrant","Aquatic predator","Carnivore","Aerial","pelagic",3,"LC","not listed","VU","statewide",324800,2,FALSE,NA,NA,NA,NA,NA,NA,NA,NA,NA,NA,FALSE,NA,NA,NA,334105,0.184765595132562,"2026-07-04"
"Providence Petrel","Pterodroma solandri",NA,NA,FALSE,FALSE,NA,"Partial migrant","total migrant","Aquatic predator","Carnivore","Aerial","pelagic",3,"LC","not listed","VU","central_west",3972,0,FALSE,NA,NA,NA,NA,NA,NA,NA,NA,NA,NA,FALSE,NA,NA,NA,334105,0.184765595132562,"2026-07-04"
"Providence Petrel","Pterodroma solandri",NA,NA,FALSE,FALSE,NA,"Partial migrant","total migrant","Aquatic predator","Carnivore","Aerial","pelagic",3,"LC","not listed","VU","new_england",3781,0,FALSE,NA,NA,NA,NA,NA,NA,NA,NA,NA,NA,FALSE,NA,NA,NA,334105,0.184765595132562,"2026-07-04"
"Providence Petrel","Pterodroma solandri",NA,NA,FALSE,FALSE,NA,"Partial migrant","total migrant","Aquatic predator","Carnivore","Aerial","pelagic",3,"LC","not listed","VU","south_west",1552,0,FALSE,NA,NA,NA,NA,NA,NA,NA,NA,NA,NA,FALSE,NA,NA,NA,334105,0.184765595132562,"2026-07-04"
"Striated Grasswren","Amytornis striatus","u513e;u513c","Amytornis striatus striatus;Amytornis striatus howei",TRUE,TRUE,"multiple_nsw_subspecies","Sedentary","local dispersal","Omnivore","Omnivore","Terrestrial","ground",3,"LC","not listed","VU","statewide",324802,351,TRUE,6.31453494180922e-05,6.31473431695895e-05,17,"17 Jan",0,FALSE,NA,NA,NA,NA,FALSE,0.00084775929778048,0.455035579502749,FALSE,334105,0.85583657881063,"2026-07-04"
"Striated Grasswren","Amytornis striatus","u513e;u513c","Amytornis striatus striatus;Amytornis striatus howei",TRUE,TRUE,"multiple_nsw_subspecies","Sedentary","local dispersal","Omnivore","Omnivore","Terrestrial","ground",3,"LC","not listed","VU","central_west",3965,0,FALSE,NA,NA,NA,NA,NA,NA,NA,NA,NA,NA,FALSE,0,0,TRUE,334105,0.85583657881063,"2026-07-04"
"Striated Grasswren","Amytornis striatus","u513e;u513c","Amytornis striatus striatus;Amytornis striatus howei",TRUE,TRUE,"multiple_nsw_subspecies","Sedentary","local dispersal","Omnivore","Omnivore","Terrestrial","ground",3,"LC","not listed","VU","new_england",3784,0,FALSE,NA,NA,NA,NA,NA,NA,NA,NA,NA,NA,FALSE,0,0,TRUE,334105,0.85583657881063,"2026-07-04"
"Striated Grasswren","Amytornis striatus","u513e;u513c","Amytornis striatus striatus;Amytornis striatus howei",TRUE,TRUE,"multiple_nsw_subspecies","Sedentary","local dispersal","Omnivore","Omnivore","Terrestrial","ground",3,"LC","not listed","VU","south_west",1554,0,FALSE,NA,NA,NA,NA,NA,NA,NA,NA,NA,NA,FALSE,0.00517687997399609,0.3932964247134,FALSE,334105,0.85583657881063,"2026-07-04"
"Shining Flycatcher","Myiagra alecto",NA,NA,FALSE,FALSE,NA,"Sedentary","local dispersal","Invertivore","Carnivore","Insessorial","mid-high",5,"LC","not listed","not listed","statewide",324802,35,TRUE,0.874849381226567,2.07823731686221,68,"09 Mar",0.998,TRUE,68,68,"09 Mar","09 Mar",FALSE,NA,NA,NA,334105,0.788395035693473,"2026-07-04"
"Shining Flycatcher","Myiagra alecto",NA,NA,FALSE,FALSE,NA,"Sedentary","local dispersal","Invertivore","Carnivore","Insessorial","mid-high",5,"LC","not listed","not listed","central_west",3973,0,FALSE,NA,NA,NA,NA,NA,NA,NA,NA,NA,NA,FALSE,NA,NA,NA,334105,0.788395035693473,"2026-07-04"
"Shining Flycatcher","Myiagra alecto",NA,NA,FALSE,FALSE,NA,"Sedentary","local dispersal","Invertivore","Carnivore","Insessorial","mid-high",5,"LC","not listed","not listed","new_england",3782,0,FALSE,NA,NA,NA,NA,NA,NA,NA,NA,NA,NA,FALSE,NA,NA,NA,334105,0.788395035693473,"2026-07-04"
"Shining Flycatcher","Myiagra alecto",NA,NA,FALSE,FALSE,NA,"Sedentary","local dispersal","Invertivore","Carnivore","Insessorial","mid-high",5,"LC","not listed","not listed","south_west",1548,0,FALSE,NA,NA,NA,NA,NA,NA,NA,NA,NA,NA,FALSE,NA,NA,NA,334105,0.788395035693473,"2026-07-04"
"Gibberbird","Ashbyia lovensis","u452","Ashbyia lovensis",TRUE,FALSE,NA,"Partial migrant","local dispersal;nomadic","Invertivore","Carnivore","Terrestrial","ground",3,"LC","not listed","not listed","statewide",324807,36,TRUE,0.305751176136655,0.364924846907797,246,"03 Sep",0.061,FALSE,NA,NA,NA,NA,FALSE,NA,NA,NA,334105,0.890895999362084,"2026-07-04"
"Gibberbird","Ashbyia lovensis","u452","Ashbyia lovensis",TRUE,FALSE,NA,"Partial migrant","local dispersal;nomadic","Invertivore","Carnivore","Terrestrial","ground",3,"LC","not listed","not listed","central_west",3968,0,FALSE,NA,NA,NA,NA,NA,NA,NA,NA,NA,NA,FALSE,NA,NA,NA,334105,0.890895999362084,"2026-07-04"
"Gibberbird","Ashbyia lovensis","u452","Ashbyia lovensis",TRUE,FALSE,NA,"Partial migrant","local dispersal;nomadic","Invertivore","Carnivore","Terrestrial","ground",3,"LC","not listed","not listed","new_england",3780,0,FALSE,NA,NA,NA,NA,NA,NA,NA,NA,NA,NA,FALSE,NA,NA,NA,334105,0.890895999362084,"2026-07-04"
"Gibberbird","Ashbyia lovensis","u452","Ashbyia lovensis",TRUE,FALSE,NA,"Partial migrant","local dispersal;nomadic","Invertivore","Carnivore","Terrestrial","ground",3,"LC","not listed","not listed","south_west",1550,0,FALSE,NA,NA,NA,NA,NA,NA,NA,NA,NA,NA,FALSE,NA,NA,NA,334105,0.890895999362084,"2026-07-04"
"Long-tailed Jaeger","Stercorarius longicaudus",NA,NA,FALSE,FALSE,NA,"Migratory","total migrant","Aquatic predator","Carnivore","Aerial","ground",2,"LC","not listed","not listed","statewide",324817,2,FALSE,NA,NA,NA,NA,NA,NA,NA,NA,NA,NA,FALSE,NA,NA,NA,334105,0.131432001845022,"2026-07-04"
"Long-tailed Jaeger","Stercorarius longicaudus",NA,NA,FALSE,FALSE,NA,"Migratory","total migrant","Aquatic predator","Carnivore","Aerial","ground",2,"LC","not listed","not listed","central_west",3965,0,FALSE,NA,NA,NA,NA,NA,NA,NA,NA,NA,NA,FALSE,NA,NA,NA,334105,0.131432001845022,"2026-07-04"
"Long-tailed Jaeger","Stercorarius longicaudus",NA,NA,FALSE,FALSE,NA,"Migratory","total migrant","Aquatic predator","Carnivore","Aerial","ground",2,"LC","not listed","not listed","new_england",3778,0,FALSE,NA,NA,NA,NA,NA,NA,NA,NA,NA,NA,FALSE,NA,NA,NA,334105,0.131432001845022,"2026-07-04"
"Long-tailed Jaeger","Stercorarius longicaudus",NA,NA,FALSE,FALSE,NA,"Migratory","total migrant","Aquatic predator","Carnivore","Aerial","ground",2,"LC","not listed","not listed","south_west",1545,0,FALSE,NA,NA,NA,NA,NA,NA,NA,NA,NA,NA,FALSE,NA,NA,NA,334105,0.131432001845022,"2026-07-04"
"Alexandrine Parakeet","Psittacula eupatria",NA,NA,FALSE,FALSE,NA,"Sedentary",NA,"Omnivore","Herbivore","Insessorial","understory",4,"NT",NA,NA,"statewide",324807,20,TRUE,0.00113489783517895,0.00113554231938906,349,"15 Dec",0,FALSE,NA,NA,NA,NA,FALSE,NA,NA,NA,334105,0.0966706407061286,"2026-07-04"
"Alexandrine Parakeet","Psittacula eupatria",NA,NA,FALSE,FALSE,NA,"Sedentary",NA,"Omnivore","Herbivore","Insessorial","understory",4,"NT",NA,NA,"central_west",3966,0,FALSE,NA,NA,NA,NA,NA,NA,NA,NA,NA,NA,FALSE,NA,NA,NA,334105,0.0966706407061286,"2026-07-04"
"Alexandrine Parakeet","Psittacula eupatria",NA,NA,FALSE,FALSE,NA,"Sedentary",NA,"Omnivore","Herbivore","Insessorial","understory",4,"NT",NA,NA,"new_england",3781,0,FALSE,NA,NA,NA,NA,NA,NA,NA,NA,NA,NA,FALSE,NA,NA,NA,334105,0.0966706407061286,"2026-07-04"
"Alexandrine Parakeet","Psittacula eupatria",NA,NA,FALSE,FALSE,NA,"Sedentary",NA,"Omnivore","Herbivore","Insessorial","understory",4,"NT",NA,NA,"south_west",1551,0,FALSE,NA,NA,NA,NA,NA,NA,NA,NA,NA,NA,FALSE,NA,NA,NA,334105,0.0966706407061286,"2026-07-04"
"Eurasian Tree Sparrow","Passer montanus",NA,NA,FALSE,FALSE,NA,"Sedentary","local dispersal","Granivore","Omnivore","Terrestrial","ground",3,"LC","not listed","not listed","statewide",324805,168,TRUE,0.000253784187463024,0.000253816396119433,257,"14 Sep",0,FALSE,NA,NA,NA,NA,FALSE,4.93982481262009e-06,1.48641468062522,FALSE,334105,0.87621652006612,"2026-07-04"
"Eurasian Tree Sparrow","Passer montanus",NA,NA,FALSE,FALSE,NA,"Sedentary","local dispersal","Granivore","Omnivore","Terrestrial","ground",3,"LC","not listed","not listed","central_west",3968,0,FALSE,NA,NA,NA,NA,NA,NA,NA,NA,NA,NA,FALSE,0,0,TRUE,334105,0.87621652006612,"2026-07-04"
"Eurasian Tree Sparrow","Passer montanus",NA,NA,FALSE,FALSE,NA,"Sedentary","local dispersal","Granivore","Omnivore","Terrestrial","ground",3,"LC","not listed","not listed","new_england",3779,0,FALSE,NA,NA,NA,NA,NA,NA,NA,NA,NA,NA,FALSE,0,0,TRUE,334105,0.87621652006612,"2026-07-04"
"Eurasian Tree Sparrow","Passer montanus",NA,NA,FALSE,FALSE,NA,"Sedentary","local dispersal","Granivore","Omnivore","Terrestrial","ground",3,"LC","not listed","not listed","south_west",1553,0,FALSE,NA,NA,NA,NA,NA,NA,NA,NA,NA,NA,FALSE,0,0,TRUE,334105,0.87621652006612,"2026-07-04"
"Cotton Pygmy-Goose","Nettapus coromandelianus",NA,NA,FALSE,FALSE,NA,"Sedentary","local dispersal;nomadic","Herbivore aquatic","Herbivore","Aquatic","around-water",3,"LC","not listed","EN","statewide",324805,181,TRUE,0.000750065386397325,0.000750346826180248,103,"13 Apr",0,FALSE,NA,NA,NA,NA,FALSE,3.12527466985375e-06,2.1837881563583,FALSE,334105,0.693815128911878,"2026-07-04"
"Cotton Pygmy-Goose","Nettapus coromandelianus",NA,NA,FALSE,FALSE,NA,"Sedentary","local dispersal;nomadic","Herbivore aquatic","Herbivore","Aquatic","around-water",3,"LC","not listed","EN","central_west",3968,0,FALSE,NA,NA,NA,NA,NA,NA,NA,NA,NA,NA,FALSE,0,0,TRUE,334105,0.693815128911878,"2026-07-04"
"Cotton Pygmy-Goose","Nettapus coromandelianus",NA,NA,FALSE,FALSE,NA,"Sedentary","local dispersal;nomadic","Herbivore aquatic","Herbivore","Aquatic","around-water",3,"LC","not listed","EN","new_england",3782,0,FALSE,NA,NA,NA,NA,NA,NA,NA,NA,NA,NA,FALSE,0,0,TRUE,334105,0.693815128911878,"2026-07-04"
"Cotton Pygmy-Goose","Nettapus coromandelianus",NA,NA,FALSE,FALSE,NA,"Sedentary","local dispersal;nomadic","Herbivore aquatic","Herbivore","Aquatic","around-water",3,"LC","not listed","EN","south_west",1550,0,FALSE,NA,NA,NA,NA,NA,NA,NA,NA,NA,NA,FALSE,0,0,TRUE,334105,0.693815128911878,"2026-07-04"
"Buller's Albatross","Thalassarche bulleri",NA,NA,FALSE,FALSE,NA,"Partial migrant","total migrant","Aquatic predator","Carnivore","Aquatic","pelagic",3,"NT","VU","not listed","statewide",324808,3,FALSE,NA,NA,NA,NA,NA,NA,NA,NA,NA,NA,FALSE,NA,NA,NA,334105,0.238837008420651,"2026-07-04"
"Buller's Albatross","Thalassarche bulleri",NA,NA,FALSE,FALSE,NA,"Partial migrant","total migrant","Aquatic predator","Carnivore","Aquatic","pelagic",3,"NT","VU","not listed","central_west",3968,0,FALSE,NA,NA,NA,NA,NA,NA,NA,NA,NA,NA,FALSE,NA,NA,NA,334105,0.238837008420651,"2026-07-04"
"Buller's Albatross","Thalassarche bulleri",NA,NA,FALSE,FALSE,NA,"Partial migrant","total migrant","Aquatic predator","Carnivore","Aquatic","pelagic",3,"NT","VU","not listed","new_england",3782,0,FALSE,NA,NA,NA,NA,NA,NA,NA,NA,NA,NA,FALSE,NA,NA,NA,334105,0.238837008420651,"2026-07-04"
"Buller's Albatross","Thalassarche bulleri",NA,NA,FALSE,FALSE,NA,"Partial migrant","total migrant","Aquatic predator","Carnivore","Aquatic","pelagic",3,"NT","VU","not listed","south_west",1547,0,FALSE,NA,NA,NA,NA,NA,NA,NA,NA,NA,NA,FALSE,NA,NA,NA,334105,0.238837008420651,"2026-07-04"
"White-rumped Sandpiper","Calidris fuscicollis",NA,NA,FALSE,FALSE,NA,"Migratory",NA,"Aquatic predator","Carnivore","Terrestrial","ground",5,"VU","not listed","not listed","statewide",324809,2,FALSE,NA,NA,NA,NA,NA,NA,NA,NA,NA,NA,FALSE,NA,NA,NA,334105,0.0986745290157401,"2026-07-04"
"White-rumped Sandpiper","Calidris fuscicollis",NA,NA,FALSE,FALSE,NA,"Migratory",NA,"Aquatic predator","Carnivore","Terrestrial","ground",5,"VU","not listed","not listed","central_west",3968,0,FALSE,NA,NA,NA,NA,NA,NA,NA,NA,NA,NA,FALSE,NA,NA,NA,334105,0.0986745290157401,"2026-07-04"
"White-rumped Sandpiper","Calidris fuscicollis",NA,NA,FALSE,FALSE,NA,"Migratory",NA,"Aquatic predator","Carnivore","Terrestrial","ground",5,"VU","not listed","not listed","new_england",3781,0,FALSE,NA,NA,NA,NA,NA,NA,NA,NA,NA,NA,FALSE,NA,NA,NA,334105,0.0986745290157401,"2026-07-04"
"White-rumped Sandpiper","Calidris fuscicollis",NA,NA,FALSE,FALSE,NA,"Migratory",NA,"Aquatic predator","Carnivore","Terrestrial","ground",5,"VU","not listed","not listed","south_west",1547,0,FALSE,NA,NA,NA,NA,NA,NA,NA,NA,NA,NA,FALSE,NA,NA,NA,334105,0.0986745290157401,"2026-07-04"
"Purple-crowned Lorikeet","Psitteuteles porphyrocephalus",NA,NA,FALSE,FALSE,NA,"Sedentary","nomadic","Nectarivore","Herbivore","Insessorial","mid-high",4,"LC","not listed","VU","statewide",324805,635,TRUE,0.756127977637776,1.41111168980187,162,"11 Jun",1,TRUE,102,294,"12 Apr","21 Oct",FALSE,0.00014166519251078,0.329125137685016,FALSE,334105,0.763343646144688,"2026-07-04"
"Purple-crowned Lorikeet","Psitteuteles porphyrocephalus",NA,NA,FALSE,FALSE,NA,"Sedentary","nomadic","Nectarivore","Herbivore","Insessorial","mid-high",4,"LC","not listed","VU","central_west",3970,0,FALSE,NA,NA,NA,NA,NA,NA,NA,NA,NA,NA,FALSE,0,0,TRUE,334105,0.763343646144688,"2026-07-04"
"Purple-crowned Lorikeet","Psitteuteles porphyrocephalus",NA,NA,FALSE,FALSE,NA,"Sedentary","nomadic","Nectarivore","Herbivore","Insessorial","mid-high",4,"LC","not listed","VU","new_england",3780,0,FALSE,NA,NA,NA,NA,NA,NA,NA,NA,NA,NA,FALSE,0,0,TRUE,334105,0.763343646144688,"2026-07-04"
"Purple-crowned Lorikeet","Psitteuteles porphyrocephalus",NA,NA,FALSE,FALSE,NA,"Sedentary","nomadic","Nectarivore","Herbivore","Insessorial","mid-high",4,"LC","not listed","VU","south_west",1550,2,FALSE,NA,NA,NA,NA,NA,NA,NA,NA,NA,NA,FALSE,0.000612452181356011,0.289367633119801,FALSE,334105,0.763343646144688,"2026-07-04"
"Brown Booby","Sula leucogaster","u102","Sula leucogaster plotus",TRUE,FALSE,NA,"Partial migrant","total migrant","Aquatic predator","Carnivore","Aerial","pelagic",3,"LC","not listed","not listed","statewide",324808,25,TRUE,0.054321530162011,0.0558526515960693,198,"17 Jul",0,FALSE,NA,NA,NA,NA,FALSE,NA,NA,NA,334105,0.480267151553956,"2026-07-04"
"Brown Booby","Sula leucogaster","u102","Sula leucogaster plotus",TRUE,FALSE,NA,"Partial migrant","total migrant","Aquatic predator","Carnivore","Aerial","pelagic",3,"LC","not listed","not listed","central_west",3966,0,FALSE,NA,NA,NA,NA,NA,NA,NA,NA,NA,NA,FALSE,NA,NA,NA,334105,0.480267151553956,"2026-07-04"
"Brown Booby","Sula leucogaster","u102","Sula leucogaster plotus",TRUE,FALSE,NA,"Partial migrant","total migrant","Aquatic predator","Carnivore","Aerial","pelagic",3,"LC","not listed","not listed","new_england",3782,0,FALSE,NA,NA,NA,NA,NA,NA,NA,NA,NA,NA,FALSE,NA,NA,NA,334105,0.480267151553956,"2026-07-04"
"Brown Booby","Sula leucogaster","u102","Sula leucogaster plotus",TRUE,FALSE,NA,"Partial migrant","total migrant","Aquatic predator","Carnivore","Aerial","pelagic",3,"LC","not listed","not listed","south_west",1549,0,FALSE,NA,NA,NA,NA,NA,NA,NA,NA,NA,NA,FALSE,NA,NA,NA,334105,0.480267151553956,"2026-07-04"
"Lesser Frigatebird","Fregata ariel",NA,NA,FALSE,FALSE,NA,"Migratory","sedentary","Aquatic predator","Carnivore","Aerial","pelagic",2,"LC","not listed","not listed","statewide",324806,24,TRUE,0.934325029346331,2.72303739025237,27,"27 Jan",1,TRUE,328,97,"24 Nov","07 Apr",TRUE,NA,NA,NA,334105,0.558224738199185,"2026-07-04"
"Lesser Frigatebird","Fregata ariel",NA,NA,FALSE,FALSE,NA,"Migratory","sedentary","Aquatic predator","Carnivore","Aerial","pelagic",2,"LC","not listed","not listed","central_west",3968,0,FALSE,NA,NA,NA,NA,NA,NA,NA,NA,NA,NA,FALSE,NA,NA,NA,334105,0.558224738199185,"2026-07-04"
"Lesser Frigatebird","Fregata ariel",NA,NA,FALSE,FALSE,NA,"Migratory","sedentary","Aquatic predator","Carnivore","Aerial","pelagic",2,"LC","not listed","not listed","new_england",3779,0,FALSE,NA,NA,NA,NA,NA,NA,NA,NA,NA,NA,FALSE,NA,NA,NA,334105,0.558224738199185,"2026-07-04"
"Lesser Frigatebird","Fregata ariel",NA,NA,FALSE,FALSE,NA,"Migratory","sedentary","Aquatic predator","Carnivore","Aerial","pelagic",2,"LC","not listed","not listed","south_west",1552,0,FALSE,NA,NA,NA,NA,NA,NA,NA,NA,NA,NA,FALSE,NA,NA,NA,334105,0.558224738199185,"2026-07-04"
"Southern Giant-Petrel","Macronectes giganteus",NA,NA,FALSE,FALSE,NA,"Partial migrant","local dispersal;partial migrant","Omnivore","Omnivore","Generalist","pelagic",3,"LC","EN","EN","statewide",324811,3,FALSE,NA,NA,NA,NA,NA,NA,NA,NA,NA,NA,FALSE,NA,NA,NA,334105,0.221833392918082,"2026-07-04"
"Southern Giant-Petrel","Macronectes giganteus",NA,NA,FALSE,FALSE,NA,"Partial migrant","local dispersal;partial migrant","Omnivore","Omnivore","Generalist","pelagic",3,"LC","EN","EN","central_west",3969,0,FALSE,NA,NA,NA,NA,NA,NA,NA,NA,NA,NA,FALSE,NA,NA,NA,334105,0.221833392918082,"2026-07-04"
"Southern Giant-Petrel","Macronectes giganteus",NA,NA,FALSE,FALSE,NA,"Partial migrant","local dispersal;partial migrant","Omnivore","Omnivore","Generalist","pelagic",3,"LC","EN","EN","new_england",3780,0,FALSE,NA,NA,NA,NA,NA,NA,NA,NA,NA,NA,FALSE,NA,NA,NA,334105,0.221833392918082,"2026-07-04"
"Southern Giant-Petrel","Macronectes giganteus",NA,NA,FALSE,FALSE,NA,"Partial migrant","local dispersal;partial migrant","Omnivore","Omnivore","Generalist","pelagic",3,"LC","EN","EN","south_west",1545,0,FALSE,NA,NA,NA,NA,NA,NA,NA,NA,NA,NA,FALSE,NA,NA,NA,334105,0.221833392918082,"2026-07-04"
"Slaty-backed Thornbill","Acanthiza robustirostris",NA,NA,FALSE,FALSE,NA,"Partial migrant","local dispersal","Invertivore","Carnivore","Insessorial","understory",2,"LC","not listed","not listed","statewide",324809,17,FALSE,NA,NA,NA,NA,NA,NA,NA,NA,NA,NA,FALSE,NA,NA,NA,334105,0.839351632786928,"2026-07-04"
"Slaty-backed Thornbill","Acanthiza robustirostris",NA,NA,FALSE,FALSE,NA,"Partial migrant","local dispersal","Invertivore","Carnivore","Insessorial","understory",2,"LC","not listed","not listed","central_west",3966,0,FALSE,NA,NA,NA,NA,NA,NA,NA,NA,NA,NA,FALSE,NA,NA,NA,334105,0.839351632786928,"2026-07-04"
"Slaty-backed Thornbill","Acanthiza robustirostris",NA,NA,FALSE,FALSE,NA,"Partial migrant","local dispersal","Invertivore","Carnivore","Insessorial","understory",2,"LC","not listed","not listed","new_england",3779,0,FALSE,NA,NA,NA,NA,NA,NA,NA,NA,NA,NA,FALSE,NA,NA,NA,334105,0.839351632786928,"2026-07-04"
"Slaty-backed Thornbill","Acanthiza robustirostris",NA,NA,FALSE,FALSE,NA,"Partial migrant","local dispersal","Invertivore","Carnivore","Insessorial","understory",2,"LC","not listed","not listed","south_west",1551,0,FALSE,NA,NA,NA,NA,NA,NA,NA,NA,NA,NA,FALSE,NA,NA,NA,334105,0.839351632786928,"2026-07-04"
"Pink Robin","Petroica rodinogaster","u383a","Petroica rodinogaster inexpectata",TRUE,FALSE,NA,"Partial migrant","local dispersal;partial migrant","Invertivore","Carnivore","Insessorial","ground",2,"LC","not listed","VU","statewide",324809,48,TRUE,0.933731315162203,2.71403781859277,238,"26 Aug",1,TRUE,126,265,"06 May","22 Sep",FALSE,0.000272872633555186,0.642364278106867,FALSE,334105,0.515672995824769,"2026-07-04"
"Pink Robin","Petroica rodinogaster","u383a","Petroica rodinogaster inexpectata",TRUE,FALSE,NA,"Partial migrant","local dispersal;partial migrant","Invertivore","Carnivore","Insessorial","ground",2,"LC","not listed","VU","central_west",3970,0,FALSE,NA,NA,NA,NA,NA,NA,NA,NA,NA,NA,FALSE,0,0,TRUE,334105,0.515672995824769,"2026-07-04"
"Pink Robin","Petroica rodinogaster","u383a","Petroica rodinogaster inexpectata",TRUE,FALSE,NA,"Partial migrant","local dispersal;partial migrant","Invertivore","Carnivore","Insessorial","ground",2,"LC","not listed","VU","new_england",3779,0,FALSE,NA,NA,NA,NA,NA,NA,NA,NA,NA,NA,FALSE,0,0,TRUE,334105,0.515672995824769,"2026-07-04"
"Pink Robin","Petroica rodinogaster","u383a","Petroica rodinogaster inexpectata",TRUE,FALSE,NA,"Partial migrant","local dispersal;partial migrant","Invertivore","Carnivore","Insessorial","ground",2,"LC","not listed","VU","south_west",1547,0,FALSE,NA,NA,NA,NA,NA,NA,NA,NA,NA,NA,FALSE,3.6091196175205e-08,1.76254048603999,FALSE,334105,0.515672995824769,"2026-07-04"
"Malleefowl","Leipoa ocellata","u7","Leipoa ocellata",TRUE,FALSE,NA,"Sedentary","local dispersal","Omnivore","Herbivore","Terrestrial","ground",3,"VU","VU","EN","statewide",324812,203,TRUE,0.000235800771173134,0.000235828576546027,98,"08 Apr",0,FALSE,NA,NA,NA,NA,FALSE,0.00076043802202935,0.650097068254542,FALSE,334105,0.726943536732574,"2026-07-04"
"Malleefowl","Leipoa ocellata","u7","Leipoa ocellata",TRUE,FALSE,NA,"Sedentary","local dispersal","Omnivore","Herbivore","Terrestrial","ground",3,"VU","VU","EN","central_west",3970,0,FALSE,NA,NA,NA,NA,NA,NA,NA,NA,NA,NA,FALSE,7.61771576974665e-08,2.06050904187612,FALSE,334105,0.726943536732574,"2026-07-04"
"Malleefowl","Leipoa ocellata","u7","Leipoa ocellata",TRUE,FALSE,NA,"Sedentary","local dispersal","Omnivore","Herbivore","Terrestrial","ground",3,"VU","VU","EN","new_england",3780,0,FALSE,NA,NA,NA,NA,NA,NA,NA,NA,NA,NA,FALSE,0,0,TRUE,334105,0.726943536732574,"2026-07-04"
"Malleefowl","Leipoa ocellata","u7","Leipoa ocellata",TRUE,FALSE,NA,"Sedentary","local dispersal","Omnivore","Herbivore","Terrestrial","ground",3,"VU","VU","EN","south_west",1543,1,FALSE,NA,NA,NA,NA,NA,NA,NA,NA,NA,NA,FALSE,0.0098315399055326,0.312298361328028,FALSE,334105,0.726943536732574,"2026-07-04"
"Buller's Shearwater","Ardenna bulleri",NA,NA,FALSE,FALSE,NA,"Migratory","total migrant","Aquatic predator","Carnivore","Aquatic","pelagic",4,"VU","not listed","not listed","statewide",324802,5,FALSE,NA,NA,NA,NA,NA,NA,NA,NA,NA,NA,FALSE,NA,NA,NA,334105,0.638856584905669,"2026-07-04"
"Buller's Shearwater","Ardenna bulleri",NA,NA,FALSE,FALSE,NA,"Migratory","total migrant","Aquatic predator","Carnivore","Aquatic","pelagic",4,"VU","not listed","not listed","central_west",3970,0,FALSE,NA,NA,NA,NA,NA,NA,NA,NA,NA,NA,FALSE,NA,NA,NA,334105,0.638856584905669,"2026-07-04"
"Buller's Shearwater","Ardenna bulleri",NA,NA,FALSE,FALSE,NA,"Migratory","total migrant","Aquatic predator","Carnivore","Aquatic","pelagic",4,"VU","not listed","not listed","new_england",3780,0,FALSE,NA,NA,NA,NA,NA,NA,NA,NA,NA,NA,FALSE,NA,NA,NA,334105,0.638856584905669,"2026-07-04"
"Buller's Shearwater","Ardenna bulleri",NA,NA,FALSE,FALSE,NA,"Migratory","total migrant","Aquatic predator","Carnivore","Aquatic","pelagic",4,"VU","not listed","not listed","south_west",1553,0,FALSE,NA,NA,NA,NA,NA,NA,NA,NA,NA,NA,FALSE,NA,NA,NA,334105,0.638856584905669,"2026-07-04"
"Banded Whiteface","Aphelocephala nigricincta",NA,NA,FALSE,FALSE,NA,"Sedentary","local dispersal","Invertivore","Carnivore","Terrestrial","ground",3,"LC","not listed","not listed","statewide",324807,35,TRUE,0.00114058268673267,0.00114123364619445,153,"02 Jun",0,FALSE,NA,NA,NA,NA,FALSE,NA,NA,NA,334105,0.9164057739741,"2026-07-04"
"Banded Whiteface","Aphelocephala nigricincta",NA,NA,FALSE,FALSE,NA,"Sedentary","local dispersal","Invertivore","Carnivore","Terrestrial","ground",3,"LC","not listed","not listed","central_west",3967,0,FALSE,NA,NA,NA,NA,NA,NA,NA,NA,NA,NA,FALSE,NA,NA,NA,334105,0.9164057739741,"2026-07-04"
"Banded Whiteface","Aphelocephala nigricincta",NA,NA,FALSE,FALSE,NA,"Sedentary","local dispersal","Invertivore","Carnivore","Terrestrial","ground",3,"LC","not listed","not listed","new_england",3780,0,FALSE,NA,NA,NA,NA,NA,NA,NA,NA,NA,NA,FALSE,NA,NA,NA,334105,0.9164057739741,"2026-07-04"
"Banded Whiteface","Aphelocephala nigricincta",NA,NA,FALSE,FALSE,NA,"Sedentary","local dispersal","Invertivore","Carnivore","Terrestrial","ground",3,"LC","not listed","not listed","south_west",1551,0,FALSE,NA,NA,NA,NA,NA,NA,NA,NA,NA,NA,FALSE,NA,NA,NA,334105,0.9164057739741,"2026-07-04"
"Pacific Baza","Aviceda subcristata","u234","Aviceda subcristata subcristata",TRUE,FALSE,NA,"Sedentary","local dispersal;partial migrant","Omnivore","Carnivore","Insessorial","canopy",6,"LC","not listed","not listed","statewide",324810,2194,TRUE,0.409877973784377,0.527425939373249,326,"22 Nov",0.001,FALSE,NA,NA,NA,NA,FALSE,0.00191777022122,0.149514362415309,FALSE,334105,0.405703589253435,"2026-07-06"
"Pacific Baza","Aviceda subcristata","u234","Aviceda subcristata subcristata",TRUE,FALSE,NA,"Sedentary","local dispersal;partial migrant","Omnivore","Carnivore","Insessorial","canopy",6,"LC","not listed","not listed","central_west",3966,3,FALSE,NA,NA,NA,NA,NA,NA,NA,NA,NA,NA,FALSE,3.45682352012931e-06,0.160935323271486,FALSE,334105,0.405703589253435,"2026-07-06"
"Pacific Baza","Aviceda subcristata","u234","Aviceda subcristata subcristata",TRUE,FALSE,NA,"Sedentary","local dispersal;partial migrant","Omnivore","Carnivore","Insessorial","canopy",6,"LC","not listed","not listed","new_england",3780,3,FALSE,NA,NA,NA,NA,NA,NA,NA,NA,NA,NA,FALSE,0.00102608969546195,0.232605350267254,FALSE,334105,0.405703589253435,"2026-07-06"
"Pacific Baza","Aviceda subcristata","u234","Aviceda subcristata subcristata",TRUE,FALSE,NA,"Sedentary","local dispersal;partial migrant","Omnivore","Carnivore","Insessorial","canopy",6,"LC","not listed","not listed","south_west",1549,0,FALSE,NA,NA,NA,NA,NA,NA,NA,NA,NA,NA,FALSE,0,0,TRUE,334105,0.405703589253435,"2026-07-06"
"Flame Robin","Petroica phoenicea","u382","Petroica phoenicea",TRUE,FALSE,NA,"Migratory","local dispersal;partial migrant","Invertivore","Carnivore","Insessorial","ground",3,"LC","not listed","VU","statewide",324795,3989,TRUE,0.980789757683719,3.95231168821144,184,"03 Jul",1,TRUE,116,243,"26 Apr","31 Aug",FALSE,0.265932380197892,0.121101074978304,FALSE,334105,0.723842185827622,"2026-07-06"
"Flame Robin","Petroica phoenicea","u382","Petroica phoenicea",TRUE,FALSE,NA,"Migratory","local dispersal;partial migrant","Invertivore","Carnivore","Insessorial","ground",3,"LC","not listed","VU","central_west",3971,6,FALSE,NA,NA,NA,NA,NA,NA,NA,NA,NA,NA,FALSE,0.0170502828008467,0.106402104504286,FALSE,334105,0.723842185827622,"2026-07-06"
"Flame Robin","Petroica phoenicea","u382","Petroica phoenicea",TRUE,FALSE,NA,"Migratory","local dispersal;partial migrant","Invertivore","Carnivore","Insessorial","ground",3,"LC","not listed","VU","new_england",3781,20,TRUE,0.980878777428722,3.95695643139062,181,"30 Jun",1,TRUE,116,243,"26 Apr","31 Aug",FALSE,1.35886395015529,0.124430131080745,FALSE,334105,0.723842185827622,"2026-07-06"
"Flame Robin","Petroica phoenicea","u382","Petroica phoenicea",TRUE,FALSE,NA,"Migratory","local dispersal;partial migrant","Invertivore","Carnivore","Insessorial","ground",3,"LC","not listed","VU","south_west",1558,0,FALSE,NA,NA,NA,NA,NA,NA,NA,NA,NA,NA,FALSE,0.00306956064100084,0.135860185072972,FALSE,334105,0.723842185827622,"2026-07-06"
"Stubble Quail","Coturnix pectoralis","u9","Coturnix pectoralis",TRUE,FALSE,NA,"Sedentary","local dispersal;nomadic;irruptive","Granivore","Herbivore","Terrestrial","ground",3,"LC","not listed","not listed","statewide",324793,1826,TRUE,0.873213921907653,2.06525403723123,4,"04 Jan",1,TRUE,311,70,"07 Nov","11 Mar",TRUE,0.554166129054146,0.191275123646454,FALSE,334105,0.62356471202391,"2026-07-06"
"Stubble Quail","Coturnix pectoralis","u9","Coturnix pectoralis",TRUE,FALSE,NA,"Sedentary","local dispersal;nomadic;irruptive","Granivore","Herbivore","Terrestrial","ground",3,"LC","not listed","not listed","central_west",3973,26,TRUE,0.87385521906292,2.07032497663296,5,"05 Jan",1,TRUE,312,70,"08 Nov","11 Mar",TRUE,0.348644978432583,0.17894861953965,FALSE,334105,0.62356471202391,"2026-07-06"
"Stubble Quail","Coturnix pectoralis","u9","Coturnix pectoralis",TRUE,FALSE,NA,"Sedentary","local dispersal;nomadic;irruptive","Granivore","Herbivore","Terrestrial","ground",3,"LC","not listed","not listed","new_england",3781,72,TRUE,0.874529414122066,2.07568392335515,6,"06 Jan",1,TRUE,312,70,"08 Nov","11 Mar",TRUE,0.394816320328182,0.187732546973456,FALSE,334105,0.62356471202391,"2026-07-06"
"Stubble Quail","Coturnix pectoralis","u9","Coturnix pectoralis",TRUE,FALSE,NA,"Sedentary","local dispersal;nomadic;irruptive","Granivore","Herbivore","Terrestrial","ground",3,"LC","not listed","not listed","south_west",1558,82,TRUE,0.706622974420094,1.22629672042948,363,"29 Dec",0.972,TRUE,300,38,"27 Oct","07 Feb",TRUE,1.8132210826161,0.185364973492621,FALSE,334105,0.62356471202391,"2026-07-06"
"Hooded Robin","Melanodryas cucullata","u385a;u385c","Melanodryas cucullata cucullata;Melanodryas cucullata picata",TRUE,TRUE,"multiple_nsw_subspecies","Sedentary","local dispersal","Invertivore","Carnivore","Insessorial","ground",2,"LC","EN","VU","statewide",324812,3205,TRUE,0.377994411988337,0.474806202341732,151,"31 May",0,FALSE,NA,NA,NA,NA,FALSE,0.113810355867734,0.327575981438737,FALSE,334105,0.601518398723067,"2026-07-06"
"Hooded Robin","Melanodryas cucullata","u385a;u385c","Melanodryas cucullata cucullata;Melanodryas cucullata picata",TRUE,TRUE,"multiple_nsw_subspecies","Sedentary","local dispersal","Invertivore","Carnivore","Insessorial","ground",2,"LC","EN","VU","central_west",3969,67,TRUE,0.379355233494703,0.476996395335926,153,"02 Jun",0,FALSE,NA,NA,NA,NA,FALSE,0.0884840024526839,0.154703714737227,FALSE,334105,0.601518398723067,"2026-07-06"
"Hooded Robin","Melanodryas cucullata","u385a;u385c","Melanodryas cucullata cucullata;Melanodryas cucullata picata",TRUE,TRUE,"multiple_nsw_subspecies","Sedentary","local dispersal","Invertivore","Carnivore","Insessorial","ground",2,"LC","EN","VU","new_england",3778,38,TRUE,0.375684361947112,0.471099208288725,151,"31 May",0,FALSE,NA,NA,NA,NA,FALSE,0.00934390743131123,0.754102940770115,FALSE,334105,0.601518398723067,"2026-07-06"
"Hooded Robin","Melanodryas cucullata","u385a;u385c","Melanodryas cucullata cucullata;Melanodryas cucullata picata",TRUE,TRUE,"multiple_nsw_subspecies","Sedentary","local dispersal","Invertivore","Carnivore","Insessorial","ground",2,"LC","EN","VU","south_west",1546,21,TRUE,0.374038006903237,0.468465623628137,154,"03 Jun",0,FALSE,NA,NA,NA,NA,FALSE,0.218065354668244,0.190237498848182,FALSE,334105,0.601518398723067,"2026-07-06"
"Diamond Dove","Geopelia cuneata","u31","Geopelia cuneata",TRUE,FALSE,NA,"Sedentary","local dispersal;partial migrant;nomadic","Granivore","Herbivore","Terrestrial","ground",2,"LC","not listed","not listed","statewide",324800,1202,TRUE,0.819163291333915,1.71016081697526,17,"17 Jan",1,TRUE,317,80,"13 Nov","21 Mar",TRUE,0.405529158179632,0.23161262955839,FALSE,334105,0.795252740700585,"2026-07-06"
"Diamond Dove","Geopelia cuneata","u31","Geopelia cuneata",TRUE,FALSE,NA,"Sedentary","local dispersal;partial migrant;nomadic","Granivore","Herbivore","Terrestrial","ground",2,"LC","not listed","not listed","central_west",3967,8,FALSE,NA,NA,NA,NA,NA,NA,NA,NA,NA,NA,FALSE,0.0200475491671489,0.219240095964532,FALSE,334105,0.795252740700585,"2026-07-06"
"Diamond Dove","Geopelia cuneata","u31","Geopelia cuneata",TRUE,FALSE,NA,"Sedentary","local dispersal;partial migrant;nomadic","Granivore","Herbivore","Terrestrial","ground",2,"LC","not listed","not listed","new_england",3782,6,FALSE,NA,NA,NA,NA,NA,NA,NA,NA,NA,NA,FALSE,0.000680748944746611,0.29644573810118,FALSE,334105,0.795252740700585,"2026-07-06"
"Diamond Dove","Geopelia cuneata","u31","Geopelia cuneata",TRUE,FALSE,NA,"Sedentary","local dispersal;partial migrant;nomadic","Granivore","Herbivore","Terrestrial","ground",2,"LC","not listed","not listed","south_west",1556,4,FALSE,NA,NA,NA,NA,NA,NA,NA,NA,NA,NA,FALSE,0.0325682336929955,0.238766711040866,FALSE,334105,0.795252740700585,"2026-07-06"
"Plum-headed Finch","Emblema modestum","u661","Neochmia modesta",TRUE,FALSE,NA,"Sedentary","local dispersal;nomadic","Granivore","Herbivore","Terrestrial","ground",NA,NA,"not listed","not listed","statewide",324807,1325,TRUE,0.523303190852479,0.740874610421784,89,"30 Mar",0.641,FALSE,NA,NA,NA,NA,FALSE,0.374254427266432,0.236180816511679,FALSE,334103,0.762970136688705,"2026-07-06"
"Plum-headed Finch","Emblema modestum","u661","Neochmia modesta",TRUE,FALSE,NA,"Sedentary","local dispersal;nomadic","Granivore","Herbivore","Terrestrial","ground",NA,NA,"not listed","not listed","central_west",3972,94,TRUE,0.814363690928243,1.68396584698869,122,"02 May",0.995,TRUE,52,198,"21 Feb","17 Jul",FALSE,0.599901975517193,0.183188003833329,FALSE,334103,0.762970136688705,"2026-07-06"
"Plum-headed Finch","Emblema modestum","u661","Neochmia modesta",TRUE,FALSE,NA,"Sedentary","local dispersal;nomadic","Granivore","Herbivore","Terrestrial","ground",NA,NA,"not listed","not listed","new_england",3782,104,TRUE,0.994058942847887,5.1258681897064,22,"22 Jan",1,TRUE,326,88,"22 Nov","29 Mar",TRUE,0.0879632833569293,0.25810312594306,FALSE,334103,0.762970136688705,"2026-07-06"
"Plum-headed Finch","Emblema modestum","u661","Neochmia modesta",TRUE,FALSE,NA,"Sedentary","local dispersal;nomadic","Granivore","Herbivore","Terrestrial","ground",NA,NA,"not listed","not listed","south_west",1542,0,FALSE,NA,NA,NA,NA,NA,NA,NA,NA,NA,NA,FALSE,0,0,TRUE,334103,0.762970136688705,"2026-07-06"
"Crimson Chat","Epthianura tricolor","u449","Epthianura tricolor",TRUE,FALSE,NA,"Sedentary","nomadic","Invertivore","Carnivore","Generalist","ground",3,"LC","not listed","not listed","statewide",324808,1006,TRUE,0.97540415686731,3.7051778286682,281,"08 Oct",1,TRUE,229,350,"17 Aug","16 Dec",FALSE,1.75284074939998,0.277857016438126,FALSE,334105,0.835338228111132,"2026-07-06"
"Crimson Chat","Epthianura tricolor","u449","Epthianura tricolor",TRUE,FALSE,NA,"Sedentary","nomadic","Invertivore","Carnivore","Generalist","ground",3,"LC","not listed","not listed","central_west",3970,3,FALSE,NA,NA,NA,NA,NA,NA,NA,NA,NA,NA,FALSE,0.00712198773170087,0.299154246846835,FALSE,334105,0.835338228111132,"2026-07-06"
"Crimson Chat","Epthianura tricolor","u449","Epthianura tricolor",TRUE,FALSE,NA,"Sedentary","nomadic","Invertivore","Carnivore","Generalist","ground",3,"LC","not listed","not listed","new_england",3779,1,FALSE,NA,NA,NA,NA,NA,NA,NA,NA,NA,NA,FALSE,0,0,TRUE,334105,0.835338228111132,"2026-07-06"
"Crimson Chat","Epthianura tricolor","u449","Epthianura tricolor",TRUE,FALSE,NA,"Sedentary","nomadic","Invertivore","Carnivore","Generalist","ground",3,"LC","not listed","not listed","south_west",1548,3,FALSE,NA,NA,NA,NA,NA,NA,NA,NA,NA,NA,FALSE,0.375793303045495,0.265232903130231,FALSE,334105,0.835338228111132,"2026-07-06"
"Painted Buttonquail","Turnix varius","u14a","Turnix varius varius",TRUE,FALSE,NA,"Sedentary","local dispersal;partial migrant","Omnivore","Herbivore","Terrestrial","ground",4,"LC","VU","not listed","statewide",324799,1435,TRUE,0.000449619874112295,0.000449720983436208,145,"25 May",0,FALSE,NA,NA,NA,NA,FALSE,0.00888191912021616,0.180101023122083,FALSE,334105,0.402152031078027,"2026-07-06"
"Painted Buttonquail","Turnix varius","u14a","Turnix varius varius",TRUE,FALSE,NA,"Sedentary","local dispersal;partial migrant","Omnivore","Herbivore","Terrestrial","ground",4,"LC","VU","not listed","central_west",3972,13,FALSE,NA,NA,NA,NA,NA,NA,NA,NA,NA,NA,FALSE,0.0156292456957258,0.153171066003962,FALSE,334105,0.402152031078027,"2026-07-06"
"Painted Buttonquail","Turnix varius","u14a","Turnix varius varius",TRUE,FALSE,NA,"Sedentary","local dispersal;partial migrant","Omnivore","Herbivore","Terrestrial","ground",4,"LC","VU","not listed","new_england",3780,19,FALSE,NA,NA,NA,NA,NA,NA,NA,NA,NA,NA,FALSE,0.00875832112129612,0.151909938469516,FALSE,334105,0.402152031078027,"2026-07-06"
"Painted Buttonquail","Turnix varius","u14a","Turnix varius varius",TRUE,FALSE,NA,"Sedentary","local dispersal;partial migrant","Omnivore","Herbivore","Terrestrial","ground",4,"LC","VU","not listed","south_west",1554,7,FALSE,NA,NA,NA,NA,NA,NA,NA,NA,NA,NA,FALSE,0.00363539439210562,0.208939015053312,FALSE,334105,0.402152031078027,"2026-07-06"
"Beach Thick-knee","Esacus magnirostris","u175","Esacus magnirostris",TRUE,FALSE,NA,"Partial migrant",NA,"Invertivore","Carnivore","Terrestrial","ground",1,"NT",NA,NA,"statewide",324795,566,TRUE,0.000151931924031623,0.000151943466855542,172,"21 Jun",0,FALSE,NA,NA,NA,NA,FALSE,0.00302898707983526,532.000210437894,FALSE,334105,0.658370393611241,"2026-07-06"
"Beach Thick-knee","Esacus magnirostris","u175","Esacus magnirostris",TRUE,FALSE,NA,"Partial migrant",NA,"Invertivore","Carnivore","Terrestrial","ground",1,"NT",NA,NA,"central_west",3970,0,FALSE,NA,NA,NA,NA,NA,NA,NA,NA,NA,NA,FALSE,0,0,TRUE,334105,0.658370393611241,"2026-07-06"
"Beach Thick-knee","Esacus magnirostris","u175","Esacus magnirostris",TRUE,FALSE,NA,"Partial migrant",NA,"Invertivore","Carnivore","Terrestrial","ground",1,"NT",NA,NA,"new_england",3781,0,FALSE,NA,NA,NA,NA,NA,NA,NA,NA,NA,NA,FALSE,0,0,TRUE,334105,0.658370393611241,"2026-07-06"
"Beach Thick-knee","Esacus magnirostris","u175","Esacus magnirostris",TRUE,FALSE,NA,"Partial migrant",NA,"Invertivore","Carnivore","Terrestrial","ground",1,"NT",NA,NA,"south_west",1559,0,FALSE,NA,NA,NA,NA,NA,NA,NA,NA,NA,NA,FALSE,0,0,TRUE,334105,0.658370393611241,"2026-07-06"
"Great Knot","Calidris tenuirostris","u165","Calidris tenuirostris",TRUE,FALSE,NA,"Migratory","total migrant","Aquatic predator","Carnivore","Terrestrial","ground",4,"EN","not listed","VU","statewide",324802,507,TRUE,0.955579683773047,3.11405834151929,329,"25 Nov",1,TRUE,274,79,"01 Oct","20 Mar",TRUE,0.000287301382536081,0.847073744819805,FALSE,334096,0.937636267781467,"2026-07-06"
"Great Knot","Calidris tenuirostris","u165","Calidris tenuirostris",TRUE,FALSE,NA,"Migratory","total migrant","Aquatic predator","Carnivore","Terrestrial","ground",4,"EN","not listed","VU","central_west",3968,0,FALSE,NA,NA,NA,NA,NA,NA,NA,NA,NA,NA,FALSE,0,0,TRUE,334096,0.937636267781467,"2026-07-06"
"Great Knot","Calidris tenuirostris","u165","Calidris tenuirostris",TRUE,FALSE,NA,"Migratory","total migrant","Aquatic predator","Carnivore","Terrestrial","ground",4,"EN","not listed","VU","new_england",3779,0,FALSE,NA,NA,NA,NA,NA,NA,NA,NA,NA,NA,FALSE,0,0,TRUE,334096,0.937636267781467,"2026-07-06"
"Great Knot","Calidris tenuirostris","u165","Calidris tenuirostris",TRUE,FALSE,NA,"Migratory","total migrant","Aquatic predator","Carnivore","Terrestrial","ground",4,"EN","not listed","VU","south_west",1547,0,FALSE,NA,NA,NA,NA,NA,NA,NA,NA,NA,NA,FALSE,0,0,TRUE,334096,0.937636267781467,"2026-07-06"
"Wood Sandpiper","Tringa glareola","u154","Tringa glareola",TRUE,FALSE,NA,"Migratory","total migrant","Aquatic predator","Carnivore","Terrestrial","around-water",8,"LC","not listed","not listed","statewide",324811,122,TRUE,0.93473245745952,2.72926041771825,345,"11 Dec",1,TRUE,345,345,"11 Dec","11 Dec",FALSE,2.25209278683779e-06,0.276576997373592,FALSE,334105,0.53830781988956,"2026-07-10"
"Wood Sandpiper","Tringa glareola","u154","Tringa glareola",TRUE,FALSE,NA,"Migratory","total migrant","Aquatic predator","Carnivore","Terrestrial","around-water",8,"LC","not listed","not listed","central_west",3968,4,FALSE,NA,NA,NA,NA,NA,NA,NA,NA,NA,NA,FALSE,0,0,TRUE,334105,0.53830781988956,"2026-07-10"
"Wood Sandpiper","Tringa glareola","u154","Tringa glareola",TRUE,FALSE,NA,"Migratory","total migrant","Aquatic predator","Carnivore","Terrestrial","around-water",8,"LC","not listed","not listed","new_england",3776,0,FALSE,NA,NA,NA,NA,NA,NA,NA,NA,NA,NA,FALSE,0,0,TRUE,334105,0.53830781988956,"2026-07-10"
"Wood Sandpiper","Tringa glareola","u154","Tringa glareola",TRUE,FALSE,NA,"Migratory","total migrant","Aquatic predator","Carnivore","Terrestrial","around-water",8,"LC","not listed","not listed","south_west",1550,0,FALSE,NA,NA,NA,NA,NA,NA,NA,NA,NA,NA,FALSE,0,0,TRUE,334105,0.53830781988956,"2026-07-10"
"Red-tailed Black-Cockatoo","Calyptorhynchus banksii","u264a;u264e","Calyptorhynchus banksii banksii;Calyptorhynchus banksii samueli",TRUE,TRUE,"multiple_nsw_subspecies","Sedentary","local dispersal;nomadic","Granivore","Herbivore","Insessorial","ground",1,"LC","EN","CR","statewide",324803,414,TRUE,0.732834482332999,1.31988689629485,146,"26 May",1,TRUE,62,223,"03 Mar","11 Aug",FALSE,0.0383110578598411,0.27681347126703,FALSE,334105,0.914041603981556,"2026-07-06"
"Red-tailed Black-Cockatoo","Calyptorhynchus banksii","u264a;u264e","Calyptorhynchus banksii banksii;Calyptorhynchus banksii samueli",TRUE,TRUE,"multiple_nsw_subspecies","Sedentary","local dispersal;nomadic","Granivore","Herbivore","Insessorial","ground",1,"LC","EN","CR","central_west",3967,0,FALSE,NA,NA,NA,NA,NA,NA,NA,NA,NA,NA,FALSE,0,0,TRUE,334105,0.914041603981556,"2026-07-06"
"Red-tailed Black-Cockatoo","Calyptorhynchus banksii","u264a;u264e","Calyptorhynchus banksii banksii;Calyptorhynchus banksii samueli",TRUE,TRUE,"multiple_nsw_subspecies","Sedentary","local dispersal;nomadic","Granivore","Herbivore","Insessorial","ground",1,"LC","EN","CR","new_england",3781,0,FALSE,NA,NA,NA,NA,NA,NA,NA,NA,NA,NA,FALSE,0,0,TRUE,334105,0.914041603981556,"2026-07-06"
"Red-tailed Black-Cockatoo","Calyptorhynchus banksii","u264a;u264e","Calyptorhynchus banksii banksii;Calyptorhynchus banksii samueli",TRUE,TRUE,"multiple_nsw_subspecies","Sedentary","local dispersal;nomadic","Granivore","Herbivore","Insessorial","ground",1,"LC","EN","CR","south_west",1554,0,FALSE,NA,NA,NA,NA,NA,NA,NA,NA,NA,NA,FALSE,0,0,TRUE,334105,0.914041603981556,"2026-07-06"
"Sooty Tern","Onychoprion fuscatus",NA,NA,FALSE,FALSE,NA,"Partial migrant","total migrant","Aquatic predator","Carnivore","Aerial","pelagic",3,"LC","not listed","VU","statewide",324797,28,TRUE,0.99988865409582,9.10286894823003,36,"05 Feb",1,TRUE,36,36,"05 Feb","05 Feb",FALSE,NA,NA,NA,334105,0.881400009951038,"2026-07-06"
"Sooty Tern","Onychoprion fuscatus",NA,NA,FALSE,FALSE,NA,"Partial migrant","total migrant","Aquatic predator","Carnivore","Aerial","pelagic",3,"LC","not listed","VU","central_west",3968,0,FALSE,NA,NA,NA,NA,NA,NA,NA,NA,NA,NA,FALSE,NA,NA,NA,334105,0.881400009951038,"2026-07-06"
"Sooty Tern","Onychoprion fuscatus",NA,NA,FALSE,FALSE,NA,"Partial migrant","total migrant","Aquatic predator","Carnivore","Aerial","pelagic",3,"LC","not listed","VU","new_england",3781,0,FALSE,NA,NA,NA,NA,NA,NA,NA,NA,NA,NA,FALSE,NA,NA,NA,334105,0.881400009951038,"2026-07-06"
"Sooty Tern","Onychoprion fuscatus",NA,NA,FALSE,FALSE,NA,"Partial migrant","total migrant","Aquatic predator","Carnivore","Aerial","pelagic",3,"LC","not listed","VU","south_west",1559,0,FALSE,NA,NA,NA,NA,NA,NA,NA,NA,NA,NA,FALSE,NA,NA,NA,334105,0.881400009951038,"2026-07-06"
"Rufous Scrub-bird","Atrichornis rufescens","u355a;u355b","Atrichornis rufescens ferrieri;Atrichornis rufescens rufescens",TRUE,TRUE,"multiple_nsw_subspecies","Sedentary","local dispersal","Invertivore","Carnivore","Terrestrial","ground",2,"EN","EN","VU","statewide",324805,254,TRUE,0.577110068961379,0.860643344107025,284,"11 Oct",0.82,FALSE,NA,NA,NA,NA,FALSE,0.000504226079244768,0.34946664846545,FALSE,334105,0.792550322162402,"2026-07-06"
"Rufous Scrub-bird","Atrichornis rufescens","u355a;u355b","Atrichornis rufescens ferrieri;Atrichornis rufescens rufescens",TRUE,TRUE,"multiple_nsw_subspecies","Sedentary","local dispersal","Invertivore","Carnivore","Terrestrial","ground",2,"EN","EN","VU","central_west",3969,0,FALSE,NA,NA,NA,NA,NA,NA,NA,NA,NA,NA,FALSE,0,0,TRUE,334105,0.792550322162402,"2026-07-06"
"Rufous Scrub-bird","Atrichornis rufescens","u355a;u355b","Atrichornis rufescens ferrieri;Atrichornis rufescens rufescens",TRUE,TRUE,"multiple_nsw_subspecies","Sedentary","local dispersal","Invertivore","Carnivore","Terrestrial","ground",2,"EN","EN","VU","new_england",3782,0,FALSE,NA,NA,NA,NA,NA,NA,NA,NA,NA,NA,FALSE,5.73700705423044e-05,0.261616587638855,FALSE,334105,0.792550322162402,"2026-07-06"
"Rufous Scrub-bird","Atrichornis rufescens","u355a;u355b","Atrichornis rufescens ferrieri;Atrichornis rufescens rufescens",TRUE,TRUE,"multiple_nsw_subspecies","Sedentary","local dispersal","Invertivore","Carnivore","Terrestrial","ground",2,"EN","EN","VU","south_west",1549,0,FALSE,NA,NA,NA,NA,NA,NA,NA,NA,NA,NA,FALSE,0,0,TRUE,334105,0.792550322162402,"2026-07-06"
"Australian Fairy Tern","Sternula nereis","u118b","Sternula nereis nereis",TRUE,FALSE,NA,"Partial migrant","local dispersal;partial migrant","Aquatic predator","Carnivore","Aerial",NA,1,"VU","VU","not listed","statewide",324804,60,TRUE,0.978067996339609,3.81980835454306,343,"09 Dec",1,TRUE,343,343,"09 Dec","09 Dec",FALSE,8.75224368447711e-06,0.971832535656599,FALSE,334105,0.878340490765901,"2026-07-06"
"Australian Fairy Tern","Sternula nereis","u118b","Sternula nereis nereis",TRUE,FALSE,NA,"Partial migrant","local dispersal;partial migrant","Aquatic predator","Carnivore","Aerial",NA,1,"VU","VU","not listed","central_west",3968,0,FALSE,NA,NA,NA,NA,NA,NA,NA,NA,NA,NA,FALSE,0,0,TRUE,334105,0.878340490765901,"2026-07-06"
"Australian Fairy Tern","Sternula nereis","u118b","Sternula nereis nereis",TRUE,FALSE,NA,"Partial migrant","local dispersal;partial migrant","Aquatic predator","Carnivore","Aerial",NA,1,"VU","VU","not listed","new_england",3780,0,FALSE,NA,NA,NA,NA,NA,NA,NA,NA,NA,NA,FALSE,0,0,TRUE,334105,0.878340490765901,"2026-07-06"
"Australian Fairy Tern","Sternula nereis","u118b","Sternula nereis nereis",TRUE,FALSE,NA,"Partial migrant","local dispersal;partial migrant","Aquatic predator","Carnivore","Aerial",NA,1,"VU","VU","not listed","south_west",1553,0,FALSE,NA,NA,NA,NA,NA,NA,NA,NA,NA,NA,FALSE,0,0,TRUE,334105,0.878340490765901,"2026-07-06"
"Black Noddy","Anous minutus",NA,NA,FALSE,FALSE,NA,"Partial migrant","local dispersal","Aquatic predator","Carnivore","Aerial","pelagic",2,"LC","not listed","not listed","statewide",324806,14,FALSE,NA,NA,NA,NA,NA,NA,NA,NA,NA,NA,FALSE,NA,NA,NA,334105,0.653140665495632,"2026-07-06"
"Black Noddy","Anous minutus",NA,NA,FALSE,FALSE,NA,"Partial migrant","local dispersal","Aquatic predator","Carnivore","Aerial","pelagic",2,"LC","not listed","not listed","central_west",3968,0,FALSE,NA,NA,NA,NA,NA,NA,NA,NA,NA,NA,FALSE,NA,NA,NA,334105,0.653140665495632,"2026-07-06"
"Black Noddy","Anous minutus",NA,NA,FALSE,FALSE,NA,"Partial migrant","local dispersal","Aquatic predator","Carnivore","Aerial","pelagic",2,"LC","not listed","not listed","new_england",3779,0,FALSE,NA,NA,NA,NA,NA,NA,NA,NA,NA,NA,FALSE,NA,NA,NA,334105,0.653140665495632,"2026-07-06"
"Black Noddy","Anous minutus",NA,NA,FALSE,FALSE,NA,"Partial migrant","local dispersal","Aquatic predator","Carnivore","Aerial","pelagic",2,"LC","not listed","not listed","south_west",1552,0,FALSE,NA,NA,NA,NA,NA,NA,NA,NA,NA,NA,FALSE,NA,NA,NA,334105,0.653140665495632,"2026-07-06"
"Aleutian Tern","Onychoprion aleuticus",NA,NA,FALSE,FALSE,NA,"Migratory",NA,"Aquatic predator","Carnivore","Aerial","pelagic",5,"VU",NA,NA,"statewide",324806,43,TRUE,0.993588404374242,5.04964711145148,8,"08 Jan",1,TRUE,308,84,"04 Nov","25 Mar",TRUE,9.32126231291651e-05,2.28757567234257,FALSE,334105,0.961870743650337,"2026-07-06"
"Aleutian Tern","Onychoprion aleuticus",NA,NA,FALSE,FALSE,NA,"Migratory",NA,"Aquatic predator","Carnivore","Aerial","pelagic",5,"VU",NA,NA,"central_west",3967,0,FALSE,NA,NA,NA,NA,NA,NA,NA,NA,NA,NA,FALSE,3.66127832690066e-05,2.00508191386585,FALSE,334105,0.961870743650337,"2026-07-06"
"Aleutian Tern","Onychoprion aleuticus",NA,NA,FALSE,FALSE,NA,"Migratory",NA,"Aquatic predator","Carnivore","Aerial","pelagic",5,"VU",NA,NA,"new_england",3779,0,FALSE,NA,NA,NA,NA,NA,NA,NA,NA,NA,NA,FALSE,0.000193948573216114,2.08094519747592,FALSE,334105,0.961870743650337,"2026-07-06"
"Aleutian Tern","Onychoprion aleuticus",NA,NA,FALSE,FALSE,NA,"Migratory",NA,"Aquatic predator","Carnivore","Aerial","pelagic",5,"VU",NA,NA,"south_west",1553,0,FALSE,NA,NA,NA,NA,NA,NA,NA,NA,NA,NA,FALSE,2.84726402452468e-05,2.31922152993049,FALSE,334105,0.961870743650337,"2026-07-06"
"Flesh-footed Shearwater","Ardenna carneipes","u72","Ardenna carneipes",TRUE,FALSE,NA,"Migratory","total migrant","Aquatic predator","Carnivore","Aerial","pelagic",2,"NT","not listed","VU","statewide",324804,41,TRUE,0.999533841553572,7.67098496783626,58,"27 Feb",1,TRUE,18,101,"18 Jan","11 Apr",FALSE,NA,NA,NA,334105,0.937907599203028,"2026-07-06"
"Flesh-footed Shearwater","Ardenna carneipes","u72","Ardenna carneipes",TRUE,FALSE,NA,"Migratory","total migrant","Aquatic predator","Carnivore","Aerial","pelagic",2,"NT","not listed","VU","central_west",3966,0,FALSE,NA,NA,NA,NA,NA,NA,NA,NA,NA,NA,FALSE,NA,NA,NA,334105,0.937907599203028,"2026-07-06"
"Flesh-footed Shearwater","Ardenna carneipes","u72","Ardenna carneipes",TRUE,FALSE,NA,"Migratory","total migrant","Aquatic predator","Carnivore","Aerial","pelagic",2,"NT","not listed","VU","new_england",3781,0,FALSE,NA,NA,NA,NA,NA,NA,NA,NA,NA,NA,FALSE,NA,NA,NA,334105,0.937907599203028,"2026-07-06"
"Flesh-footed Shearwater","Ardenna carneipes","u72","Ardenna carneipes",TRUE,FALSE,NA,"Migratory","total migrant","Aquatic predator","Carnivore","Aerial","pelagic",2,"NT","not listed","VU","south_west",1554,0,FALSE,NA,NA,NA,NA,NA,NA,NA,NA,NA,NA,FALSE,NA,NA,NA,334105,0.937907599203028,"2026-07-06"
"Little Bronze-Cuckoo","Chalcites minutillus","u345a","Chalcites minutillus barnardi",TRUE,FALSE,NA,"Sedentary","local dispersal;partial migrant","Invertivore","Carnivore","Insessorial","canopy",6,"LC","not listed","not listed","statewide",324808,455,TRUE,0.940302791218202,2.81847001375033,310,"06 Nov",1,TRUE,258,27,"15 Sep","27 Jan",TRUE,0.000730983384997051,0.3074845206171,FALSE,334105,0.478880648859433,"2026-07-06"
"Little Bronze-Cuckoo","Chalcites minutillus","u345a","Chalcites minutillus barnardi",TRUE,FALSE,NA,"Sedentary","local dispersal;partial migrant","Invertivore","Carnivore","Insessorial","canopy",6,"LC","not listed","not listed","central_west",3969,0,FALSE,NA,NA,NA,NA,NA,NA,NA,NA,NA,NA,FALSE,0,0,TRUE,334105,0.478880648859433,"2026-07-06"
"Little Bronze-Cuckoo","Chalcites minutillus","u345a","Chalcites minutillus barnardi",TRUE,FALSE,NA,"Sedentary","local dispersal;partial migrant","Invertivore","Carnivore","Insessorial","canopy",6,"LC","not listed","not listed","new_england",3781,1,FALSE,NA,NA,NA,NA,NA,NA,NA,NA,NA,NA,FALSE,0.000165838445999222,0.538508408484794,FALSE,334105,0.478880648859433,"2026-07-06"
"Little Bronze-Cuckoo","Chalcites minutillus","u345a","Chalcites minutillus barnardi",TRUE,FALSE,NA,"Sedentary","local dispersal;partial migrant","Invertivore","Carnivore","Insessorial","canopy",6,"LC","not listed","not listed","south_west",1547,0,FALSE,NA,NA,NA,NA,NA,NA,NA,NA,NA,NA,FALSE,0,0,TRUE,334105,0.478880648859433,"2026-07-06"
"Spotted Nightjar","Eurostopodus argus",NA,NA,FALSE,FALSE,NA,"Sedentary","local dispersal;partial migrant","Invertivore","Carnivore","Aerial","understory",5,"LC","not listed","not listed","statewide",324799,209,TRUE,2.49300839577637e-05,2.4930394717515e-05,297,"24 Oct",0,FALSE,NA,NA,NA,NA,FALSE,0.14035886970258,0.307497499782341,FALSE,334105,0.686096496283634,"2026-07-06"
"Spotted Nightjar","Eurostopodus argus",NA,NA,FALSE,FALSE,NA,"Sedentary","local dispersal;partial migrant","Invertivore","Carnivore","Aerial","understory",5,"LC","not listed","not listed","central_west",3972,0,FALSE,NA,NA,NA,NA,NA,NA,NA,NA,NA,NA,FALSE,0.0127901976682938,0.329475370460139,FALSE,334105,0.686096496283634,"2026-07-06"
"Spotted Nightjar","Eurostopodus argus",NA,NA,FALSE,FALSE,NA,"Sedentary","local dispersal;partial migrant","Invertivore","Carnivore","Aerial","understory",5,"LC","not listed","not listed","new_england",3783,0,FALSE,NA,NA,NA,NA,NA,NA,NA,NA,NA,NA,FALSE,0,0,TRUE,334105,0.686096496283634,"2026-07-06"
"Spotted Nightjar","Eurostopodus argus",NA,NA,FALSE,FALSE,NA,"Sedentary","local dispersal;partial migrant","Invertivore","Carnivore","Aerial","understory",5,"LC","not listed","not listed","south_west",1551,1,FALSE,NA,NA,NA,NA,NA,NA,NA,NA,NA,NA,FALSE,0.203644011618018,0.293759672193759,FALSE,334105,0.686096496283634,"2026-07-06"
"Chestnut-breasted Quail-thrush","Cinclosoma castaneothorax",NA,NA,FALSE,FALSE,NA,"Sedentary","local dispersal","Invertivore","Carnivore","Terrestrial","ground",1,"LC","not listed","not listed","statewide",324805,121,TRUE,0.000264429873447436,0.000264464841190915,109,"19 Apr",0,FALSE,NA,NA,NA,NA,FALSE,0.00439003719765424,0.667747956792234,FALSE,334105,0.844241711025603,"2026-07-06"
"Chestnut-breasted Quail-thrush","Cinclosoma castaneothorax",NA,NA,FALSE,FALSE,NA,"Sedentary","local dispersal","Invertivore","Carnivore","Terrestrial","ground",1,"LC","not listed","not listed","central_west",3966,0,FALSE,NA,NA,NA,NA,NA,NA,NA,NA,NA,NA,FALSE,0,0,TRUE,334105,0.844241711025603,"2026-07-06"
"Chestnut-breasted Quail-thrush","Cinclosoma castaneothorax",NA,NA,FALSE,FALSE,NA,"Sedentary","local dispersal","Invertivore","Carnivore","Terrestrial","ground",1,"LC","not listed","not listed","new_england",3781,0,FALSE,NA,NA,NA,NA,NA,NA,NA,NA,NA,NA,FALSE,0,0,TRUE,334105,0.844241711025603,"2026-07-06"
"Chestnut-breasted Quail-thrush","Cinclosoma castaneothorax",NA,NA,FALSE,FALSE,NA,"Sedentary","local dispersal","Invertivore","Carnivore","Terrestrial","ground",1,"LC","not listed","not listed","south_west",1553,0,FALSE,NA,NA,NA,NA,NA,NA,NA,NA,NA,NA,FALSE,0,0,TRUE,334105,0.844241711025603,"2026-07-06"
"Hudsonian Godwit","Limosa haemastica",NA,NA,FALSE,FALSE,NA,"Migratory",NA,"Aquatic predator","Carnivore","Terrestrial","around-water",5,"VU","not listed","not listed","statewide",324821,12,FALSE,NA,NA,NA,NA,NA,NA,NA,NA,NA,NA,FALSE,NA,NA,NA,334105,0.564341582938735,"2026-07-06"
"Hudsonian Godwit","Limosa haemastica",NA,NA,FALSE,FALSE,NA,"Migratory",NA,"Aquatic predator","Carnivore","Terrestrial","around-water",5,"VU","not listed","not listed","central_west",3963,0,FALSE,NA,NA,NA,NA,NA,NA,NA,NA,NA,NA,FALSE,NA,NA,NA,334105,0.564341582938735,"2026-07-06"
"Hudsonian Godwit","Limosa haemastica",NA,NA,FALSE,FALSE,NA,"Migratory",NA,"Aquatic predator","Carnivore","Terrestrial","around-water",5,"VU","not listed","not listed","new_england",3776,0,FALSE,NA,NA,NA,NA,NA,NA,NA,NA,NA,NA,FALSE,NA,NA,NA,334105,0.564341582938735,"2026-07-06"
"Hudsonian Godwit","Limosa haemastica",NA,NA,FALSE,FALSE,NA,"Migratory",NA,"Aquatic predator","Carnivore","Terrestrial","around-water",5,"VU","not listed","not listed","south_west",1545,0,FALSE,NA,NA,NA,NA,NA,NA,NA,NA,NA,NA,FALSE,NA,NA,NA,334105,0.564341582938735,"2026-07-06"
"Superb Fruit-Dove","Ptilinopus superbus","u23","Ptilinopus superbus",TRUE,FALSE,NA,"Sedentary","local dispersal;partial migrant","Frugivore","Herbivore","Insessorial","mid-high",3,"LC","not listed","VU","statewide",324803,93,TRUE,0.875516332455223,2.0835807560621,351,"17 Dec",1,TRUE,303,44,"30 Oct","13 Feb",TRUE,3.6649692918864e-05,0.391121298288662,FALSE,334105,0.614174442667793,"2026-07-10"
"Superb Fruit-Dove","Ptilinopus superbus","u23","Ptilinopus superbus",TRUE,FALSE,NA,"Sedentary","local dispersal;partial migrant","Frugivore","Herbivore","Insessorial","mid-high",3,"LC","not listed","VU","central_west",3968,0,FALSE,NA,NA,NA,NA,NA,NA,NA,NA,NA,NA,FALSE,0,0,TRUE,334105,0.614174442667793,"2026-07-10"
"Superb Fruit-Dove","Ptilinopus superbus","u23","Ptilinopus superbus",TRUE,FALSE,NA,"Sedentary","local dispersal;partial migrant","Frugivore","Herbivore","Insessorial","mid-high",3,"LC","not listed","VU","new_england",3781,0,FALSE,NA,NA,NA,NA,NA,NA,NA,NA,NA,NA,FALSE,0,0,TRUE,334105,0.614174442667793,"2026-07-10"
"Superb Fruit-Dove","Ptilinopus superbus","u23","Ptilinopus superbus",TRUE,FALSE,NA,"Sedentary","local dispersal;partial migrant","Frugivore","Herbivore","Insessorial","mid-high",3,"LC","not listed","VU","south_west",1553,0,FALSE,NA,NA,NA,NA,NA,NA,NA,NA,NA,NA,FALSE,0,0,TRUE,334105,0.614174442667793,"2026-07-10"
"Little Penguin","Eudyptula minor","u5","Eudyptula minor novaehollandiae",TRUE,FALSE,NA,"Partial migrant","local dispersal","Aquatic predator","Carnivore","Aquatic","pelagic",3,"LC","not listed","EN (population)","statewide",324801,49,TRUE,0.198574686905027,0.221363495185869,95,"05 Apr",0,FALSE,NA,NA,NA,NA,FALSE,NA,NA,NA,334104,0.869570966099119,"2026-07-06"
"Little Penguin","Eudyptula minor","u5","Eudyptula minor novaehollandiae",TRUE,FALSE,NA,"Partial migrant","local dispersal","Aquatic predator","Carnivore","Aquatic","pelagic",3,"LC","not listed","EN (population)","central_west",3969,0,FALSE,NA,NA,NA,NA,NA,NA,NA,NA,NA,NA,FALSE,NA,NA,NA,334104,0.869570966099119,"2026-07-06"
"Little Penguin","Eudyptula minor","u5","Eudyptula minor novaehollandiae",TRUE,FALSE,NA,"Partial migrant","local dispersal","Aquatic predator","Carnivore","Aquatic","pelagic",3,"LC","not listed","EN (population)","new_england",3780,0,FALSE,NA,NA,NA,NA,NA,NA,NA,NA,NA,NA,FALSE,NA,NA,NA,334104,0.869570966099119,"2026-07-06"
"Little Penguin","Eudyptula minor","u5","Eudyptula minor novaehollandiae",TRUE,FALSE,NA,"Partial migrant","local dispersal","Aquatic predator","Carnivore","Aquatic","pelagic",3,"LC","not listed","EN (population)","south_west",1554,0,FALSE,NA,NA,NA,NA,NA,NA,NA,NA,NA,NA,FALSE,NA,NA,NA,334104,0.869570966099119,"2026-07-06"
"European Greenfinch","Chloris chloris",NA,NA,FALSE,FALSE,NA,"Sedentary","local dispersal;nomadic","Granivore","Herbivore","Generalist","ground",4,"LC","not listed","not listed","statewide",324799,179,TRUE,0.448438331560176,0.595001627066069,316,"12 Nov",0.266,FALSE,NA,NA,NA,NA,FALSE,0.000250491759179019,0.445260125716717,FALSE,334105,0.78274884288116,"2026-07-06"
"European Greenfinch","Chloris chloris",NA,NA,FALSE,FALSE,NA,"Sedentary","local dispersal;nomadic","Granivore","Herbivore","Generalist","ground",4,"LC","not listed","not listed","central_west",3968,0,FALSE,NA,NA,NA,NA,NA,NA,NA,NA,NA,NA,FALSE,0,0,TRUE,334105,0.78274884288116,"2026-07-06"
"European Greenfinch","Chloris chloris",NA,NA,FALSE,FALSE,NA,"Sedentary","local dispersal;nomadic","Granivore","Herbivore","Generalist","ground",4,"LC","not listed","not listed","new_england",3781,0,FALSE,NA,NA,NA,NA,NA,NA,NA,NA,NA,NA,FALSE,0,0,TRUE,334105,0.78274884288116,"2026-07-06"
"European Greenfinch","Chloris chloris",NA,NA,FALSE,FALSE,NA,"Sedentary","local dispersal;nomadic","Granivore","Herbivore","Generalist","ground",4,"LC","not listed","not listed","south_west",1557,0,FALSE,NA,NA,NA,NA,NA,NA,NA,NA,NA,NA,FALSE,0,0,TRUE,334105,0.78274884288116,"2026-07-06"
"Flock Bronzewing","Phaps histrionica","u36","Phaps histrionica",TRUE,FALSE,NA,"Sedentary","nomadic;irruptive","Granivore","Herbivore","Terrestrial","ground",2,"LC","not listed","EN","statewide",324806,73,TRUE,0.996897452575037,5.7755317549545,38,"07 Feb",1,TRUE,38,38,"07 Feb","07 Feb",FALSE,0.0723363878598832,0.525746378682976,FALSE,334101,0.983237441030197,"2026-07-06"
"Flock Bronzewing","Phaps histrionica","u36","Phaps histrionica",TRUE,FALSE,NA,"Sedentary","nomadic;irruptive","Granivore","Herbivore","Terrestrial","ground",2,"LC","not listed","EN","central_west",3965,0,FALSE,NA,NA,NA,NA,NA,NA,NA,NA,NA,NA,FALSE,0,0,TRUE,334101,0.983237441030197,"2026-07-06"
"Flock Bronzewing","Phaps histrionica","u36","Phaps histrionica",TRUE,FALSE,NA,"Sedentary","nomadic;irruptive","Granivore","Herbivore","Terrestrial","ground",2,"LC","not listed","EN","new_england",3783,0,FALSE,NA,NA,NA,NA,NA,NA,NA,NA,NA,NA,FALSE,0,0,TRUE,334101,0.983237441030197,"2026-07-06"
"Flock Bronzewing","Phaps histrionica","u36","Phaps histrionica",TRUE,FALSE,NA,"Sedentary","nomadic;irruptive","Granivore","Herbivore","Terrestrial","ground",2,"LC","not listed","EN","south_west",1547,0,FALSE,NA,NA,NA,NA,NA,NA,NA,NA,NA,NA,FALSE,0,0,TRUE,334101,0.983237441030197,"2026-07-06"
"Inland Dotterel","Peltohyas australis","u145","Peltohyas australis",TRUE,FALSE,NA,"Partial migrant","nomadic","Omnivore","Herbivore","Terrestrial","ground",4,"LC","not listed","not listed","statewide",324803,48,TRUE,0.00108151095294007,0.00108209620792188,317,"13 Nov",0,FALSE,NA,NA,NA,NA,FALSE,0.0227608134934175,0.374866031613421,FALSE,334105,0.871969914181784,"2026-07-06"
"Inland Dotterel","Peltohyas australis","u145","Peltohyas australis",TRUE,FALSE,NA,"Partial migrant","nomadic","Omnivore","Herbivore","Terrestrial","ground",4,"LC","not listed","not listed","central_west",3970,0,FALSE,NA,NA,NA,NA,NA,NA,NA,NA,NA,NA,FALSE,0,0,TRUE,334105,0.871969914181784,"2026-07-06"
"Inland Dotterel","Peltohyas australis","u145","Peltohyas australis",TRUE,FALSE,NA,"Partial migrant","nomadic","Omnivore","Herbivore","Terrestrial","ground",4,"LC","not listed","not listed","new_england",3783,0,FALSE,NA,NA,NA,NA,NA,NA,NA,NA,NA,NA,FALSE,0,0,TRUE,334105,0.871969914181784,"2026-07-06"
"Inland Dotterel","Peltohyas australis","u145","Peltohyas australis",TRUE,FALSE,NA,"Partial migrant","nomadic","Omnivore","Herbivore","Terrestrial","ground",4,"LC","not listed","not listed","south_west",1549,20,TRUE,0.00404443665481291,0.0040526375080967,328,"24 Nov",0,FALSE,NA,NA,NA,NA,FALSE,0.012258113461724,0.3694333290117,FALSE,334105,0.871969914181784,"2026-07-06"
"Radjah Shelduck","Radjah radjah",NA,NA,FALSE,FALSE,NA,"Partial migrant","local dispersal;nomadic","Aquatic predator","Carnivore","Terrestrial","ground",2,"LC","not listed","not listed","statewide",324805,55,TRUE,0.311601688154666,0.373387666935189,135,"15 May",0.065,FALSE,NA,NA,NA,NA,FALSE,2.72847753339981e-07,1.73846493631601,FALSE,334105,0.569037663066108,"2026-07-10"
"Radjah Shelduck","Radjah radjah",NA,NA,FALSE,FALSE,NA,"Partial migrant","local dispersal;nomadic","Aquatic predator","Carnivore","Terrestrial","ground",2,"LC","not listed","not listed","central_west",3973,0,FALSE,NA,NA,NA,NA,NA,NA,NA,NA,NA,NA,FALSE,0,0,TRUE,334105,0.569037663066108,"2026-07-10"
"Radjah Shelduck","Radjah radjah",NA,NA,FALSE,FALSE,NA,"Partial migrant","local dispersal;nomadic","Aquatic predator","Carnivore","Terrestrial","ground",2,"LC","not listed","not listed","new_england",3777,0,FALSE,NA,NA,NA,NA,NA,NA,NA,NA,NA,NA,FALSE,0,0,TRUE,334105,0.569037663066108,"2026-07-10"
"Radjah Shelduck","Radjah radjah",NA,NA,FALSE,FALSE,NA,"Partial migrant","local dispersal;nomadic","Aquatic predator","Carnivore","Terrestrial","ground",2,"LC","not listed","not listed","south_west",1550,0,FALSE,NA,NA,NA,NA,NA,NA,NA,NA,NA,NA,FALSE,0,0,TRUE,334105,0.569037663066108,"2026-07-10"
"Gray-faced Petrel","Pterodroma gouldi",NA,NA,FALSE,FALSE,NA,"Partial migrant","total migrant","Aquatic predator","Carnivore","Generalist",NA,1,"LC","not listed","not listed","statewide",324800,22,TRUE,0.000473198885972859,0.000473310879897326,178,"27 Jun",0,FALSE,NA,NA,NA,NA,FALSE,NA,NA,NA,334105,0.820500099204193,"2026-07-06"
"Gray-faced Petrel","Pterodroma gouldi",NA,NA,FALSE,FALSE,NA,"Partial migrant","total migrant","Aquatic predator","Carnivore","Generalist",NA,1,"LC","not listed","not listed","central_west",3969,0,FALSE,NA,NA,NA,NA,NA,NA,NA,NA,NA,NA,FALSE,NA,NA,NA,334105,0.820500099204193,"2026-07-06"
"Gray-faced Petrel","Pterodroma gouldi",NA,NA,FALSE,FALSE,NA,"Partial migrant","total migrant","Aquatic predator","Carnivore","Generalist",NA,1,"LC","not listed","not listed","new_england",3780,0,FALSE,NA,NA,NA,NA,NA,NA,NA,NA,NA,NA,FALSE,NA,NA,NA,334105,0.820500099204193,"2026-07-06"
"Gray-faced Petrel","Pterodroma gouldi",NA,NA,FALSE,FALSE,NA,"Partial migrant","total migrant","Aquatic predator","Carnivore","Generalist",NA,1,"LC","not listed","not listed","south_west",1556,0,FALSE,NA,NA,NA,NA,NA,NA,NA,NA,NA,NA,FALSE,NA,NA,NA,334105,0.820500099204193,"2026-07-06"
"Rose-ringed Parakeet","Psittacula krameri",NA,NA,FALSE,FALSE,NA,"Sedentary",NA,"Omnivore","Herbivore","Insessorial","ground",7,"LC","not listed","not listed","statewide",324804,49,TRUE,0.000405448578025158,0.000405530794523656,348,"14 Dec",0,FALSE,NA,NA,NA,NA,FALSE,NA,NA,NA,334105,0.622092878545283,"2026-07-06"
"Rose-ringed Parakeet","Psittacula krameri",NA,NA,FALSE,FALSE,NA,"Sedentary",NA,"Omnivore","Herbivore","Insessorial","ground",7,"LC","not listed","not listed","central_west",3966,0,FALSE,NA,NA,NA,NA,NA,NA,NA,NA,NA,NA,FALSE,NA,NA,NA,334105,0.622092878545283,"2026-07-06"
"Rose-ringed Parakeet","Psittacula krameri",NA,NA,FALSE,FALSE,NA,"Sedentary",NA,"Omnivore","Herbivore","Insessorial","ground",7,"LC","not listed","not listed","new_england",3780,0,FALSE,NA,NA,NA,NA,NA,NA,NA,NA,NA,NA,FALSE,NA,NA,NA,334105,0.622092878545283,"2026-07-06"
"Rose-ringed Parakeet","Psittacula krameri",NA,NA,FALSE,FALSE,NA,"Sedentary",NA,"Omnivore","Herbivore","Insessorial","ground",7,"LC","not listed","not listed","south_west",1555,0,FALSE,NA,NA,NA,NA,NA,NA,NA,NA,NA,NA,FALSE,NA,NA,NA,334105,0.622092878545283,"2026-07-06"
"South Island Oystercatcher","Haematopus finschi",NA,NA,FALSE,FALSE,NA,"Sedentary",NA,"Aquatic predator","Carnivore","Terrestrial","ground",5,"LC",NA,NA,"statewide",324809,44,TRUE,0.878217628078807,2.10551966389176,131,"11 May",1,TRUE,131,131,"11 May","11 May",FALSE,NA,NA,NA,334105,0.451703195854506,"2026-07-06"
"South Island Oystercatcher","Haematopus finschi",NA,NA,FALSE,FALSE,NA,"Sedentary",NA,"Aquatic predator","Carnivore","Terrestrial","ground",5,"LC",NA,NA,"central_west",3966,0,FALSE,NA,NA,NA,NA,NA,NA,NA,NA,NA,NA,FALSE,NA,NA,NA,334105,0.451703195854506,"2026-07-06"
"South Island Oystercatcher","Haematopus finschi",NA,NA,FALSE,FALSE,NA,"Sedentary",NA,"Aquatic predator","Carnivore","Terrestrial","ground",5,"LC",NA,NA,"new_england",3778,0,FALSE,NA,NA,NA,NA,NA,NA,NA,NA,NA,NA,FALSE,NA,NA,NA,334105,0.451703195854506,"2026-07-06"
"South Island Oystercatcher","Haematopus finschi",NA,NA,FALSE,FALSE,NA,"Sedentary",NA,"Aquatic predator","Carnivore","Terrestrial","ground",5,"LC",NA,NA,"south_west",1552,0,FALSE,NA,NA,NA,NA,NA,NA,NA,NA,NA,NA,FALSE,NA,NA,NA,334105,0.451703195854506,"2026-07-06"
"Common Ostrich","Struthio camelus",NA,NA,FALSE,FALSE,NA,"Sedentary","local dispersal","Omnivore","Herbivore","Terrestrial","ground",4,"LC","not listed","not listed","statewide",324812,67,TRUE,0.647823598977818,1.04362308964483,153,"02 Jun",0.918,FALSE,NA,NA,NA,NA,FALSE,0.000260386646743389,0.572675412143931,FALSE,334105,0.949038461369827,"2026-07-06"
"Common Ostrich","Struthio camelus",NA,NA,FALSE,FALSE,NA,"Sedentary","local dispersal","Omnivore","Herbivore","Terrestrial","ground",4,"LC","not listed","not listed","central_west",3968,0,FALSE,NA,NA,NA,NA,NA,NA,NA,NA,NA,NA,FALSE,0,0,TRUE,334105,0.949038461369827,"2026-07-06"
"Common Ostrich","Struthio camelus",NA,NA,FALSE,FALSE,NA,"Sedentary","local dispersal","Omnivore","Herbivore","Terrestrial","ground",4,"LC","not listed","not listed","new_england",3781,0,FALSE,NA,NA,NA,NA,NA,NA,NA,NA,NA,NA,FALSE,0,0,TRUE,334105,0.949038461369827,"2026-07-06"
"Common Ostrich","Struthio camelus",NA,NA,FALSE,FALSE,NA,"Sedentary","local dispersal","Omnivore","Herbivore","Terrestrial","ground",4,"LC","not listed","not listed","south_west",1544,0,FALSE,NA,NA,NA,NA,NA,NA,NA,NA,NA,NA,FALSE,0,0,TRUE,334105,0.949038461369827,"2026-07-06"
"Striated Fieldwren","Calamanthus fuliginosus","u500a","Calamanthus fuliginosus albiloris",TRUE,FALSE,NA,"Sedentary","local dispersal","Invertivore","Carnivore","Terrestrial","ground",1,"LC","not listed","EN","statewide",324813,48,TRUE,0.00123417951074678,0.0012349417374935,294,"21 Oct",0,FALSE,NA,NA,NA,NA,FALSE,3.23215876208723e-05,1.58475549814222,FALSE,334105,0.887336493859558,"2026-07-06"
"Striated Fieldwren","Calamanthus fuliginosus","u500a","Calamanthus fuliginosus albiloris",TRUE,FALSE,NA,"Sedentary","local dispersal","Invertivore","Carnivore","Terrestrial","ground",1,"LC","not listed","EN","central_west",3970,0,FALSE,NA,NA,NA,NA,NA,NA,NA,NA,NA,NA,FALSE,0,0,TRUE,334105,0.887336493859558,"2026-07-06"
"Striated Fieldwren","Calamanthus fuliginosus","u500a","Calamanthus fuliginosus albiloris",TRUE,FALSE,NA,"Sedentary","local dispersal","Invertivore","Carnivore","Terrestrial","ground",1,"LC","not listed","EN","new_england",3778,0,FALSE,NA,NA,NA,NA,NA,NA,NA,NA,NA,NA,FALSE,0,0,TRUE,334105,0.887336493859558,"2026-07-06"
"Striated Fieldwren","Calamanthus fuliginosus","u500a","Calamanthus fuliginosus albiloris",TRUE,FALSE,NA,"Sedentary","local dispersal","Invertivore","Carnivore","Terrestrial","ground",1,"LC","not listed","EN","south_west",1544,0,FALSE,NA,NA,NA,NA,NA,NA,NA,NA,NA,NA,FALSE,0,0,TRUE,334105,0.887336493859558,"2026-07-06"
"Eastern Yellow Wagtail","Motacilla tschutschensis",NA,NA,FALSE,FALSE,NA,"Migratory",NA,"Invertivore","Carnivore","Terrestrial",NA,4,"LC",NA,NA,"statewide",324808,24,TRUE,0.998157427923666,6.29659281589556,69,"10 Mar",1,TRUE,69,69,"10 Mar","10 Mar",FALSE,NA,NA,NA,334105,0.85507950443697,"2026-07-06"
"Eastern Yellow Wagtail","Motacilla tschutschensis",NA,NA,FALSE,FALSE,NA,"Migratory",NA,"Invertivore","Carnivore","Terrestrial",NA,4,"LC",NA,NA,"central_west",3967,0,FALSE,NA,NA,NA,NA,NA,NA,NA,NA,NA,NA,FALSE,NA,NA,NA,334105,0.85507950443697,"2026-07-06"
"Eastern Yellow Wagtail","Motacilla tschutschensis",NA,NA,FALSE,FALSE,NA,"Migratory",NA,"Invertivore","Carnivore","Terrestrial",NA,4,"LC",NA,NA,"new_england",3781,0,FALSE,NA,NA,NA,NA,NA,NA,NA,NA,NA,NA,FALSE,NA,NA,NA,334105,0.85507950443697,"2026-07-06"
"Eastern Yellow Wagtail","Motacilla tschutschensis",NA,NA,FALSE,FALSE,NA,"Migratory",NA,"Invertivore","Carnivore","Terrestrial",NA,4,"LC",NA,NA,"south_west",1549,0,FALSE,NA,NA,NA,NA,NA,NA,NA,NA,NA,NA,FALSE,NA,NA,NA,334105,0.85507950443697,"2026-07-06"
"Rufous Fieldwren","Calamanthus campestris","u502a;u502c","Calamanthus campestris campestris;Calamanthus campestris isabellinus",TRUE,FALSE,NA,"Sedentary","local dispersal","Invertivore","Carnivore","Terrestrial","ground",3,"LC","not listed","VU","statewide",324809,387,TRUE,1.43357259586585e-05,1.43358287161277e-05,139,"19 May",0,FALSE,NA,NA,NA,NA,FALSE,0.00697375319486251,0.321525400562146,FALSE,334105,0.882081261508622,"2026-07-10"
"Rufous Fieldwren","Calamanthus campestris","u502a;u502c","Calamanthus campestris campestris;Calamanthus campestris isabellinus",TRUE,FALSE,NA,"Sedentary","local dispersal","Invertivore","Carnivore","Terrestrial","ground",3,"LC","not listed","VU","central_west",3968,0,FALSE,NA,NA,NA,NA,NA,NA,NA,NA,NA,NA,FALSE,0,0,TRUE,334105,0.882081261508622,"2026-07-10"
"Rufous Fieldwren","Calamanthus campestris","u502a;u502c","Calamanthus campestris campestris;Calamanthus campestris isabellinus",TRUE,FALSE,NA,"Sedentary","local dispersal","Invertivore","Carnivore","Terrestrial","ground",3,"LC","not listed","VU","new_england",3778,0,FALSE,NA,NA,NA,NA,NA,NA,NA,NA,NA,NA,FALSE,0,0,TRUE,334105,0.882081261508622,"2026-07-10"
"Rufous Fieldwren","Calamanthus campestris","u502a;u502c","Calamanthus campestris campestris;Calamanthus campestris isabellinus",TRUE,FALSE,NA,"Sedentary","local dispersal","Invertivore","Carnivore","Terrestrial","ground",3,"LC","not listed","VU","south_west",1550,0,FALSE,NA,NA,NA,NA,NA,NA,NA,NA,NA,NA,FALSE,0.000376856297151526,0.603242672537223,FALSE,334105,0.882081261508622,"2026-07-10"
"Little Curlew","Numenius minutus","u151","Numenius minutus",TRUE,FALSE,NA,"Migratory","total migrant","Aquatic predator","Carnivore","Terrestrial","ground",6,"LC","not listed","not listed","statewide",324812,24,TRUE,0.93551182042799,2.74127333442448,343,"09 Dec",1,TRUE,343,343,"09 Dec","09 Dec",FALSE,NA,NA,NA,334105,0.873543288930403,"2026-07-06"
"Little Curlew","Numenius minutus","u151","Numenius minutus",TRUE,FALSE,NA,"Migratory","total migrant","Aquatic predator","Carnivore","Terrestrial","ground",6,"LC","not listed","not listed","central_west",3968,3,FALSE,NA,NA,NA,NA,NA,NA,NA,NA,NA,NA,FALSE,NA,NA,NA,334105,0.873543288930403,"2026-07-06"
"Little Curlew","Numenius minutus","u151","Numenius minutus",TRUE,FALSE,NA,"Migratory","total migrant","Aquatic predator","Carnivore","Terrestrial","ground",6,"LC","not listed","not listed","new_england",3775,0,FALSE,NA,NA,NA,NA,NA,NA,NA,NA,NA,NA,FALSE,NA,NA,NA,334105,0.873543288930403,"2026-07-06"
"Little Curlew","Numenius minutus","u151","Numenius minutus",TRUE,FALSE,NA,"Migratory","total migrant","Aquatic predator","Carnivore","Terrestrial","ground",6,"LC","not listed","not listed","south_west",1550,0,FALSE,NA,NA,NA,NA,NA,NA,NA,NA,NA,NA,FALSE,NA,NA,NA,334105,0.873543288930403,"2026-07-06"
"Banded Stilt","Cladorhynchus leucocephalus","u147","Cladorhynchus leucocephalus",TRUE,FALSE,NA,"Sedentary","nomadic","Aquatic predator","Carnivore","Terrestrial","around-water",2,"LC","not listed","not listed","statewide",324798,91,TRUE,0.785278306782449,1.53841253952969,26,"26 Jan",0.997,TRUE,290,102,"17 Oct","12 Apr",TRUE,0.000717029174032774,0.537073806014745,FALSE,334096,0.926848818762877,"2026-07-10"
"Banded Stilt","Cladorhynchus leucocephalus","u147","Cladorhynchus leucocephalus",TRUE,FALSE,NA,"Sedentary","nomadic","Aquatic predator","Carnivore","Terrestrial","around-water",2,"LC","not listed","not listed","central_west",3967,0,FALSE,NA,NA,NA,NA,NA,NA,NA,NA,NA,NA,FALSE,0,0,TRUE,334096,0.926848818762877,"2026-07-10"
"Banded Stilt","Cladorhynchus leucocephalus","u147","Cladorhynchus leucocephalus",TRUE,FALSE,NA,"Sedentary","nomadic","Aquatic predator","Carnivore","Terrestrial","around-water",2,"LC","not listed","not listed","new_england",3780,0,FALSE,NA,NA,NA,NA,NA,NA,NA,NA,NA,NA,FALSE,0,0,TRUE,334096,0.926848818762877,"2026-07-10"
"Banded Stilt","Cladorhynchus leucocephalus","u147","Cladorhynchus leucocephalus",TRUE,FALSE,NA,"Sedentary","nomadic","Aquatic predator","Carnivore","Terrestrial","around-water",2,"LC","not listed","not listed","south_west",1551,0,FALSE,NA,NA,NA,NA,NA,NA,NA,NA,NA,NA,FALSE,0.00326265572348898,0.385043153118213,FALSE,334096,0.926848818762877,"2026-07-10"
"Blue-winged Parrot","Neophema chrysostoma","u306","Neophema chrysostoma",TRUE,FALSE,NA,"Sedentary","partial migrant","Granivore","Herbivore","Terrestrial","ground",5,"VU","not listed","not listed","statewide",324809,163,TRUE,0.00059669385633554,0.00059687194896263,136,"16 May",0,FALSE,NA,NA,NA,NA,FALSE,0.00607687554670106,0.218689075794131,FALSE,334105,0.795785936898774,"2026-07-06"
"Blue-winged Parrot","Neophema chrysostoma","u306","Neophema chrysostoma",TRUE,FALSE,NA,"Sedentary","partial migrant","Granivore","Herbivore","Terrestrial","ground",5,"VU","not listed","not listed","central_west",3966,0,FALSE,NA,NA,NA,NA,NA,NA,NA,NA,NA,NA,FALSE,0,0,TRUE,334105,0.795785936898774,"2026-07-06"
"Blue-winged Parrot","Neophema chrysostoma","u306","Neophema chrysostoma",TRUE,FALSE,NA,"Sedentary","partial migrant","Granivore","Herbivore","Terrestrial","ground",5,"VU","not listed","not listed","new_england",3781,0,FALSE,NA,NA,NA,NA,NA,NA,NA,NA,NA,NA,FALSE,0,0,TRUE,334105,0.795785936898774,"2026-07-06"
"Blue-winged Parrot","Neophema chrysostoma","u306","Neophema chrysostoma",TRUE,FALSE,NA,"Sedentary","partial migrant","Granivore","Herbivore","Terrestrial","ground",5,"VU","not listed","not listed","south_west",1549,9,FALSE,NA,NA,NA,NA,NA,NA,NA,NA,NA,NA,FALSE,0.050853947932786,0.215510661806118,FALSE,334105,0.795785936898774,"2026-07-06"
"Buff-breasted Sandpiper","Calidris subruficollis",NA,NA,FALSE,FALSE,NA,"Migratory",NA,"Omnivore","Carnivore","Terrestrial","ground",2,"VU","not listed","not listed","statewide",324802,4,FALSE,NA,NA,NA,NA,NA,NA,NA,NA,NA,NA,FALSE,NA,NA,NA,334105,0.0242737905796394,"2026-07-06"
"Buff-breasted Sandpiper","Calidris subruficollis",NA,NA,FALSE,FALSE,NA,"Migratory",NA,"Omnivore","Carnivore","Terrestrial","ground",2,"VU","not listed","not listed","central_west",3967,0,FALSE,NA,NA,NA,NA,NA,NA,NA,NA,NA,NA,FALSE,NA,NA,NA,334105,0.0242737905796394,"2026-07-06"
"Buff-breasted Sandpiper","Calidris subruficollis",NA,NA,FALSE,FALSE,NA,"Migratory",NA,"Omnivore","Carnivore","Terrestrial","ground",2,"VU","not listed","not listed","new_england",3782,0,FALSE,NA,NA,NA,NA,NA,NA,NA,NA,NA,NA,FALSE,NA,NA,NA,334105,0.0242737905796394,"2026-07-06"
"Buff-breasted Sandpiper","Calidris subruficollis",NA,NA,FALSE,FALSE,NA,"Migratory",NA,"Omnivore","Carnivore","Terrestrial","ground",2,"VU","not listed","not listed","south_west",1554,0,FALSE,NA,NA,NA,NA,NA,NA,NA,NA,NA,NA,FALSE,NA,NA,NA,334105,0.0242737905796394,"2026-07-06"
"Gray-headed Lapwing","Vanellus cinereus",NA,NA,FALSE,FALSE,NA,"Migratory",NA,"Aquatic predator","Carnivore","Terrestrial","ground",4,"LC","not listed","not listed","statewide",324798,2,FALSE,NA,NA,NA,NA,NA,NA,NA,NA,NA,NA,FALSE,NA,NA,NA,334105,0.0229755273070443,"2026-07-06"
"Gray-headed Lapwing","Vanellus cinereus",NA,NA,FALSE,FALSE,NA,"Migratory",NA,"Aquatic predator","Carnivore","Terrestrial","ground",4,"LC","not listed","not listed","central_west",3971,0,FALSE,NA,NA,NA,NA,NA,NA,NA,NA,NA,NA,FALSE,NA,NA,NA,334105,0.0229755273070443,"2026-07-06"
"Gray-headed Lapwing","Vanellus cinereus",NA,NA,FALSE,FALSE,NA,"Migratory",NA,"Aquatic predator","Carnivore","Terrestrial","ground",4,"LC","not listed","not listed","new_england",3782,0,FALSE,NA,NA,NA,NA,NA,NA,NA,NA,NA,NA,FALSE,NA,NA,NA,334105,0.0229755273070443,"2026-07-06"
"Gray-headed Lapwing","Vanellus cinereus",NA,NA,FALSE,FALSE,NA,"Migratory",NA,"Aquatic predator","Carnivore","Terrestrial","ground",4,"LC","not listed","not listed","south_west",1554,0,FALSE,NA,NA,NA,NA,NA,NA,NA,NA,NA,NA,FALSE,NA,NA,NA,334105,0.0229755273070443,"2026-07-06"
"Long-toed Stint","Calidris subminuta","u965","Calidris subminuta",TRUE,FALSE,NA,"Migratory","total migrant","Aquatic predator","Carnivore","Terrestrial","around-water",3,"LC","not listed","not listed","statewide",324801,13,FALSE,NA,NA,NA,NA,NA,NA,NA,NA,NA,NA,FALSE,NA,NA,NA,334105,0.620225228129728,"2026-07-06"
"Long-toed Stint","Calidris subminuta","u965","Calidris subminuta",TRUE,FALSE,NA,"Migratory","total migrant","Aquatic predator","Carnivore","Terrestrial","around-water",3,"LC","not listed","not listed","central_west",3965,0,FALSE,NA,NA,NA,NA,NA,NA,NA,NA,NA,NA,FALSE,NA,NA,NA,334105,0.620225228129728,"2026-07-06"
"Long-toed Stint","Calidris subminuta","u965","Calidris subminuta",TRUE,FALSE,NA,"Migratory","total migrant","Aquatic predator","Carnivore","Terrestrial","around-water",3,"LC","not listed","not listed","new_england",3781,0,FALSE,NA,NA,NA,NA,NA,NA,NA,NA,NA,NA,FALSE,NA,NA,NA,334105,0.620225228129728,"2026-07-06"
"Long-toed Stint","Calidris subminuta","u965","Calidris subminuta",TRUE,FALSE,NA,"Migratory","total migrant","Aquatic predator","Carnivore","Terrestrial","around-water",3,"LC","not listed","not listed","south_west",1558,0,FALSE,NA,NA,NA,NA,NA,NA,NA,NA,NA,NA,FALSE,NA,NA,NA,334105,0.620225228129728,"2026-07-06"
"Eyrean Grasswren","Amytornis goyderi",NA,NA,FALSE,FALSE,NA,"Sedentary","local dispersal","Granivore","Omnivore","Terrestrial","ground",1,"LC","not listed","not listed","statewide",324796,81,TRUE,0.000615230998836758,0.00061542033108708,127,"07 May",0,FALSE,NA,NA,NA,NA,FALSE,NA,NA,NA,334105,0.899746641056832,"2026-07-10"
"Eyrean Grasswren","Amytornis goyderi",NA,NA,FALSE,FALSE,NA,"Sedentary","local dispersal","Granivore","Omnivore","Terrestrial","ground",1,"LC","not listed","not listed","central_west",3973,0,FALSE,NA,NA,NA,NA,NA,NA,NA,NA,NA,NA,FALSE,NA,NA,NA,334105,0.899746641056832,"2026-07-10"
"Eyrean Grasswren","Amytornis goyderi",NA,NA,FALSE,FALSE,NA,"Sedentary","local dispersal","Granivore","Omnivore","Terrestrial","ground",1,"LC","not listed","not listed","new_england",3780,0,FALSE,NA,NA,NA,NA,NA,NA,NA,NA,NA,NA,FALSE,NA,NA,NA,334105,0.899746641056832,"2026-07-10"
"Eyrean Grasswren","Amytornis goyderi",NA,NA,FALSE,FALSE,NA,"Sedentary","local dispersal","Granivore","Omnivore","Terrestrial","ground",1,"LC","not listed","not listed","south_west",1556,0,FALSE,NA,NA,NA,NA,NA,NA,NA,NA,NA,NA,FALSE,NA,NA,NA,334105,0.899746641056832,"2026-07-10"
"Little Shearwater","Puffinus assimilis",NA,NA,FALSE,FALSE,NA,"Partial migrant","local dispersal","Aquatic predator","Carnivore","Generalist","pelagic",4,"LC","not listed","VU","statewide",324815,0,FALSE,NA,NA,NA,NA,NA,NA,NA,NA,NA,NA,FALSE,NA,NA,NA,334105,0,"2026-07-06"
"Little Shearwater","Puffinus assimilis",NA,NA,FALSE,FALSE,NA,"Partial migrant","local dispersal","Aquatic predator","Carnivore","Generalist","pelagic",4,"LC","not listed","VU","central_west",3964,0,FALSE,NA,NA,NA,NA,NA,NA,NA,NA,NA,NA,FALSE,NA,NA,NA,334105,0,"2026-07-06"
"Little Shearwater","Puffinus assimilis",NA,NA,FALSE,FALSE,NA,"Partial migrant","local dispersal","Aquatic predator","Carnivore","Generalist","pelagic",4,"LC","not listed","VU","new_england",3775,0,FALSE,NA,NA,NA,NA,NA,NA,NA,NA,NA,NA,FALSE,NA,NA,NA,334105,0,"2026-07-06"
"Little Shearwater","Puffinus assimilis",NA,NA,FALSE,FALSE,NA,"Partial migrant","local dispersal","Aquatic predator","Carnivore","Generalist","pelagic",4,"LC","not listed","VU","south_west",1551,0,FALSE,NA,NA,NA,NA,NA,NA,NA,NA,NA,NA,FALSE,NA,NA,NA,334105,0,"2026-07-06"
"Semipalmated Plover","Charadrius semipalmatus",NA,NA,FALSE,FALSE,NA,"Migratory",NA,"Aquatic predator","Carnivore","Terrestrial","ground",3,"LC","not listed","not listed","statewide",324803,9,FALSE,NA,NA,NA,NA,NA,NA,NA,NA,NA,NA,FALSE,NA,NA,NA,334105,0.360850380678679,"2026-07-06"
"Semipalmated Plover","Charadrius semipalmatus",NA,NA,FALSE,FALSE,NA,"Migratory",NA,"Aquatic predator","Carnivore","Terrestrial","ground",3,"LC","not listed","not listed","central_west",3968,0,FALSE,NA,NA,NA,NA,NA,NA,NA,NA,NA,NA,FALSE,NA,NA,NA,334105,0.360850380678679,"2026-07-06"
"Semipalmated Plover","Charadrius semipalmatus",NA,NA,FALSE,FALSE,NA,"Migratory",NA,"Aquatic predator","Carnivore","Terrestrial","ground",3,"LC","not listed","not listed","new_england",3779,0,FALSE,NA,NA,NA,NA,NA,NA,NA,NA,NA,NA,FALSE,NA,NA,NA,334105,0.360850380678679,"2026-07-06"
"Semipalmated Plover","Charadrius semipalmatus",NA,NA,FALSE,FALSE,NA,"Migratory",NA,"Aquatic predator","Carnivore","Terrestrial","ground",3,"LC","not listed","not listed","south_west",1555,0,FALSE,NA,NA,NA,NA,NA,NA,NA,NA,NA,NA,FALSE,NA,NA,NA,334105,0.360850380678679,"2026-07-06"
"Citrine Wagtail","Motacilla citreola",NA,NA,FALSE,FALSE,NA,"Migratory",NA,"Aquatic predator","Carnivore","Terrestrial","ground",6,"LC","not listed","not listed","statewide",324809,0,FALSE,NA,NA,NA,NA,NA,NA,NA,NA,NA,NA,FALSE,NA,NA,NA,334105,0.368885877399956,"2026-07-06"
"Citrine Wagtail","Motacilla citreola",NA,NA,FALSE,FALSE,NA,"Migratory",NA,"Aquatic predator","Carnivore","Terrestrial","ground",6,"LC","not listed","not listed","central_west",3969,1,FALSE,NA,NA,NA,NA,NA,NA,NA,NA,NA,NA,FALSE,NA,NA,NA,334105,0.368885877399956,"2026-07-06"
"Citrine Wagtail","Motacilla citreola",NA,NA,FALSE,FALSE,NA,"Migratory",NA,"Aquatic predator","Carnivore","Terrestrial","ground",6,"LC","not listed","not listed","new_england",3778,0,FALSE,NA,NA,NA,NA,NA,NA,NA,NA,NA,NA,FALSE,NA,NA,NA,334105,0.368885877399956,"2026-07-06"
"Citrine Wagtail","Motacilla citreola",NA,NA,FALSE,FALSE,NA,"Migratory",NA,"Aquatic predator","Carnivore","Terrestrial","ground",6,"LC","not listed","not listed","south_west",1549,0,FALSE,NA,NA,NA,NA,NA,NA,NA,NA,NA,NA,FALSE,NA,NA,NA,334105,0.368885877399956,"2026-07-06"
"Gray Falcon","Falco hypoleucos","u236","Falco hypoleucos",TRUE,FALSE,NA,"Partial migrant","local dispersal;nomadic","Vertivore","Carnivore","Aerial","ground",4,"VU","not listed","EN","statewide",324804,15,FALSE,NA,NA,NA,NA,NA,NA,NA,NA,NA,NA,FALSE,NA,NA,NA,334105,0.619753939970313,"2026-07-06"
"Gray Falcon","Falco hypoleucos","u236","Falco hypoleucos",TRUE,FALSE,NA,"Partial migrant","local dispersal;nomadic","Vertivore","Carnivore","Aerial","ground",4,"VU","not listed","EN","central_west",3968,0,FALSE,NA,NA,NA,NA,NA,NA,NA,NA,NA,NA,FALSE,NA,NA,NA,334105,0.619753939970313,"2026-07-06"
"Gray Falcon","Falco hypoleucos","u236","Falco hypoleucos",TRUE,FALSE,NA,"Partial migrant","local dispersal;nomadic","Vertivore","Carnivore","Aerial","ground",4,"VU","not listed","EN","new_england",3781,0,FALSE,NA,NA,NA,NA,NA,NA,NA,NA,NA,NA,FALSE,NA,NA,NA,334105,0.619753939970313,"2026-07-06"
"Gray Falcon","Falco hypoleucos","u236","Falco hypoleucos",TRUE,FALSE,NA,"Partial migrant","local dispersal;nomadic","Vertivore","Carnivore","Aerial","ground",4,"VU","not listed","EN","south_west",1552,0,FALSE,NA,NA,NA,NA,NA,NA,NA,NA,NA,NA,FALSE,NA,NA,NA,334105,0.619753939970313,"2026-07-06"
"Gray Grasswren","Amytornis barbatus","u871a","Amytornis barbatus barbatus",TRUE,FALSE,NA,"Sedentary","local dispersal","Omnivore","Omnivore","Generalist","ground",3,"LC","EN","EN","statewide",324811,24,TRUE,0.99329389335182,5.00473672766759,249,"06 Sep",1,TRUE,233,276,"21 Aug","03 Oct",FALSE,NA,NA,NA,334105,0.887479725809101,"2026-07-06"
"Gray Grasswren","Amytornis barbatus","u871a","Amytornis barbatus barbatus",TRUE,FALSE,NA,"Sedentary","local dispersal","Omnivore","Omnivore","Generalist","ground",3,"LC","EN","EN","central_west",3966,0,FALSE,NA,NA,NA,NA,NA,NA,NA,NA,NA,NA,FALSE,NA,NA,NA,334105,0.887479725809101,"2026-07-06"
"Gray Grasswren","Amytornis barbatus","u871a","Amytornis barbatus barbatus",TRUE,FALSE,NA,"Sedentary","local dispersal","Omnivore","Omnivore","Generalist","ground",3,"LC","EN","EN","new_england",3779,0,FALSE,NA,NA,NA,NA,NA,NA,NA,NA,NA,NA,FALSE,NA,NA,NA,334105,0.887479725809101,"2026-07-06"
"Gray Grasswren","Amytornis barbatus","u871a","Amytornis barbatus barbatus",TRUE,FALSE,NA,"Sedentary","local dispersal","Omnivore","Omnivore","Generalist","ground",3,"LC","EN","EN","south_west",1549,0,FALSE,NA,NA,NA,NA,NA,NA,NA,NA,NA,NA,FALSE,NA,NA,NA,334105,0.887479725809101,"2026-07-06"
"Barn Swallow","Hirundo rustica",NA,NA,FALSE,FALSE,NA,"Migratory","total migrant","Invertivore","Carnivore","Aerial","mid-high",6,"LC","not listed","not listed","statewide",324801,2,FALSE,NA,NA,NA,NA,NA,NA,NA,NA,NA,NA,FALSE,NA,NA,NA,334105,0.138013625988078,"2026-07-06"
"Barn Swallow","Hirundo rustica",NA,NA,FALSE,FALSE,NA,"Migratory","total migrant","Invertivore","Carnivore","Aerial","mid-high",6,"LC","not listed","not listed","central_west",3969,0,FALSE,NA,NA,NA,NA,NA,NA,NA,NA,NA,NA,FALSE,NA,NA,NA,334105,0.138013625988078,"2026-07-06"
"Barn Swallow","Hirundo rustica",NA,NA,FALSE,FALSE,NA,"Migratory","total migrant","Invertivore","Carnivore","Aerial","mid-high",6,"LC","not listed","not listed","new_england",3779,0,FALSE,NA,NA,NA,NA,NA,NA,NA,NA,NA,NA,FALSE,NA,NA,NA,334105,0.138013625988078,"2026-07-06"
"Barn Swallow","Hirundo rustica",NA,NA,FALSE,FALSE,NA,"Migratory","total migrant","Invertivore","Carnivore","Aerial","mid-high",6,"LC","not listed","not listed","south_west",1556,0,FALSE,NA,NA,NA,NA,NA,NA,NA,NA,NA,NA,FALSE,NA,NA,NA,334105,0.138013625988078,"2026-07-06"
"Little Stint","Calidris minuta",NA,NA,FALSE,FALSE,NA,"Migratory",NA,"Aquatic predator","Carnivore","Terrestrial","around-water",3,"LC","not listed","not listed","statewide",324810,1,FALSE,NA,NA,NA,NA,NA,NA,NA,NA,NA,NA,FALSE,NA,NA,NA,334105,0.395306026775013,"2026-07-06"
"Little Stint","Calidris minuta",NA,NA,FALSE,FALSE,NA,"Migratory",NA,"Aquatic predator","Carnivore","Terrestrial","around-water",3,"LC","not listed","not listed","central_west",3972,0,FALSE,NA,NA,NA,NA,NA,NA,NA,NA,NA,NA,FALSE,NA,NA,NA,334105,0.395306026775013,"2026-07-06"
"Little Stint","Calidris minuta",NA,NA,FALSE,FALSE,NA,"Migratory",NA,"Aquatic predator","Carnivore","Terrestrial","around-water",3,"LC","not listed","not listed","new_england",3777,0,FALSE,NA,NA,NA,NA,NA,NA,NA,NA,NA,NA,FALSE,NA,NA,NA,334105,0.395306026775013,"2026-07-06"
"Little Stint","Calidris minuta",NA,NA,FALSE,FALSE,NA,"Migratory",NA,"Aquatic predator","Carnivore","Terrestrial","around-water",3,"LC","not listed","not listed","south_west",1546,0,FALSE,NA,NA,NA,NA,NA,NA,NA,NA,NA,NA,FALSE,NA,NA,NA,334105,0.395306026775013,"2026-07-06"
"Oriental Plover","Anarhynchus veredus",NA,NA,FALSE,FALSE,NA,"Migratory","total migrant","Omnivore","Carnivore","Terrestrial","ground",4,"LC","not listed","not listed","statewide",324808,5,FALSE,NA,NA,NA,NA,NA,NA,NA,NA,NA,NA,FALSE,NA,NA,NA,334105,0.173748410501874,"2026-07-06"
"Oriental Plover","Anarhynchus veredus",NA,NA,FALSE,FALSE,NA,"Migratory","total migrant","Omnivore","Carnivore","Terrestrial","ground",4,"LC","not listed","not listed","central_west",3967,0,FALSE,NA,NA,NA,NA,NA,NA,NA,NA,NA,NA,FALSE,NA,NA,NA,334105,0.173748410501874,"2026-07-06"
"Oriental Plover","Anarhynchus veredus",NA,NA,FALSE,FALSE,NA,"Migratory","total migrant","Omnivore","Carnivore","Terrestrial","ground",4,"LC","not listed","not listed","new_england",3777,0,FALSE,NA,NA,NA,NA,NA,NA,NA,NA,NA,NA,FALSE,NA,NA,NA,334105,0.173748410501874,"2026-07-06"
"Oriental Plover","Anarhynchus veredus",NA,NA,FALSE,FALSE,NA,"Migratory","total migrant","Omnivore","Carnivore","Terrestrial","ground",4,"LC","not listed","not listed","south_west",1553,0,FALSE,NA,NA,NA,NA,NA,NA,NA,NA,NA,NA,FALSE,NA,NA,NA,334105,0.173748410501874,"2026-07-06"
"Red-necked Phalarope","Phalaropus lobatus",NA,NA,FALSE,FALSE,NA,"Migratory","total migrant","Aquatic predator","Carnivore","Terrestrial","around-water",3,"LC","not listed","not listed","statewide",324824,0,FALSE,NA,NA,NA,NA,NA,NA,NA,NA,NA,NA,FALSE,NA,NA,NA,334105,0,"2026-07-06"
"Red-necked Phalarope","Phalaropus lobatus",NA,NA,FALSE,FALSE,NA,"Migratory","total migrant","Aquatic predator","Carnivore","Terrestrial","around-water",3,"LC","not listed","not listed","central_west",3962,0,FALSE,NA,NA,NA,NA,NA,NA,NA,NA,NA,NA,FALSE,NA,NA,NA,334105,0,"2026-07-06"
"Red-necked Phalarope","Phalaropus lobatus",NA,NA,FALSE,FALSE,NA,"Migratory","total migrant","Aquatic predator","Carnivore","Terrestrial","around-water",3,"LC","not listed","not listed","new_england",3777,0,FALSE,NA,NA,NA,NA,NA,NA,NA,NA,NA,NA,FALSE,NA,NA,NA,334105,0,"2026-07-06"
"Red-necked Phalarope","Phalaropus lobatus",NA,NA,FALSE,FALSE,NA,"Migratory","total migrant","Aquatic predator","Carnivore","Terrestrial","around-water",3,"LC","not listed","not listed","south_west",1542,0,FALSE,NA,NA,NA,NA,NA,NA,NA,NA,NA,NA,FALSE,NA,NA,NA,334105,0,"2026-07-06"
"Letter-winged Kite","Elanus scriptus",NA,NA,FALSE,FALSE,NA,"Partial migrant","nomadic;irruptive","Vertivore","Carnivore","Aerial","ground",4,"NT","not listed","not listed","statewide",324802,31,TRUE,0.000926661523783179,0.000927091139999447,284,"11 Oct",0,FALSE,NA,NA,NA,NA,FALSE,NA,NA,NA,334105,0.900518941865141,"2026-07-06"
"Letter-winged Kite","Elanus scriptus",NA,NA,FALSE,FALSE,NA,"Partial migrant","nomadic;irruptive","Vertivore","Carnivore","Aerial","ground",4,"NT","not listed","not listed","central_west",3969,0,FALSE,NA,NA,NA,NA,NA,NA,NA,NA,NA,NA,FALSE,NA,NA,NA,334105,0.900518941865141,"2026-07-06"
"Letter-winged Kite","Elanus scriptus",NA,NA,FALSE,FALSE,NA,"Partial migrant","nomadic;irruptive","Vertivore","Carnivore","Aerial","ground",4,"NT","not listed","not listed","new_england",3781,0,FALSE,NA,NA,NA,NA,NA,NA,NA,NA,NA,NA,FALSE,NA,NA,NA,334105,0.900518941865141,"2026-07-06"
"Letter-winged Kite","Elanus scriptus",NA,NA,FALSE,FALSE,NA,"Partial migrant","nomadic;irruptive","Vertivore","Carnivore","Aerial","ground",4,"NT","not listed","not listed","south_west",1553,1,FALSE,NA,NA,NA,NA,NA,NA,NA,NA,NA,NA,FALSE,NA,NA,NA,334105,0.900518941865141,"2026-07-06"
"White-necked Petrel","Pterodroma cervicalis",NA,NA,FALSE,FALSE,NA,"Partial migrant","total migrant","Aquatic predator","Carnivore","Generalist","pelagic",2,"VU","not listed","not listed","statewide",324794,3,FALSE,NA,NA,NA,NA,NA,NA,NA,NA,NA,NA,FALSE,NA,NA,NA,334105,0.513359061818222,"2026-07-06"
"White-necked Petrel","Pterodroma cervicalis",NA,NA,FALSE,FALSE,NA,"Partial migrant","total migrant","Aquatic predator","Carnivore","Generalist","pelagic",2,"VU","not listed","not listed","central_west",3969,0,FALSE,NA,NA,NA,NA,NA,NA,NA,NA,NA,NA,FALSE,NA,NA,NA,334105,0.513359061818222,"2026-07-06"
"White-necked Petrel","Pterodroma cervicalis",NA,NA,FALSE,FALSE,NA,"Partial migrant","total migrant","Aquatic predator","Carnivore","Generalist","pelagic",2,"VU","not listed","not listed","new_england",3783,0,FALSE,NA,NA,NA,NA,NA,NA,NA,NA,NA,NA,FALSE,NA,NA,NA,334105,0.513359061818222,"2026-07-06"
"White-necked Petrel","Pterodroma cervicalis",NA,NA,FALSE,FALSE,NA,"Partial migrant","total migrant","Aquatic predator","Carnivore","Generalist","pelagic",2,"VU","not listed","not listed","south_west",1559,0,FALSE,NA,NA,NA,NA,NA,NA,NA,NA,NA,NA,FALSE,NA,NA,NA,334105,0.513359061818222,"2026-07-06"
"Oriental Pratincole","Glareola maldivarum",NA,NA,FALSE,FALSE,NA,"Migratory","irruptive","Invertivore","Carnivore","Aerial","ground",4,"LC","not listed","not listed","statewide",324813,4,FALSE,NA,NA,NA,NA,NA,NA,NA,NA,NA,NA,FALSE,NA,NA,NA,334105,0.17255917954615,"2026-07-06"
"Oriental Pratincole","Glareola maldivarum",NA,NA,FALSE,FALSE,NA,"Migratory","irruptive","Invertivore","Carnivore","Aerial","ground",4,"LC","not listed","not listed","central_west",3967,0,FALSE,NA,NA,NA,NA,NA,NA,NA,NA,NA,NA,FALSE,NA,NA,NA,334105,0.17255917954615,"2026-07-06"
"Oriental Pratincole","Glareola maldivarum",NA,NA,FALSE,FALSE,NA,"Migratory","irruptive","Invertivore","Carnivore","Aerial","ground",4,"LC","not listed","not listed","new_england",3776,0,FALSE,NA,NA,NA,NA,NA,NA,NA,NA,NA,NA,FALSE,NA,NA,NA,334105,0.17255917954615,"2026-07-06"
"Oriental Pratincole","Glareola maldivarum",NA,NA,FALSE,FALSE,NA,"Migratory","irruptive","Invertivore","Carnivore","Aerial","ground",4,"LC","not listed","not listed","south_west",1549,0,FALSE,NA,NA,NA,NA,NA,NA,NA,NA,NA,NA,FALSE,NA,NA,NA,334105,0.17255917954615,"2026-07-06"
"Torresian Imperial-Pigeon","Ducula spilorrhoa",NA,NA,FALSE,FALSE,NA,"Sedentary","local dispersal;partial migrant","Frugivore","Herbivore","Insessorial","mid-high",3,"LC","not listed","not listed","statewide",324805,2,FALSE,NA,NA,NA,NA,NA,NA,NA,NA,NA,NA,FALSE,NA,NA,NA,334105,0.0228274510874301,"2026-07-06"
"Torresian Imperial-Pigeon","Ducula spilorrhoa",NA,NA,FALSE,FALSE,NA,"Sedentary","local dispersal;partial migrant","Frugivore","Herbivore","Insessorial","mid-high",3,"LC","not listed","not listed","central_west",3971,0,FALSE,NA,NA,NA,NA,NA,NA,NA,NA,NA,NA,FALSE,NA,NA,NA,334105,0.0228274510874301,"2026-07-06"
"Torresian Imperial-Pigeon","Ducula spilorrhoa",NA,NA,FALSE,FALSE,NA,"Sedentary","local dispersal;partial migrant","Frugivore","Herbivore","Insessorial","mid-high",3,"LC","not listed","not listed","new_england",3777,0,FALSE,NA,NA,NA,NA,NA,NA,NA,NA,NA,NA,FALSE,NA,NA,NA,334105,0.0228274510874301,"2026-07-06"
"Torresian Imperial-Pigeon","Ducula spilorrhoa",NA,NA,FALSE,FALSE,NA,"Sedentary","local dispersal;partial migrant","Frugivore","Herbivore","Insessorial","mid-high",3,"LC","not listed","not listed","south_west",1552,0,FALSE,NA,NA,NA,NA,NA,NA,NA,NA,NA,NA,FALSE,NA,NA,NA,334105,0.0228274510874301,"2026-07-06"
"Wilson's Storm-Petrel","Oceanites oceanicus","u63b","Oceanites oceanicus oceanicus",TRUE,FALSE,NA,"Migratory","total migrant","Aquatic predator","Carnivore","Aerial","pelagic",2,"LC","not listed","not listed","statewide",324809,2,FALSE,NA,NA,NA,NA,NA,NA,NA,NA,NA,NA,FALSE,NA,NA,NA,334105,0.672023559944079,"2026-07-06"
"Wilson's Storm-Petrel","Oceanites oceanicus","u63b","Oceanites oceanicus oceanicus",TRUE,FALSE,NA,"Migratory","total migrant","Aquatic predator","Carnivore","Aerial","pelagic",2,"LC","not listed","not listed","central_west",3967,0,FALSE,NA,NA,NA,NA,NA,NA,NA,NA,NA,NA,FALSE,NA,NA,NA,334105,0.672023559944079,"2026-07-06"
"Wilson's Storm-Petrel","Oceanites oceanicus","u63b","Oceanites oceanicus oceanicus",TRUE,FALSE,NA,"Migratory","total migrant","Aquatic predator","Carnivore","Aerial","pelagic",2,"LC","not listed","not listed","new_england",3782,0,FALSE,NA,NA,NA,NA,NA,NA,NA,NA,NA,NA,FALSE,NA,NA,NA,334105,0.672023559944079,"2026-07-06"
"Wilson's Storm-Petrel","Oceanites oceanicus","u63b","Oceanites oceanicus oceanicus",TRUE,FALSE,NA,"Migratory","total migrant","Aquatic predator","Carnivore","Aerial","pelagic",2,"LC","not listed","not listed","south_west",1547,0,FALSE,NA,NA,NA,NA,NA,NA,NA,NA,NA,NA,FALSE,NA,NA,NA,334105,0.672023559944079,"2026-07-06"
"Gould's Petrel","Pterodroma leucoptera",NA,NA,FALSE,FALSE,NA,"Partial migrant","total migrant","Aquatic predator","Carnivore","Generalist","pelagic",2,"VU","EN","VU","statewide",324806,1,FALSE,NA,NA,NA,NA,NA,NA,NA,NA,NA,NA,FALSE,NA,NA,NA,334105,0.395486895940082,"2026-07-06"
"Gould's Petrel","Pterodroma leucoptera",NA,NA,FALSE,FALSE,NA,"Partial migrant","total migrant","Aquatic predator","Carnivore","Generalist","pelagic",2,"VU","EN","VU","central_west",3970,0,FALSE,NA,NA,NA,NA,NA,NA,NA,NA,NA,NA,FALSE,NA,NA,NA,334105,0.395486895940082,"2026-07-06"
"Gould's Petrel","Pterodroma leucoptera",NA,NA,FALSE,FALSE,NA,"Partial migrant","total migrant","Aquatic predator","Carnivore","Generalist","pelagic",2,"VU","EN","VU","new_england",3780,0,FALSE,NA,NA,NA,NA,NA,NA,NA,NA,NA,NA,FALSE,NA,NA,NA,334105,0.395486895940082,"2026-07-06"
"Gould's Petrel","Pterodroma leucoptera",NA,NA,FALSE,FALSE,NA,"Partial migrant","total migrant","Aquatic predator","Carnivore","Generalist","pelagic",2,"VU","EN","VU","south_west",1549,0,FALSE,NA,NA,NA,NA,NA,NA,NA,NA,NA,NA,FALSE,NA,NA,NA,334105,0.395486895940082,"2026-07-06"
"White-chinned Petrel","Procellaria aequinoctialis",NA,NA,FALSE,FALSE,NA,"Migratory","total migrant","Aquatic predator","Carnivore","Aquatic","pelagic",2,"VU","not listed","not listed","statewide",324818,0,FALSE,NA,NA,NA,NA,NA,NA,NA,NA,NA,NA,FALSE,NA,NA,NA,334105,0,"2026-07-06"
"White-chinned Petrel","Procellaria aequinoctialis",NA,NA,FALSE,FALSE,NA,"Migratory","total migrant","Aquatic predator","Carnivore","Aquatic","pelagic",2,"VU","not listed","not listed","central_west",3961,0,FALSE,NA,NA,NA,NA,NA,NA,NA,NA,NA,NA,FALSE,NA,NA,NA,334105,0,"2026-07-06"
"White-chinned Petrel","Procellaria aequinoctialis",NA,NA,FALSE,FALSE,NA,"Migratory","total migrant","Aquatic predator","Carnivore","Aquatic","pelagic",2,"VU","not listed","not listed","new_england",3780,0,FALSE,NA,NA,NA,NA,NA,NA,NA,NA,NA,NA,FALSE,NA,NA,NA,334105,0,"2026-07-06"
"White-chinned Petrel","Procellaria aequinoctialis",NA,NA,FALSE,FALSE,NA,"Migratory","total migrant","Aquatic predator","Carnivore","Aquatic","pelagic",2,"VU","not listed","not listed","south_west",1546,0,FALSE,NA,NA,NA,NA,NA,NA,NA,NA,NA,NA,FALSE,NA,NA,NA,334105,0,"2026-07-06"
"Squatter Pigeon","Geophaps scripta","u39b","Geophaps scripta scripta",TRUE,FALSE,NA,"Partial migrant","local dispersal","Granivore","Herbivore","Terrestrial","ground",2,"LC","VU","EN","statewide",324806,67,TRUE,0.000161298593716164,0.000161311603733338,222,"10 Aug",0,FALSE,NA,NA,NA,NA,FALSE,NA,NA,NA,334105,0.866241915420115,"2026-07-10"
"Squatter Pigeon","Geophaps scripta","u39b","Geophaps scripta scripta",TRUE,FALSE,NA,"Partial migrant","local dispersal","Granivore","Herbivore","Terrestrial","ground",2,"LC","VU","EN","central_west",3969,0,FALSE,NA,NA,NA,NA,NA,NA,NA,NA,NA,NA,FALSE,NA,NA,NA,334105,0.866241915420115,"2026-07-10"
"Squatter Pigeon","Geophaps scripta","u39b","Geophaps scripta scripta",TRUE,FALSE,NA,"Partial migrant","local dispersal","Granivore","Herbivore","Terrestrial","ground",2,"LC","VU","EN","new_england",3781,0,FALSE,NA,NA,NA,NA,NA,NA,NA,NA,NA,NA,FALSE,NA,NA,NA,334105,0.866241915420115,"2026-07-10"
"Squatter Pigeon","Geophaps scripta","u39b","Geophaps scripta scripta",TRUE,FALSE,NA,"Partial migrant","local dispersal","Granivore","Herbivore","Terrestrial","ground",2,"LC","VU","EN","south_west",1549,0,FALSE,NA,NA,NA,NA,NA,NA,NA,NA,NA,NA,FALSE,NA,NA,NA,334105,0.866241915420115,"2026-07-10"
"Antipodean Albatross","Diomedea antipodensis",NA,NA,FALSE,FALSE,NA,"Partial migrant","total migrant","Aquatic predator","Carnivore","Aquatic","pelagic",2,"EN","VU","VU","statewide",324806,1,FALSE,NA,NA,NA,NA,NA,NA,NA,NA,NA,NA,FALSE,NA,NA,NA,334105,0.021996678567876,"2026-07-06"
"Antipodean Albatross","Diomedea antipodensis",NA,NA,FALSE,FALSE,NA,"Partial migrant","total migrant","Aquatic predator","Carnivore","Aquatic","pelagic",2,"EN","VU","VU","central_west",3970,0,FALSE,NA,NA,NA,NA,NA,NA,NA,NA,NA,NA,FALSE,NA,NA,NA,334105,0.021996678567876,"2026-07-06"
"Antipodean Albatross","Diomedea antipodensis",NA,NA,FALSE,FALSE,NA,"Partial migrant","total migrant","Aquatic predator","Carnivore","Aquatic","pelagic",2,"EN","VU","VU","new_england",3779,0,FALSE,NA,NA,NA,NA,NA,NA,NA,NA,NA,NA,FALSE,NA,NA,NA,334105,0.021996678567876,"2026-07-06"
"Antipodean Albatross","Diomedea antipodensis",NA,NA,FALSE,FALSE,NA,"Partial migrant","total migrant","Aquatic predator","Carnivore","Aquatic","pelagic",2,"EN","VU","VU","south_west",1550,0,FALSE,NA,NA,NA,NA,NA,NA,NA,NA,NA,NA,FALSE,NA,NA,NA,334105,0.021996678567876,"2026-07-06"
"Lesser Yellowlegs","Tringa flavipes",NA,NA,FALSE,FALSE,NA,"Migratory",NA,"Aquatic predator","Carnivore","Terrestrial","around-water",5,"VU","not listed","not listed","statewide",324807,1,FALSE,NA,NA,NA,NA,NA,NA,NA,NA,NA,NA,FALSE,NA,NA,NA,334105,0.131016842465734,"2026-07-06"
"Lesser Yellowlegs","Tringa flavipes",NA,NA,FALSE,FALSE,NA,"Migratory",NA,"Aquatic predator","Carnivore","Terrestrial","around-water",5,"VU","not listed","not listed","central_west",3966,0,FALSE,NA,NA,NA,NA,NA,NA,NA,NA,NA,NA,FALSE,NA,NA,NA,334105,0.131016842465734,"2026-07-06"
"Lesser Yellowlegs","Tringa flavipes",NA,NA,FALSE,FALSE,NA,"Migratory",NA,"Aquatic predator","Carnivore","Terrestrial","around-water",5,"VU","not listed","not listed","new_england",3781,0,FALSE,NA,NA,NA,NA,NA,NA,NA,NA,NA,NA,FALSE,NA,NA,NA,334105,0.131016842465734,"2026-07-06"
"Lesser Yellowlegs","Tringa flavipes",NA,NA,FALSE,FALSE,NA,"Migratory",NA,"Aquatic predator","Carnivore","Terrestrial","around-water",5,"VU","not listed","not listed","south_west",1551,0,FALSE,NA,NA,NA,NA,NA,NA,NA,NA,NA,NA,FALSE,NA,NA,NA,334105,0.131016842465734,"2026-07-06"
"Common Diving-Petrel","Pelecanoides urinatrix","u85b","Pelecanoides urinatrix urinatrix",TRUE,FALSE,NA,"Partial migrant","local dispersal","Aquatic predator","Carnivore","Aquatic","pelagic",3,"LC","not listed","not listed","statewide",324801,3,FALSE,NA,NA,NA,NA,NA,NA,NA,NA,NA,NA,FALSE,NA,NA,NA,334105,0.77379900291965,"2026-07-06"
"Common Diving-Petrel","Pelecanoides urinatrix","u85b","Pelecanoides urinatrix urinatrix",TRUE,FALSE,NA,"Partial migrant","local dispersal","Aquatic predator","Carnivore","Aquatic","pelagic",3,"LC","not listed","not listed","central_west",3970,0,FALSE,NA,NA,NA,NA,NA,NA,NA,NA,NA,NA,FALSE,NA,NA,NA,334105,0.77379900291965,"2026-07-06"
"Common Diving-Petrel","Pelecanoides urinatrix","u85b","Pelecanoides urinatrix urinatrix",TRUE,FALSE,NA,"Partial migrant","local dispersal","Aquatic predator","Carnivore","Aquatic","pelagic",3,"LC","not listed","not listed","new_england",3785,0,FALSE,NA,NA,NA,NA,NA,NA,NA,NA,NA,NA,FALSE,NA,NA,NA,334105,0.77379900291965,"2026-07-06"
"Common Diving-Petrel","Pelecanoides urinatrix","u85b","Pelecanoides urinatrix urinatrix",TRUE,FALSE,NA,"Partial migrant","local dispersal","Aquatic predator","Carnivore","Aquatic","pelagic",3,"LC","not listed","not listed","south_west",1549,0,FALSE,NA,NA,NA,NA,NA,NA,NA,NA,NA,NA,FALSE,NA,NA,NA,334105,0.77379900291965,"2026-07-06"
"Papuan Eclectus","Eclectus polychloros",NA,NA,FALSE,FALSE,NA,"Sedentary",NA,"Omnivore","Herbivore","Insessorial",NA,4,"LC",NA,NA,"statewide",324808,5,FALSE,NA,NA,NA,NA,NA,NA,NA,NA,NA,NA,FALSE,NA,NA,NA,334105,0.0140298776737314,"2026-07-06"
"Papuan Eclectus","Eclectus polychloros",NA,NA,FALSE,FALSE,NA,"Sedentary",NA,"Omnivore","Herbivore","Insessorial",NA,4,"LC",NA,NA,"central_west",3967,0,FALSE,NA,NA,NA,NA,NA,NA,NA,NA,NA,NA,FALSE,NA,NA,NA,334105,0.0140298776737314,"2026-07-06"
"Papuan Eclectus","Eclectus polychloros",NA,NA,FALSE,FALSE,NA,"Sedentary",NA,"Omnivore","Herbivore","Insessorial",NA,4,"LC",NA,NA,"new_england",3780,0,FALSE,NA,NA,NA,NA,NA,NA,NA,NA,NA,NA,FALSE,NA,NA,NA,334105,0.0140298776737314,"2026-07-06"
"Papuan Eclectus","Eclectus polychloros",NA,NA,FALSE,FALSE,NA,"Sedentary",NA,"Omnivore","Herbivore","Insessorial",NA,4,"LC",NA,NA,"south_west",1550,0,FALSE,NA,NA,NA,NA,NA,NA,NA,NA,NA,NA,FALSE,NA,NA,NA,334105,0.0140298776737314,"2026-07-06"
"Thick-billed Grasswren","Amytornis modestus","u8022c","Amytornis modestus obscurior",TRUE,FALSE,NA,"Sedentary","local dispersal","Omnivore","Omnivore","Generalist","ground",2,"LC","CR","CR","statewide",324797,8,FALSE,NA,NA,NA,NA,NA,NA,NA,NA,NA,NA,FALSE,NA,NA,NA,334105,0.838825261773175,"2026-07-06"
"Thick-billed Grasswren","Amytornis modestus","u8022c","Amytornis modestus obscurior",TRUE,FALSE,NA,"Sedentary","local dispersal","Omnivore","Omnivore","Generalist","ground",2,"LC","CR","CR","central_west",3968,0,FALSE,NA,NA,NA,NA,NA,NA,NA,NA,NA,NA,FALSE,NA,NA,NA,334105,0.838825261773175,"2026-07-06"
"Thick-billed Grasswren","Amytornis modestus","u8022c","Amytornis modestus obscurior",TRUE,FALSE,NA,"Sedentary","local dispersal","Omnivore","Omnivore","Generalist","ground",2,"LC","CR","CR","new_england",3781,0,FALSE,NA,NA,NA,NA,NA,NA,NA,NA,NA,NA,FALSE,NA,NA,NA,334105,0.838825261773175,"2026-07-06"
"Thick-billed Grasswren","Amytornis modestus","u8022c","Amytornis modestus obscurior",TRUE,FALSE,NA,"Sedentary","local dispersal","Omnivore","Omnivore","Generalist","ground",2,"LC","CR","CR","south_west",1559,0,FALSE,NA,NA,NA,NA,NA,NA,NA,NA,NA,NA,FALSE,NA,NA,NA,334105,0.838825261773175,"2026-07-06"
"Arctic Tern","Sterna paradisaea",NA,NA,FALSE,FALSE,NA,"Migratory",NA,"Aquatic predator","Carnivore","Aerial","around-water",4,"LC","not listed","not listed","statewide",324797,2,FALSE,NA,NA,NA,NA,NA,NA,NA,NA,NA,NA,FALSE,NA,NA,NA,334105,0.137355597203706,"2026-07-06"
"Arctic Tern","Sterna paradisaea",NA,NA,FALSE,FALSE,NA,"Migratory",NA,"Aquatic predator","Carnivore","Aerial","around-water",4,"LC","not listed","not listed","central_west",3972,0,FALSE,NA,NA,NA,NA,NA,NA,NA,NA,NA,NA,FALSE,NA,NA,NA,334105,0.137355597203706,"2026-07-06"
"Arctic Tern","Sterna paradisaea",NA,NA,FALSE,FALSE,NA,"Migratory",NA,"Aquatic predator","Carnivore","Aerial","around-water",4,"LC","not listed","not listed","new_england",3780,0,FALSE,NA,NA,NA,NA,NA,NA,NA,NA,NA,NA,FALSE,NA,NA,NA,334105,0.137355597203706,"2026-07-06"
"Arctic Tern","Sterna paradisaea",NA,NA,FALSE,FALSE,NA,"Migratory",NA,"Aquatic predator","Carnivore","Aerial","around-water",4,"LC","not listed","not listed","south_west",1556,0,FALSE,NA,NA,NA,NA,NA,NA,NA,NA,NA,NA,FALSE,NA,NA,NA,334105,0.137355597203706,"2026-07-06"
"Kermadec Petrel","Pterodroma neglecta","u922","Pterodroma neglecta neglecta",TRUE,FALSE,NA,"Partial migrant","total migrant","Aquatic predator","Carnivore","Generalist","pelagic",2,"LC","VU","VU","statewide",324809,0,FALSE,NA,NA,NA,NA,NA,NA,NA,NA,NA,NA,FALSE,NA,NA,NA,334105,0,"2026-07-06"
"Kermadec Petrel","Pterodroma neglecta","u922","Pterodroma neglecta neglecta",TRUE,FALSE,NA,"Partial migrant","total migrant","Aquatic predator","Carnivore","Generalist","pelagic",2,"LC","VU","VU","central_west",3967,0,FALSE,NA,NA,NA,NA,NA,NA,NA,NA,NA,NA,FALSE,NA,NA,NA,334105,0,"2026-07-06"
"Kermadec Petrel","Pterodroma neglecta","u922","Pterodroma neglecta neglecta",TRUE,FALSE,NA,"Partial migrant","total migrant","Aquatic predator","Carnivore","Generalist","pelagic",2,"LC","VU","VU","new_england",3779,0,FALSE,NA,NA,NA,NA,NA,NA,NA,NA,NA,NA,FALSE,NA,NA,NA,334105,0,"2026-07-06"
"Kermadec Petrel","Pterodroma neglecta","u922","Pterodroma neglecta neglecta",TRUE,FALSE,NA,"Partial migrant","total migrant","Aquatic predator","Carnivore","Generalist","pelagic",2,"LC","VU","VU","south_west",1550,0,FALSE,NA,NA,NA,NA,NA,NA,NA,NA,NA,NA,FALSE,NA,NA,NA,334105,0,"2026-07-06"
"Great Frigatebird","Fregata minor",NA,NA,FALSE,FALSE,NA,"Migratory","sedentary","Aquatic predator","Carnivore","Aerial","pelagic",2,"LC","not listed","not listed","statewide",324804,1,FALSE,NA,NA,NA,NA,NA,NA,NA,NA,NA,NA,FALSE,NA,NA,NA,334105,0.130884934275891,"2026-07-06"
"Great Frigatebird","Fregata minor",NA,NA,FALSE,FALSE,NA,"Migratory","sedentary","Aquatic predator","Carnivore","Aerial","pelagic",2,"LC","not listed","not listed","central_west",3972,0,FALSE,NA,NA,NA,NA,NA,NA,NA,NA,NA,NA,FALSE,NA,NA,NA,334105,0.130884934275891,"2026-07-06"
"Great Frigatebird","Fregata minor",NA,NA,FALSE,FALSE,NA,"Migratory","sedentary","Aquatic predator","Carnivore","Aerial","pelagic",2,"LC","not listed","not listed","new_england",3779,0,FALSE,NA,NA,NA,NA,NA,NA,NA,NA,NA,NA,FALSE,NA,NA,NA,334105,0.130884934275891,"2026-07-06"
"Great Frigatebird","Fregata minor",NA,NA,FALSE,FALSE,NA,"Migratory","sedentary","Aquatic predator","Carnivore","Aerial","pelagic",2,"LC","not listed","not listed","south_west",1550,0,FALSE,NA,NA,NA,NA,NA,NA,NA,NA,NA,NA,FALSE,NA,NA,NA,334105,0.130884934275891,"2026-07-06"
"Princess Parrot","Polytelis alexandrae",NA,NA,FALSE,FALSE,NA,"Partial migrant","nomadic","Granivore","Herbivore","Insessorial","understory",5,"NT","VU","not listed","statewide",324808,2,FALSE,NA,NA,NA,NA,NA,NA,NA,NA,NA,NA,FALSE,NA,NA,NA,334105,0.0230228439507077,"2026-07-06"
"Princess Parrot","Polytelis alexandrae",NA,NA,FALSE,FALSE,NA,"Partial migrant","nomadic","Granivore","Herbivore","Insessorial","understory",5,"NT","VU","not listed","central_west",3968,0,FALSE,NA,NA,NA,NA,NA,NA,NA,NA,NA,NA,FALSE,NA,NA,NA,334105,0.0230228439507077,"2026-07-06"
"Princess Parrot","Polytelis alexandrae",NA,NA,FALSE,FALSE,NA,"Partial migrant","nomadic","Granivore","Herbivore","Insessorial","understory",5,"NT","VU","not listed","new_england",3781,0,FALSE,NA,NA,NA,NA,NA,NA,NA,NA,NA,NA,FALSE,NA,NA,NA,334105,0.0230228439507077,"2026-07-06"
"Princess Parrot","Polytelis alexandrae",NA,NA,FALSE,FALSE,NA,"Partial migrant","nomadic","Granivore","Herbivore","Insessorial","understory",5,"NT","VU","not listed","south_west",1548,0,FALSE,NA,NA,NA,NA,NA,NA,NA,NA,NA,NA,FALSE,NA,NA,NA,334105,0.0230228439507077,"2026-07-06"
"Rosy-faced Lovebird","Agapornis roseicollis",NA,NA,FALSE,FALSE,NA,"Sedentary",NA,"Granivore","Herbivore","Terrestrial","ground",4,"LC",NA,NA,"statewide",324807,1,FALSE,NA,NA,NA,NA,NA,NA,NA,NA,NA,NA,FALSE,NA,NA,NA,334105,0.130930728353761,"2026-07-06"
"Rosy-faced Lovebird","Agapornis roseicollis",NA,NA,FALSE,FALSE,NA,"Sedentary",NA,"Granivore","Herbivore","Terrestrial","ground",4,"LC",NA,NA,"central_west",3969,0,FALSE,NA,NA,NA,NA,NA,NA,NA,NA,NA,NA,FALSE,NA,NA,NA,334105,0.130930728353761,"2026-07-06"
"Rosy-faced Lovebird","Agapornis roseicollis",NA,NA,FALSE,FALSE,NA,"Sedentary",NA,"Granivore","Herbivore","Terrestrial","ground",4,"LC",NA,NA,"new_england",3780,0,FALSE,NA,NA,NA,NA,NA,NA,NA,NA,NA,NA,FALSE,NA,NA,NA,334105,0.130930728353761,"2026-07-06"
"Rosy-faced Lovebird","Agapornis roseicollis",NA,NA,FALSE,FALSE,NA,"Sedentary",NA,"Granivore","Herbivore","Terrestrial","ground",4,"LC",NA,NA,"south_west",1549,0,FALSE,NA,NA,NA,NA,NA,NA,NA,NA,NA,NA,FALSE,NA,NA,NA,334105,0.130930728353761,"2026-07-06"
"White-faced Storm-Petrel","Pelagodroma marina","u65","Pelagodroma marina dulciae",TRUE,FALSE,NA,"Migratory","total migrant","Aquatic predator","Carnivore","Aerial","pelagic",3,"LC","not listed","not listed","statewide",324807,2,FALSE,NA,NA,NA,NA,NA,NA,NA,NA,NA,NA,FALSE,NA,NA,NA,334105,0.19963840108381,"2026-07-06"
"White-faced Storm-Petrel","Pelagodroma marina","u65","Pelagodroma marina dulciae",TRUE,FALSE,NA,"Migratory","total migrant","Aquatic predator","Carnivore","Aerial","pelagic",3,"LC","not listed","not listed","central_west",3969,0,FALSE,NA,NA,NA,NA,NA,NA,NA,NA,NA,NA,FALSE,NA,NA,NA,334105,0.19963840108381,"2026-07-06"
"White-faced Storm-Petrel","Pelagodroma marina","u65","Pelagodroma marina dulciae",TRUE,FALSE,NA,"Migratory","total migrant","Aquatic predator","Carnivore","Aerial","pelagic",3,"LC","not listed","not listed","new_england",3781,0,FALSE,NA,NA,NA,NA,NA,NA,NA,NA,NA,NA,FALSE,NA,NA,NA,334105,0.19963840108381,"2026-07-06"
"White-faced Storm-Petrel","Pelagodroma marina","u65","Pelagodroma marina dulciae",TRUE,FALSE,NA,"Migratory","total migrant","Aquatic predator","Carnivore","Aerial","pelagic",3,"LC","not listed","not listed","south_west",1548,0,FALSE,NA,NA,NA,NA,NA,NA,NA,NA,NA,NA,FALSE,NA,NA,NA,334105,0.19963840108381,"2026-07-06"
"African Collared-Dove","Streptopelia roseogrisea",NA,NA,FALSE,FALSE,NA,"Sedentary","local dispersal","Granivore","Herbivore","Terrestrial","ground",3,"LC","not listed","not listed","statewide",324805,5,FALSE,NA,NA,NA,NA,NA,NA,NA,NA,NA,NA,FALSE,NA,NA,NA,334105,0.0249120835937798,"2026-07-06"
"African Collared-Dove","Streptopelia roseogrisea",NA,NA,FALSE,FALSE,NA,"Sedentary","local dispersal","Granivore","Herbivore","Terrestrial","ground",3,"LC","not listed","not listed","central_west",3967,0,FALSE,NA,NA,NA,NA,NA,NA,NA,NA,NA,NA,FALSE,NA,NA,NA,334105,0.0249120835937798,"2026-07-06"
"African Collared-Dove","Streptopelia roseogrisea",NA,NA,FALSE,FALSE,NA,"Sedentary","local dispersal","Granivore","Herbivore","Terrestrial","ground",3,"LC","not listed","not listed","new_england",3784,0,FALSE,NA,NA,NA,NA,NA,NA,NA,NA,NA,NA,FALSE,NA,NA,NA,334105,0.0249120835937798,"2026-07-06"
"African Collared-Dove","Streptopelia roseogrisea",NA,NA,FALSE,FALSE,NA,"Sedentary","local dispersal","Granivore","Herbivore","Terrestrial","ground",3,"LC","not listed","not listed","south_west",1549,0,FALSE,NA,NA,NA,NA,NA,NA,NA,NA,NA,NA,FALSE,NA,NA,NA,334105,0.0249120835937798,"2026-07-06"
"Blue-and-yellow Macaw","Ara ararauna",NA,NA,FALSE,FALSE,NA,"Sedentary",NA,"Omnivore","Herbivore","Insessorial","mid-high",4,"LC",NA,NA,"statewide",324811,4,FALSE,NA,NA,NA,NA,NA,NA,NA,NA,NA,NA,FALSE,NA,NA,NA,334105,0.167550199313368,"2026-07-06"
"Blue-and-yellow Macaw","Ara ararauna",NA,NA,FALSE,FALSE,NA,"Sedentary",NA,"Omnivore","Herbivore","Insessorial","mid-high",4,"LC",NA,NA,"central_west",3968,0,FALSE,NA,NA,NA,NA,NA,NA,NA,NA,NA,NA,FALSE,NA,NA,NA,334105,0.167550199313368,"2026-07-06"
"Blue-and-yellow Macaw","Ara ararauna",NA,NA,FALSE,FALSE,NA,"Sedentary",NA,"Omnivore","Herbivore","Insessorial","mid-high",4,"LC",NA,NA,"new_england",3781,0,FALSE,NA,NA,NA,NA,NA,NA,NA,NA,NA,NA,FALSE,NA,NA,NA,334105,0.167550199313368,"2026-07-06"
"Blue-and-yellow Macaw","Ara ararauna",NA,NA,FALSE,FALSE,NA,"Sedentary",NA,"Omnivore","Herbivore","Insessorial","mid-high",4,"LC",NA,NA,"south_west",1545,0,FALSE,NA,NA,NA,NA,NA,NA,NA,NA,NA,NA,FALSE,NA,NA,NA,334105,0.167550199313368,"2026-07-06"
"Roseate Tern","Sterna dougallii",NA,NA,FALSE,FALSE,NA,"Migratory","partial migrant;total migrant","Aquatic predator","Carnivore","Aerial","pelagic",3,"LC","not listed","not listed","statewide",324806,1,FALSE,NA,NA,NA,NA,NA,NA,NA,NA,NA,NA,FALSE,NA,NA,NA,334105,0.570176255689093,"2026-07-06"
"Roseate Tern","Sterna dougallii",NA,NA,FALSE,FALSE,NA,"Migratory","partial migrant;total migrant","Aquatic predator","Carnivore","Aerial","pelagic",3,"LC","not listed","not listed","central_west",3966,0,FALSE,NA,NA,NA,NA,NA,NA,NA,NA,NA,NA,FALSE,NA,NA,NA,334105,0.570176255689093,"2026-07-06"
"Roseate Tern","Sterna dougallii",NA,NA,FALSE,FALSE,NA,"Migratory","partial migrant;total migrant","Aquatic predator","Carnivore","Aerial","pelagic",3,"LC","not listed","not listed","new_england",3780,0,FALSE,NA,NA,NA,NA,NA,NA,NA,NA,NA,NA,FALSE,NA,NA,NA,334105,0.570176255689093,"2026-07-06"
"Roseate Tern","Sterna dougallii",NA,NA,FALSE,FALSE,NA,"Migratory","partial migrant;total migrant","Aquatic predator","Carnivore","Aerial","pelagic",3,"LC","not listed","not listed","south_west",1553,0,FALSE,NA,NA,NA,NA,NA,NA,NA,NA,NA,NA,FALSE,NA,NA,NA,334105,0.570176255689093,"2026-07-06"
"Mandarin Duck","Aix galericulata",NA,NA,FALSE,FALSE,NA,"Migratory",NA,"Herbivore aquatic","Herbivore","Generalist","around-water",3,"LC",NA,NA,"statewide",324805,4,FALSE,NA,NA,NA,NA,NA,NA,NA,NA,NA,NA,FALSE,NA,NA,NA,334105,0.190614264997631,"2026-07-06"
"Mandarin Duck","Aix galericulata",NA,NA,FALSE,FALSE,NA,"Migratory",NA,"Herbivore aquatic","Herbivore","Generalist","around-water",3,"LC",NA,NA,"central_west",3971,0,FALSE,NA,NA,NA,NA,NA,NA,NA,NA,NA,NA,FALSE,NA,NA,NA,334105,0.190614264997631,"2026-07-06"
"Mandarin Duck","Aix galericulata",NA,NA,FALSE,FALSE,NA,"Migratory",NA,"Herbivore aquatic","Herbivore","Generalist","around-water",3,"LC",NA,NA,"new_england",3780,0,FALSE,NA,NA,NA,NA,NA,NA,NA,NA,NA,NA,FALSE,NA,NA,NA,334105,0.190614264997631,"2026-07-06"
"Mandarin Duck","Aix galericulata",NA,NA,FALSE,FALSE,NA,"Migratory",NA,"Herbivore aquatic","Herbivore","Generalist","around-water",3,"LC",NA,NA,"south_west",1549,0,FALSE,NA,NA,NA,NA,NA,NA,NA,NA,NA,NA,FALSE,NA,NA,NA,334105,0.190614264997631,"2026-07-06"
"Northern Shoveler","Spatula clypeata",NA,NA,FALSE,FALSE,NA,"Migratory",NA,"Aquatic predator","Omnivore","Aquatic","around-water",4,"LC","not listed","not listed","statewide",324801,3,FALSE,NA,NA,NA,NA,NA,NA,NA,NA,NA,NA,FALSE,NA,NA,NA,334105,0.0239735858811434,"2026-07-06"
"Northern Shoveler","Spatula clypeata",NA,NA,FALSE,FALSE,NA,"Migratory",NA,"Aquatic predator","Omnivore","Aquatic","around-water",4,"LC","not listed","not listed","central_west",3972,0,FALSE,NA,NA,NA,NA,NA,NA,NA,NA,NA,NA,FALSE,NA,NA,NA,334105,0.0239735858811434,"2026-07-06"
"Northern Shoveler","Spatula clypeata",NA,NA,FALSE,FALSE,NA,"Migratory",NA,"Aquatic predator","Omnivore","Aquatic","around-water",4,"LC","not listed","not listed","new_england",3778,0,FALSE,NA,NA,NA,NA,NA,NA,NA,NA,NA,NA,FALSE,NA,NA,NA,334105,0.0239735858811434,"2026-07-06"
"Northern Shoveler","Spatula clypeata",NA,NA,FALSE,FALSE,NA,"Migratory",NA,"Aquatic predator","Omnivore","Aquatic","around-water",4,"LC","not listed","not listed","south_west",1554,0,FALSE,NA,NA,NA,NA,NA,NA,NA,NA,NA,NA,FALSE,NA,NA,NA,334105,0.0239735858811434,"2026-07-06"
"White-bellied Storm-Petrel","Fregetta grallaria",NA,NA,FALSE,FALSE,NA,"Migratory","total migrant","Aquatic predator","Carnivore","Aerial","pelagic",2,"LC","VU","VU","statewide",324799,0,FALSE,NA,NA,NA,NA,NA,NA,NA,NA,NA,NA,FALSE,NA,NA,NA,334105,0,"2026-07-06"
"White-bellied Storm-Petrel","Fregetta grallaria",NA,NA,FALSE,FALSE,NA,"Migratory","total migrant","Aquatic predator","Carnivore","Aerial","pelagic",2,"LC","VU","VU","central_west",3970,0,FALSE,NA,NA,NA,NA,NA,NA,NA,NA,NA,NA,FALSE,NA,NA,NA,334105,0,"2026-07-06"
"White-bellied Storm-Petrel","Fregetta grallaria",NA,NA,FALSE,FALSE,NA,"Migratory","total migrant","Aquatic predator","Carnivore","Aerial","pelagic",2,"LC","VU","VU","new_england",3780,0,FALSE,NA,NA,NA,NA,NA,NA,NA,NA,NA,NA,FALSE,NA,NA,NA,334105,0,"2026-07-06"
"White-bellied Storm-Petrel","Fregetta grallaria",NA,NA,FALSE,FALSE,NA,"Migratory","total migrant","Aquatic predator","Carnivore","Aerial","pelagic",2,"LC","VU","VU","south_west",1556,0,FALSE,NA,NA,NA,NA,NA,NA,NA,NA,NA,NA,FALSE,NA,NA,NA,334105,0,"2026-07-06"
"Red-and-green Macaw","Ara chloropterus",NA,NA,FALSE,FALSE,NA,"Sedentary",NA,"Omnivore","Herbivore","Insessorial","mid-high",4,"LC",NA,NA,"statewide",324810,2,FALSE,NA,NA,NA,NA,NA,NA,NA,NA,NA,NA,FALSE,NA,NA,NA,334105,0.129012874984324,"2026-07-06"
"Red-and-green Macaw","Ara chloropterus",NA,NA,FALSE,FALSE,NA,"Sedentary",NA,"Omnivore","Herbivore","Insessorial","mid-high",4,"LC",NA,NA,"central_west",3968,0,FALSE,NA,NA,NA,NA,NA,NA,NA,NA,NA,NA,FALSE,NA,NA,NA,334105,0.129012874984324,"2026-07-06"
"Red-and-green Macaw","Ara chloropterus",NA,NA,FALSE,FALSE,NA,"Sedentary",NA,"Omnivore","Herbivore","Insessorial","mid-high",4,"LC",NA,NA,"new_england",3776,0,FALSE,NA,NA,NA,NA,NA,NA,NA,NA,NA,NA,FALSE,NA,NA,NA,334105,0.129012874984324,"2026-07-06"
"Red-and-green Macaw","Ara chloropterus",NA,NA,FALSE,FALSE,NA,"Sedentary",NA,"Omnivore","Herbivore","Insessorial","mid-high",4,"LC",NA,NA,"south_west",1551,0,FALSE,NA,NA,NA,NA,NA,NA,NA,NA,NA,NA,FALSE,NA,NA,NA,334105,0.129012874984324,"2026-07-06"
"Snowy Albatross","Diomedea exulans",NA,NA,FALSE,FALSE,NA,"Partial migrant","total migrant","Aquatic predator","Carnivore","Aquatic","pelagic",2,"VU","VU","EN","statewide",324809,0,FALSE,NA,NA,NA,NA,NA,NA,NA,NA,NA,NA,FALSE,NA,NA,NA,334105,0,"2026-07-06"
"Snowy Albatross","Diomedea exulans",NA,NA,FALSE,FALSE,NA,"Partial migrant","total migrant","Aquatic predator","Carnivore","Aquatic","pelagic",2,"VU","VU","EN","central_west",3967,0,FALSE,NA,NA,NA,NA,NA,NA,NA,NA,NA,NA,FALSE,NA,NA,NA,334105,0,"2026-07-06"
"Snowy Albatross","Diomedea exulans",NA,NA,FALSE,FALSE,NA,"Partial migrant","total migrant","Aquatic predator","Carnivore","Aquatic","pelagic",2,"VU","VU","EN","new_england",3778,0,FALSE,NA,NA,NA,NA,NA,NA,NA,NA,NA,NA,FALSE,NA,NA,NA,334105,0,"2026-07-06"
"Snowy Albatross","Diomedea exulans",NA,NA,FALSE,FALSE,NA,"Partial migrant","total migrant","Aquatic predator","Carnivore","Aquatic","pelagic",2,"VU","VU","EN","south_west",1551,0,FALSE,NA,NA,NA,NA,NA,NA,NA,NA,NA,NA,FALSE,NA,NA,NA,334105,0,"2026-07-06"
"White-headed Petrel","Pterodroma lessonii",NA,NA,FALSE,FALSE,NA,"Partial migrant","total migrant","Aquatic predator","Carnivore","Generalist","pelagic",4,"LC","not listed","not listed","statewide",324810,0,FALSE,NA,NA,NA,NA,NA,NA,NA,NA,NA,NA,FALSE,NA,NA,NA,334105,0,"2026-07-06"
"White-headed Petrel","Pterodroma lessonii",NA,NA,FALSE,FALSE,NA,"Partial migrant","total migrant","Aquatic predator","Carnivore","Generalist","pelagic",4,"LC","not listed","not listed","central_west",3966,0,FALSE,NA,NA,NA,NA,NA,NA,NA,NA,NA,NA,FALSE,NA,NA,NA,334105,0,"2026-07-06"
"White-headed Petrel","Pterodroma lessonii",NA,NA,FALSE,FALSE,NA,"Partial migrant","total migrant","Aquatic predator","Carnivore","Generalist","pelagic",4,"LC","not listed","not listed","new_england",3779,0,FALSE,NA,NA,NA,NA,NA,NA,NA,NA,NA,NA,FALSE,NA,NA,NA,334105,0,"2026-07-06"
"White-headed Petrel","Pterodroma lessonii",NA,NA,FALSE,FALSE,NA,"Partial migrant","total migrant","Aquatic predator","Carnivore","Generalist","pelagic",4,"LC","not listed","not listed","south_west",1550,0,FALSE,NA,NA,NA,NA,NA,NA,NA,NA,NA,NA,FALSE,NA,NA,NA,334105,0,"2026-07-06"
"Canada Goose","Branta canadensis",NA,NA,FALSE,FALSE,NA,"Migratory",NA,"Herbivore terrestrial","Herbivore","Terrestrial","ground",8,"LC","not listed","not listed","statewide",324799,2,FALSE,NA,NA,NA,NA,NA,NA,NA,NA,NA,NA,FALSE,NA,NA,NA,334105,0.167670582836008,"2026-07-06"
"Canada Goose","Branta canadensis",NA,NA,FALSE,FALSE,NA,"Migratory",NA,"Herbivore terrestrial","Herbivore","Terrestrial","ground",8,"LC","not listed","not listed","central_west",3966,0,FALSE,NA,NA,NA,NA,NA,NA,NA,NA,NA,NA,FALSE,NA,NA,NA,334105,0.167670582836008,"2026-07-06"
"Canada Goose","Branta canadensis",NA,NA,FALSE,FALSE,NA,"Migratory",NA,"Herbivore terrestrial","Herbivore","Terrestrial","ground",8,"LC","not listed","not listed","new_england",3779,0,FALSE,NA,NA,NA,NA,NA,NA,NA,NA,NA,NA,FALSE,NA,NA,NA,334105,0.167670582836008,"2026-07-06"
"Canada Goose","Branta canadensis",NA,NA,FALSE,FALSE,NA,"Migratory",NA,"Herbivore terrestrial","Herbivore","Terrestrial","ground",8,"LC","not listed","not listed","south_west",1561,0,FALSE,NA,NA,NA,NA,NA,NA,NA,NA,NA,NA,FALSE,NA,NA,NA,334105,0.167670582836008,"2026-07-06"
"Cape Barren Goose","Cereopsis novaehollandiae",NA,NA,FALSE,FALSE,NA,"Partial migrant","local dispersal;partial migrant","Herbivore terrestrial","Herbivore","Terrestrial","ground",5,"LC","VU","not listed","statewide",324807,5,FALSE,NA,NA,NA,NA,NA,NA,NA,NA,NA,NA,FALSE,NA,NA,NA,334105,0.0785260999226483,"2026-07-06"
"Cape Barren Goose","Cereopsis novaehollandiae",NA,NA,FALSE,FALSE,NA,"Partial migrant","local dispersal;partial migrant","Herbivore terrestrial","Herbivore","Terrestrial","ground",5,"LC","VU","not listed","central_west",3971,0,FALSE,NA,NA,NA,NA,NA,NA,NA,NA,NA,NA,FALSE,NA,NA,NA,334105,0.0785260999226483,"2026-07-06"
"Cape Barren Goose","Cereopsis novaehollandiae",NA,NA,FALSE,FALSE,NA,"Partial migrant","local dispersal;partial migrant","Herbivore terrestrial","Herbivore","Terrestrial","ground",5,"LC","VU","not listed","new_england",3777,0,FALSE,NA,NA,NA,NA,NA,NA,NA,NA,NA,NA,FALSE,NA,NA,NA,334105,0.0785260999226483,"2026-07-06"
"Cape Barren Goose","Cereopsis novaehollandiae",NA,NA,FALSE,FALSE,NA,"Partial migrant","local dispersal;partial migrant","Herbivore terrestrial","Herbivore","Terrestrial","ground",5,"LC","VU","not listed","south_west",1550,0,FALSE,NA,NA,NA,NA,NA,NA,NA,NA,NA,NA,FALSE,NA,NA,NA,334105,0.0785260999226483,"2026-07-06"
"Common Redshank","Tringa totanus",NA,NA,FALSE,FALSE,NA,"Migratory","total migrant","Aquatic predator","Carnivore","Terrestrial","around-water",5,"LC","not listed","not listed","statewide",324805,1,FALSE,NA,NA,NA,NA,NA,NA,NA,NA,NA,NA,FALSE,NA,NA,NA,334105,0.0220621367545216,"2026-07-06"
"Common Redshank","Tringa totanus",NA,NA,FALSE,FALSE,NA,"Migratory","total migrant","Aquatic predator","Carnivore","Terrestrial","around-water",5,"LC","not listed","not listed","central_west",3971,0,FALSE,NA,NA,NA,NA,NA,NA,NA,NA,NA,NA,FALSE,NA,NA,NA,334105,0.0220621367545216,"2026-07-06"
"Common Redshank","Tringa totanus",NA,NA,FALSE,FALSE,NA,"Migratory","total migrant","Aquatic predator","Carnivore","Terrestrial","around-water",5,"LC","not listed","not listed","new_england",3780,0,FALSE,NA,NA,NA,NA,NA,NA,NA,NA,NA,NA,FALSE,NA,NA,NA,334105,0.0220621367545216,"2026-07-06"
"Common Redshank","Tringa totanus",NA,NA,FALSE,FALSE,NA,"Migratory","total migrant","Aquatic predator","Carnivore","Terrestrial","around-water",5,"LC","not listed","not listed","south_west",1549,0,FALSE,NA,NA,NA,NA,NA,NA,NA,NA,NA,NA,FALSE,NA,NA,NA,334105,0.0220621367545216,"2026-07-06"
"Great Bowerbird","Chlamydera nuchalis",NA,NA,FALSE,FALSE,NA,"Sedentary","local dispersal","Omnivore","Herbivore","Insessorial","understory",2,"LC","not listed","not listed","statewide",324810,2,FALSE,NA,NA,NA,NA,NA,NA,NA,NA,NA,NA,FALSE,NA,NA,NA,334105,0.202403721325582,"2026-07-06"
"Great Bowerbird","Chlamydera nuchalis",NA,NA,FALSE,FALSE,NA,"Sedentary","local dispersal","Omnivore","Herbivore","Insessorial","understory",2,"LC","not listed","not listed","central_west",3965,0,FALSE,NA,NA,NA,NA,NA,NA,NA,NA,NA,NA,FALSE,NA,NA,NA,334105,0.202403721325582,"2026-07-06"
"Great Bowerbird","Chlamydera nuchalis",NA,NA,FALSE,FALSE,NA,"Sedentary","local dispersal","Omnivore","Herbivore","Insessorial","understory",2,"LC","not listed","not listed","new_england",3780,0,FALSE,NA,NA,NA,NA,NA,NA,NA,NA,NA,NA,FALSE,NA,NA,NA,334105,0.202403721325582,"2026-07-06"
"Great Bowerbird","Chlamydera nuchalis",NA,NA,FALSE,FALSE,NA,"Sedentary","local dispersal","Omnivore","Herbivore","Insessorial","understory",2,"LC","not listed","not listed","south_west",1550,0,FALSE,NA,NA,NA,NA,NA,NA,NA,NA,NA,NA,FALSE,NA,NA,NA,334105,0.202403721325582,"2026-07-06"
"Little Ringed Plover","Thinornis dubius",NA,NA,FALSE,FALSE,NA,"Migratory","total migrant","Aquatic predator","Carnivore","Terrestrial","ground",5,"LC","not listed","not listed","statewide",324804,0,FALSE,NA,NA,NA,NA,NA,NA,NA,NA,NA,NA,FALSE,NA,NA,NA,334105,0,"2026-07-06"
"Little Ringed Plover","Thinornis dubius",NA,NA,FALSE,FALSE,NA,"Migratory","total migrant","Aquatic predator","Carnivore","Terrestrial","ground",5,"LC","not listed","not listed","central_west",3968,0,FALSE,NA,NA,NA,NA,NA,NA,NA,NA,NA,NA,FALSE,NA,NA,NA,334105,0,"2026-07-06"
"Little Ringed Plover","Thinornis dubius",NA,NA,FALSE,FALSE,NA,"Migratory","total migrant","Aquatic predator","Carnivore","Terrestrial","ground",5,"LC","not listed","not listed","new_england",3781,0,FALSE,NA,NA,NA,NA,NA,NA,NA,NA,NA,NA,FALSE,NA,NA,NA,334105,0,"2026-07-06"
"Little Ringed Plover","Thinornis dubius",NA,NA,FALSE,FALSE,NA,"Migratory","total migrant","Aquatic predator","Carnivore","Terrestrial","ground",5,"LC","not listed","not listed","south_west",1552,0,FALSE,NA,NA,NA,NA,NA,NA,NA,NA,NA,NA,FALSE,NA,NA,NA,334105,0,"2026-07-06"
"Painted Firetail","Emblema pictum","u654","Emblema pictum",TRUE,FALSE,NA,"Sedentary","nomadic","Granivore","Herbivore","Generalist","ground",6,"LC","not listed","not listed","statewide",324810,0,FALSE,NA,NA,NA,NA,NA,NA,NA,NA,NA,NA,FALSE,NA,NA,NA,334105,0,"2026-07-06"
"Painted Firetail","Emblema pictum","u654","Emblema pictum",TRUE,FALSE,NA,"Sedentary","nomadic","Granivore","Herbivore","Generalist","ground",6,"LC","not listed","not listed","central_west",3967,0,FALSE,NA,NA,NA,NA,NA,NA,NA,NA,NA,NA,FALSE,NA,NA,NA,334105,0,"2026-07-06"
"Painted Firetail","Emblema pictum","u654","Emblema pictum",TRUE,FALSE,NA,"Sedentary","nomadic","Granivore","Herbivore","Generalist","ground",6,"LC","not listed","not listed","new_england",3780,0,FALSE,NA,NA,NA,NA,NA,NA,NA,NA,NA,NA,FALSE,NA,NA,NA,334105,0,"2026-07-06"
"Painted Firetail","Emblema pictum","u654","Emblema pictum",TRUE,FALSE,NA,"Sedentary","nomadic","Granivore","Herbivore","Generalist","ground",6,"LC","not listed","not listed","south_west",1548,0,FALSE,NA,NA,NA,NA,NA,NA,NA,NA,NA,NA,FALSE,NA,NA,NA,334105,0,"2026-07-06"
"Pied Heron","Egretta picata",NA,NA,FALSE,FALSE,NA,"Sedentary","local dispersal;partial migrant","Aquatic predator","Carnivore","Terrestrial","around-water",3,"LC","not listed","not listed","statewide",324811,1,FALSE,NA,NA,NA,NA,NA,NA,NA,NA,NA,NA,FALSE,NA,NA,NA,334105,0.0220537686444866,"2026-07-06"
"Pied Heron","Egretta picata",NA,NA,FALSE,FALSE,NA,"Sedentary","local dispersal;partial migrant","Aquatic predator","Carnivore","Terrestrial","around-water",3,"LC","not listed","not listed","central_west",3970,0,FALSE,NA,NA,NA,NA,NA,NA,NA,NA,NA,NA,FALSE,NA,NA,NA,334105,0.0220537686444866,"2026-07-06"
"Pied Heron","Egretta picata",NA,NA,FALSE,FALSE,NA,"Sedentary","local dispersal;partial migrant","Aquatic predator","Carnivore","Terrestrial","around-water",3,"LC","not listed","not listed","new_england",3777,0,FALSE,NA,NA,NA,NA,NA,NA,NA,NA,NA,NA,FALSE,NA,NA,NA,334105,0.0220537686444866,"2026-07-06"
"Pied Heron","Egretta picata",NA,NA,FALSE,FALSE,NA,"Sedentary","local dispersal;partial migrant","Aquatic predator","Carnivore","Terrestrial","around-water",3,"LC","not listed","not listed","south_west",1547,0,FALSE,NA,NA,NA,NA,NA,NA,NA,NA,NA,NA,FALSE,NA,NA,NA,334105,0.0220537686444866,"2026-07-06"
"Red-footed Booby","Sula sula","u103","Sula sula rubripes",TRUE,FALSE,NA,"Partial migrant","total migrant","Aquatic predator","Carnivore","Aerial","pelagic",2,"LC","not listed","not listed","statewide",324799,1,FALSE,NA,NA,NA,NA,NA,NA,NA,NA,NA,NA,FALSE,NA,NA,NA,334105,0.13084137632232,"2026-07-06"
"Red-footed Booby","Sula sula","u103","Sula sula rubripes",TRUE,FALSE,NA,"Partial migrant","total migrant","Aquatic predator","Carnivore","Aerial","pelagic",2,"LC","not listed","not listed","central_west",3972,0,FALSE,NA,NA,NA,NA,NA,NA,NA,NA,NA,NA,FALSE,NA,NA,NA,334105,0.13084137632232,"2026-07-06"
"Red-footed Booby","Sula sula","u103","Sula sula rubripes",TRUE,FALSE,NA,"Partial migrant","total migrant","Aquatic predator","Carnivore","Aerial","pelagic",2,"LC","not listed","not listed","new_england",3781,0,FALSE,NA,NA,NA,NA,NA,NA,NA,NA,NA,NA,FALSE,NA,NA,NA,334105,0.13084137632232,"2026-07-06"
"Red-footed Booby","Sula sula","u103","Sula sula rubripes",TRUE,FALSE,NA,"Partial migrant","total migrant","Aquatic predator","Carnivore","Aerial","pelagic",2,"LC","not listed","not listed","south_west",1553,0,FALSE,NA,NA,NA,NA,NA,NA,NA,NA,NA,NA,FALSE,NA,NA,NA,334105,0.13084137632232,"2026-07-06"
"White-tailed Tropicbird","Phaethon lepturus",NA,NA,FALSE,FALSE,NA,"Migratory","total migrant","Aquatic predator","Carnivore","Aerial","pelagic",2,"LC","EN","not listed","statewide",324807,2,FALSE,NA,NA,NA,NA,NA,NA,NA,NA,NA,NA,FALSE,NA,NA,NA,334105,0.10941418307001,"2026-07-06"
"White-tailed Tropicbird","Phaethon lepturus",NA,NA,FALSE,FALSE,NA,"Migratory","total migrant","Aquatic predator","Carnivore","Aerial","pelagic",2,"LC","EN","not listed","central_west",3968,0,FALSE,NA,NA,NA,NA,NA,NA,NA,NA,NA,NA,FALSE,NA,NA,NA,334105,0.10941418307001,"2026-07-06"
"White-tailed Tropicbird","Phaethon lepturus",NA,NA,FALSE,FALSE,NA,"Migratory","total migrant","Aquatic predator","Carnivore","Aerial","pelagic",2,"LC","EN","not listed","new_england",3780,0,FALSE,NA,NA,NA,NA,NA,NA,NA,NA,NA,NA,FALSE,NA,NA,NA,334105,0.10941418307001,"2026-07-06"
"White-tailed Tropicbird","Phaethon lepturus",NA,NA,FALSE,FALSE,NA,"Migratory","total migrant","Aquatic predator","Carnivore","Aerial","pelagic",2,"LC","EN","not listed","south_west",1550,0,FALSE,NA,NA,NA,NA,NA,NA,NA,NA,NA,NA,FALSE,NA,NA,NA,334105,0.10941418307001,"2026-07-06"
"American Golden-Plover","Pluvialis dominica",NA,NA,FALSE,FALSE,NA,"Migratory",NA,"Invertivore","Carnivore","Terrestrial","ground",4,"LC",NA,NA,"statewide",324801,2,FALSE,NA,NA,NA,NA,NA,NA,NA,NA,NA,NA,FALSE,NA,NA,NA,334105,0.214516686672677,"2026-07-06"
"American Golden-Plover","Pluvialis dominica",NA,NA,FALSE,FALSE,NA,"Migratory",NA,"Invertivore","Carnivore","Terrestrial","ground",4,"LC",NA,NA,"central_west",3971,0,FALSE,NA,NA,NA,NA,NA,NA,NA,NA,NA,NA,FALSE,NA,NA,NA,334105,0.214516686672677,"2026-07-06"
"American Golden-Plover","Pluvialis dominica",NA,NA,FALSE,FALSE,NA,"Migratory",NA,"Invertivore","Carnivore","Terrestrial","ground",4,"LC",NA,NA,"new_england",3779,0,FALSE,NA,NA,NA,NA,NA,NA,NA,NA,NA,NA,FALSE,NA,NA,NA,334105,0.214516686672677,"2026-07-06"
"American Golden-Plover","Pluvialis dominica",NA,NA,FALSE,FALSE,NA,"Migratory",NA,"Invertivore","Carnivore","Terrestrial","ground",4,"LC",NA,NA,"south_west",1554,0,FALSE,NA,NA,NA,NA,NA,NA,NA,NA,NA,NA,FALSE,NA,NA,NA,334105,0.214516686672677,"2026-07-06"
"Bulwer's Petrel","Bulweria bulwerii",NA,NA,FALSE,FALSE,NA,"Partial migrant","total migrant","Aquatic predator","Carnivore","Aquatic","pelagic",2,"LC","not listed","not listed","statewide",324809,0,FALSE,NA,NA,NA,NA,NA,NA,NA,NA,NA,NA,FALSE,NA,NA,NA,334105,0,"2026-07-06"
"Bulwer's Petrel","Bulweria bulwerii",NA,NA,FALSE,FALSE,NA,"Partial migrant","total migrant","Aquatic predator","Carnivore","Aquatic","pelagic",2,"LC","not listed","not listed","central_west",3966,0,FALSE,NA,NA,NA,NA,NA,NA,NA,NA,NA,NA,FALSE,NA,NA,NA,334105,0,"2026-07-06"
"Bulwer's Petrel","Bulweria bulwerii",NA,NA,FALSE,FALSE,NA,"Partial migrant","total migrant","Aquatic predator","Carnivore","Aquatic","pelagic",2,"LC","not listed","not listed","new_england",3778,0,FALSE,NA,NA,NA,NA,NA,NA,NA,NA,NA,NA,FALSE,NA,NA,NA,334105,0,"2026-07-06"
"Bulwer's Petrel","Bulweria bulwerii",NA,NA,FALSE,FALSE,NA,"Partial migrant","total migrant","Aquatic predator","Carnivore","Aquatic","pelagic",2,"LC","not listed","not listed","south_west",1552,0,FALSE,NA,NA,NA,NA,NA,NA,NA,NA,NA,NA,FALSE,NA,NA,NA,334105,0,"2026-07-06"
"Gouldian Finch","Chloebia gouldiae",NA,NA,FALSE,FALSE,NA,"Sedentary","local dispersal;partial migrant","Granivore","Herbivore","Generalist","understory",6,"LC","EN","not listed","statewide",324811,1,FALSE,NA,NA,NA,NA,NA,NA,NA,NA,NA,NA,FALSE,NA,NA,NA,334105,0.130752980364782,"2026-07-06"
"Gouldian Finch","Chloebia gouldiae",NA,NA,FALSE,FALSE,NA,"Sedentary","local dispersal;partial migrant","Granivore","Herbivore","Generalist","understory",6,"LC","EN","not listed","central_west",3970,0,FALSE,NA,NA,NA,NA,NA,NA,NA,NA,NA,NA,FALSE,NA,NA,NA,334105,0.130752980364782,"2026-07-06"
"Gouldian Finch","Chloebia gouldiae",NA,NA,FALSE,FALSE,NA,"Sedentary","local dispersal;partial migrant","Granivore","Herbivore","Generalist","understory",6,"LC","EN","not listed","new_england",3780,0,FALSE,NA,NA,NA,NA,NA,NA,NA,NA,NA,NA,FALSE,NA,NA,NA,334105,0.130752980364782,"2026-07-06"
"Gouldian Finch","Chloebia gouldiae",NA,NA,FALSE,FALSE,NA,"Sedentary","local dispersal;partial migrant","Granivore","Herbivore","Generalist","understory",6,"LC","EN","not listed","south_west",1544,0,FALSE,NA,NA,NA,NA,NA,NA,NA,NA,NA,NA,FALSE,NA,NA,NA,334105,0.130752980364782,"2026-07-06"
"Mute Swan","Cygnus olor",NA,NA,FALSE,FALSE,NA,"Migratory","local dispersal","Herbivore aquatic","Herbivore","Aquatic","around-water",4,"LC","not listed","not listed","statewide",324798,2,FALSE,NA,NA,NA,NA,NA,NA,NA,NA,NA,NA,FALSE,NA,NA,NA,334105,0.227862186368671,"2026-07-06"
"Mute Swan","Cygnus olor",NA,NA,FALSE,FALSE,NA,"Migratory","local dispersal","Herbivore aquatic","Herbivore","Aquatic","around-water",4,"LC","not listed","not listed","central_west",3968,0,FALSE,NA,NA,NA,NA,NA,NA,NA,NA,NA,NA,FALSE,NA,NA,NA,334105,0.227862186368671,"2026-07-06"
"Mute Swan","Cygnus olor",NA,NA,FALSE,FALSE,NA,"Migratory","local dispersal","Herbivore aquatic","Herbivore","Aquatic","around-water",4,"LC","not listed","not listed","new_england",3781,0,FALSE,NA,NA,NA,NA,NA,NA,NA,NA,NA,NA,FALSE,NA,NA,NA,334105,0.227862186368671,"2026-07-06"
"Mute Swan","Cygnus olor",NA,NA,FALSE,FALSE,NA,"Migratory","local dispersal","Herbivore aquatic","Herbivore","Aquatic","around-water",4,"LC","not listed","not listed","south_west",1558,0,FALSE,NA,NA,NA,NA,NA,NA,NA,NA,NA,NA,FALSE,NA,NA,NA,334105,0.227862186368671,"2026-07-06"
"Northern Pintail","Anas acuta",NA,NA,FALSE,FALSE,NA,"Migratory",NA,"Herbivore aquatic","Herbivore","Aquatic","around-water",5,"LC","not listed","not listed","statewide",324818,1,FALSE,NA,NA,NA,NA,NA,NA,NA,NA,NA,NA,FALSE,NA,NA,NA,334105,0.130771721155073,"2026-07-06"
"Northern Pintail","Anas acuta",NA,NA,FALSE,FALSE,NA,"Migratory",NA,"Herbivore aquatic","Herbivore","Aquatic","around-water",5,"LC","not listed","not listed","central_west",3968,0,FALSE,NA,NA,NA,NA,NA,NA,NA,NA,NA,NA,FALSE,NA,NA,NA,334105,0.130771721155073,"2026-07-06"
"Northern Pintail","Anas acuta",NA,NA,FALSE,FALSE,NA,"Migratory",NA,"Herbivore aquatic","Herbivore","Aquatic","around-water",5,"LC","not listed","not listed","new_england",3777,0,FALSE,NA,NA,NA,NA,NA,NA,NA,NA,NA,NA,FALSE,NA,NA,NA,334105,0.130771721155073,"2026-07-06"
"Northern Pintail","Anas acuta",NA,NA,FALSE,FALSE,NA,"Migratory",NA,"Herbivore aquatic","Herbivore","Aquatic","around-water",5,"LC","not listed","not listed","south_west",1542,0,FALSE,NA,NA,NA,NA,NA,NA,NA,NA,NA,NA,FALSE,NA,NA,NA,334105,0.130771721155073,"2026-07-06"
"Pintado Petrel","Daption capense",NA,NA,FALSE,FALSE,NA,"Partial migrant","total migrant","Aquatic predator","Carnivore","Generalist","pelagic",2,"LC","not listed","not listed","statewide",324808,0,FALSE,NA,NA,NA,NA,NA,NA,NA,NA,NA,NA,FALSE,NA,NA,NA,334105,0,"2026-07-06"
"Pintado Petrel","Daption capense",NA,NA,FALSE,FALSE,NA,"Partial migrant","total migrant","Aquatic predator","Carnivore","Generalist","pelagic",2,"LC","not listed","not listed","central_west",3969,0,FALSE,NA,NA,NA,NA,NA,NA,NA,NA,NA,NA,FALSE,NA,NA,NA,334105,0,"2026-07-06"
"Pintado Petrel","Daption capense",NA,NA,FALSE,FALSE,NA,"Partial migrant","total migrant","Aquatic predator","Carnivore","Generalist","pelagic",2,"LC","not listed","not listed","new_england",3778,0,FALSE,NA,NA,NA,NA,NA,NA,NA,NA,NA,NA,FALSE,NA,NA,NA,334105,0,"2026-07-06"
"Pintado Petrel","Daption capense",NA,NA,FALSE,FALSE,NA,"Partial migrant","total migrant","Aquatic predator","Carnivore","Generalist","pelagic",2,"LC","not listed","not listed","south_west",1550,0,FALSE,NA,NA,NA,NA,NA,NA,NA,NA,NA,NA,FALSE,NA,NA,NA,334105,0,"2026-07-06"
"Southern Fulmar","Fulmarus glacialoides",NA,NA,FALSE,FALSE,NA,"Migratory","total migrant","Aquatic predator","Carnivore","Aquatic","pelagic",2,"LC","not listed","not listed","statewide",324810,0,FALSE,NA,NA,NA,NA,NA,NA,NA,NA,NA,NA,FALSE,NA,NA,NA,334105,0,"2026-07-06"
"Southern Fulmar","Fulmarus glacialoides",NA,NA,FALSE,FALSE,NA,"Migratory","total migrant","Aquatic predator","Carnivore","Aquatic","pelagic",2,"LC","not listed","not listed","central_west",3965,0,FALSE,NA,NA,NA,NA,NA,NA,NA,NA,NA,NA,FALSE,NA,NA,NA,334105,0,"2026-07-06"
"Southern Fulmar","Fulmarus glacialoides",NA,NA,FALSE,FALSE,NA,"Migratory","total migrant","Aquatic predator","Carnivore","Aquatic","pelagic",2,"LC","not listed","not listed","new_england",3780,0,FALSE,NA,NA,NA,NA,NA,NA,NA,NA,NA,NA,FALSE,NA,NA,NA,334105,0,"2026-07-06"
"Southern Fulmar","Fulmarus glacialoides",NA,NA,FALSE,FALSE,NA,"Migratory","total migrant","Aquatic predator","Carnivore","Aquatic","pelagic",2,"LC","not listed","not listed","south_west",1550,0,FALSE,NA,NA,NA,NA,NA,NA,NA,NA,NA,NA,FALSE,NA,NA,NA,334105,0,"2026-07-06"
"White Wagtail","Motacilla alba",NA,NA,FALSE,FALSE,NA,"Migratory",NA,"Invertivore","Carnivore","Terrestrial","ground",4,"LC","not listed","not listed","statewide",324813,1,FALSE,NA,NA,NA,NA,NA,NA,NA,NA,NA,NA,FALSE,NA,NA,NA,334105,0.0219807821654394,"2026-07-06"
"White Wagtail","Motacilla alba",NA,NA,FALSE,FALSE,NA,"Migratory",NA,"Invertivore","Carnivore","Terrestrial","ground",4,"LC","not listed","not listed","central_west",3964,0,FALSE,NA,NA,NA,NA,NA,NA,NA,NA,NA,NA,FALSE,NA,NA,NA,334105,0.0219807821654394,"2026-07-06"
"White Wagtail","Motacilla alba",NA,NA,FALSE,FALSE,NA,"Migratory",NA,"Invertivore","Carnivore","Terrestrial","ground",4,"LC","not listed","not listed","new_england",3779,0,FALSE,NA,NA,NA,NA,NA,NA,NA,NA,NA,NA,FALSE,NA,NA,NA,334105,0.0219807821654394,"2026-07-06"
"White Wagtail","Motacilla alba",NA,NA,FALSE,FALSE,NA,"Migratory",NA,"Invertivore","Carnivore","Terrestrial","ground",4,"LC","not listed","not listed","south_west",1549,0,FALSE,NA,NA,NA,NA,NA,NA,NA,NA,NA,NA,FALSE,NA,NA,NA,334105,0.0219807821654394,"2026-07-06"
"Black-fronted Tern","Chlidonias albostriatus",NA,NA,FALSE,FALSE,NA,"Partial migrant",NA,"Aquatic predator","Carnivore","Aerial","below-water",3,"EN",NA,NA,"statewide",324808,0,FALSE,NA,NA,NA,NA,NA,NA,NA,NA,NA,NA,FALSE,NA,NA,NA,334105,0,"2026-07-06"
"Black-fronted Tern","Chlidonias albostriatus",NA,NA,FALSE,FALSE,NA,"Partial migrant",NA,"Aquatic predator","Carnivore","Aerial","below-water",3,"EN",NA,NA,"central_west",3971,0,FALSE,NA,NA,NA,NA,NA,NA,NA,NA,NA,NA,FALSE,NA,NA,NA,334105,0,"2026-07-06"
"Black-fronted Tern","Chlidonias albostriatus",NA,NA,FALSE,FALSE,NA,"Partial migrant",NA,"Aquatic predator","Carnivore","Aerial","below-water",3,"EN",NA,NA,"new_england",3779,0,FALSE,NA,NA,NA,NA,NA,NA,NA,NA,NA,NA,FALSE,NA,NA,NA,334105,0,"2026-07-06"
"Black-fronted Tern","Chlidonias albostriatus",NA,NA,FALSE,FALSE,NA,"Partial migrant",NA,"Aquatic predator","Carnivore","Aerial","below-water",3,"EN",NA,NA,"south_west",1547,0,FALSE,NA,NA,NA,NA,NA,NA,NA,NA,NA,NA,FALSE,NA,NA,NA,334105,0,"2026-07-06"
"Black-headed Parrot","Pionites melanocephalus",NA,NA,FALSE,FALSE,NA,"Sedentary",NA,"Granivore","Herbivore","Insessorial","understory",2,"LC",NA,NA,"statewide",324799,0,FALSE,NA,NA,NA,NA,NA,NA,NA,NA,NA,NA,FALSE,NA,NA,NA,334105,0,"2026-07-06"
"Black-headed Parrot","Pionites melanocephalus",NA,NA,FALSE,FALSE,NA,"Sedentary",NA,"Granivore","Herbivore","Insessorial","understory",2,"LC",NA,NA,"central_west",3969,0,FALSE,NA,NA,NA,NA,NA,NA,NA,NA,NA,NA,FALSE,NA,NA,NA,334105,0,"2026-07-06"
"Black-headed Parrot","Pionites melanocephalus",NA,NA,FALSE,FALSE,NA,"Sedentary",NA,"Granivore","Herbivore","Insessorial","understory",2,"LC",NA,NA,"new_england",3779,0,FALSE,NA,NA,NA,NA,NA,NA,NA,NA,NA,NA,FALSE,NA,NA,NA,334105,0,"2026-07-06"
"Black-headed Parrot","Pionites melanocephalus",NA,NA,FALSE,FALSE,NA,"Sedentary",NA,"Granivore","Herbivore","Insessorial","understory",2,"LC",NA,NA,"south_west",1558,0,FALSE,NA,NA,NA,NA,NA,NA,NA,NA,NA,NA,FALSE,NA,NA,NA,334105,0,"2026-07-06"
"Bridled Tern","Onychoprion anaethetus","u121a","Onychoprion anaethetus anaethetus",TRUE,FALSE,NA,"Partial migrant","total migrant","Aquatic predator","Carnivore","Aerial","pelagic",2,"LC","not listed","not listed","statewide",324801,1,FALSE,NA,NA,NA,NA,NA,NA,NA,NA,NA,NA,FALSE,NA,NA,NA,334105,0.130945933354009,"2026-07-06"
"Bridled Tern","Onychoprion anaethetus","u121a","Onychoprion anaethetus anaethetus",TRUE,FALSE,NA,"Partial migrant","total migrant","Aquatic predator","Carnivore","Aerial","pelagic",2,"LC","not listed","not listed","central_west",3968,0,FALSE,NA,NA,NA,NA,NA,NA,NA,NA,NA,NA,FALSE,NA,NA,NA,334105,0.130945933354009,"2026-07-06"
"Bridled Tern","Onychoprion anaethetus","u121a","Onychoprion anaethetus anaethetus",TRUE,FALSE,NA,"Partial migrant","total migrant","Aquatic predator","Carnivore","Aerial","pelagic",2,"LC","not listed","not listed","new_england",3778,0,FALSE,NA,NA,NA,NA,NA,NA,NA,NA,NA,NA,FALSE,NA,NA,NA,334105,0.130945933354009,"2026-07-06"
"Bridled Tern","Onychoprion anaethetus","u121a","Onychoprion anaethetus anaethetus",TRUE,FALSE,NA,"Partial migrant","total migrant","Aquatic predator","Carnivore","Aerial","pelagic",2,"LC","not listed","not listed","south_west",1558,0,FALSE,NA,NA,NA,NA,NA,NA,NA,NA,NA,NA,FALSE,NA,NA,NA,334105,0.130945933354009,"2026-07-06"
"California Quail","Callipepla californica",NA,NA,FALSE,FALSE,NA,"Sedentary","local dispersal","Omnivore","Herbivore","Terrestrial","ground",5,"LC","not listed","not listed","statewide",324805,1,FALSE,NA,NA,NA,NA,NA,NA,NA,NA,NA,NA,FALSE,NA,NA,NA,334105,0.341144807574791,"2026-07-06"
"California Quail","Callipepla californica",NA,NA,FALSE,FALSE,NA,"Sedentary","local dispersal","Omnivore","Herbivore","Terrestrial","ground",5,"LC","not listed","not listed","central_west",3968,0,FALSE,NA,NA,NA,NA,NA,NA,NA,NA,NA,NA,FALSE,NA,NA,NA,334105,0.341144807574791,"2026-07-06"
"California Quail","Callipepla californica",NA,NA,FALSE,FALSE,NA,"Sedentary","local dispersal","Omnivore","Herbivore","Terrestrial","ground",5,"LC","not listed","not listed","new_england",3778,0,FALSE,NA,NA,NA,NA,NA,NA,NA,NA,NA,NA,FALSE,NA,NA,NA,334105,0.341144807574791,"2026-07-06"
"California Quail","Callipepla californica",NA,NA,FALSE,FALSE,NA,"Sedentary","local dispersal","Omnivore","Herbivore","Terrestrial","ground",5,"LC","not listed","not listed","south_west",1554,0,FALSE,NA,NA,NA,NA,NA,NA,NA,NA,NA,NA,FALSE,NA,NA,NA,334105,0.341144807574791,"2026-07-06"
"Garganey","Spatula querquedula",NA,NA,FALSE,FALSE,NA,"Migratory","total migrant","Herbivore aquatic","Omnivore","Aquatic","below-water",3,"LC","not listed","not listed","statewide",324808,0,FALSE,NA,NA,NA,NA,NA,NA,NA,NA,NA,NA,FALSE,NA,NA,NA,334105,0,"2026-07-06"
"Garganey","Spatula querquedula",NA,NA,FALSE,FALSE,NA,"Migratory","total migrant","Herbivore aquatic","Omnivore","Aquatic","below-water",3,"LC","not listed","not listed","central_west",3966,0,FALSE,NA,NA,NA,NA,NA,NA,NA,NA,NA,NA,FALSE,NA,NA,NA,334105,0,"2026-07-06"
"Garganey","Spatula querquedula",NA,NA,FALSE,FALSE,NA,"Migratory","total migrant","Herbivore aquatic","Omnivore","Aquatic","below-water",3,"LC","not listed","not listed","new_england",3782,0,FALSE,NA,NA,NA,NA,NA,NA,NA,NA,NA,NA,FALSE,NA,NA,NA,334105,0,"2026-07-06"
"Garganey","Spatula querquedula",NA,NA,FALSE,FALSE,NA,"Migratory","total migrant","Herbivore aquatic","Omnivore","Aquatic","below-water",3,"LC","not listed","not listed","south_west",1549,0,FALSE,NA,NA,NA,NA,NA,NA,NA,NA,NA,NA,FALSE,NA,NA,NA,334105,0,"2026-07-06"
"Golden Pheasant","Chrysolophus pictus",NA,NA,FALSE,FALSE,NA,"Sedentary",NA,"Herbivore terrestrial","Herbivore","Terrestrial","ground",5,"LC",NA,NA,"statewide",324798,1,FALSE,NA,NA,NA,NA,NA,NA,NA,NA,NA,NA,FALSE,NA,NA,NA,334105,0.0221109954888963,"2026-07-06"
"Golden Pheasant","Chrysolophus pictus",NA,NA,FALSE,FALSE,NA,"Sedentary",NA,"Herbivore terrestrial","Herbivore","Terrestrial","ground",5,"LC",NA,NA,"central_west",3974,0,FALSE,NA,NA,NA,NA,NA,NA,NA,NA,NA,NA,FALSE,NA,NA,NA,334105,0.0221109954888963,"2026-07-06"
"Golden Pheasant","Chrysolophus pictus",NA,NA,FALSE,FALSE,NA,"Sedentary",NA,"Herbivore terrestrial","Herbivore","Terrestrial","ground",5,"LC",NA,NA,"new_england",3781,0,FALSE,NA,NA,NA,NA,NA,NA,NA,NA,NA,NA,FALSE,NA,NA,NA,334105,0.0221109954888963,"2026-07-06"
"Golden Pheasant","Chrysolophus pictus",NA,NA,FALSE,FALSE,NA,"Sedentary",NA,"Herbivore terrestrial","Herbivore","Terrestrial","ground",5,"LC",NA,NA,"south_west",1552,0,FALSE,NA,NA,NA,NA,NA,NA,NA,NA,NA,NA,FALSE,NA,NA,NA,334105,0.0221109954888963,"2026-07-06"
"Gray Parrot","Psittacus erithacus",NA,NA,FALSE,FALSE,NA,"Sedentary",NA,"Omnivore","Herbivore","Insessorial","canopy",6,"EN",NA,NA,"statewide",324812,0,FALSE,NA,NA,NA,NA,NA,NA,NA,NA,NA,NA,FALSE,NA,NA,NA,334105,0,"2026-07-06"
"Gray Parrot","Psittacus erithacus",NA,NA,FALSE,FALSE,NA,"Sedentary",NA,"Omnivore","Herbivore","Insessorial","canopy",6,"EN",NA,NA,"central_west",3968,0,FALSE,NA,NA,NA,NA,NA,NA,NA,NA,NA,NA,FALSE,NA,NA,NA,334105,0,"2026-07-06"
"Gray Parrot","Psittacus erithacus",NA,NA,FALSE,FALSE,NA,"Sedentary",NA,"Omnivore","Herbivore","Insessorial","canopy",6,"EN",NA,NA,"new_england",3781,0,FALSE,NA,NA,NA,NA,NA,NA,NA,NA,NA,NA,FALSE,NA,NA,NA,334105,0,"2026-07-06"
"Gray Parrot","Psittacus erithacus",NA,NA,FALSE,FALSE,NA,"Sedentary",NA,"Omnivore","Herbivore","Insessorial","canopy",6,"EN",NA,NA,"south_west",1544,0,FALSE,NA,NA,NA,NA,NA,NA,NA,NA,NA,NA,FALSE,NA,NA,NA,334105,0,"2026-07-06"
"Green Sandpiper","Tringa ochropus",NA,NA,FALSE,FALSE,NA,"Migratory",NA,"Aquatic predator","Carnivore","Terrestrial","around-water",5,"LC","not listed","not listed","statewide",324811,1,FALSE,NA,NA,NA,NA,NA,NA,NA,NA,NA,NA,FALSE,NA,NA,NA,334105,0.0220338953336859,"2026-07-06"
"Green Sandpiper","Tringa ochropus",NA,NA,FALSE,FALSE,NA,"Migratory",NA,"Aquatic predator","Carnivore","Terrestrial","around-water",5,"LC","not listed","not listed","central_west",3966,0,FALSE,NA,NA,NA,NA,NA,NA,NA,NA,NA,NA,FALSE,NA,NA,NA,334105,0.0220338953336859,"2026-07-06"
"Green Sandpiper","Tringa ochropus",NA,NA,FALSE,FALSE,NA,"Migratory",NA,"Aquatic predator","Carnivore","Terrestrial","around-water",5,"LC","not listed","not listed","new_england",3777,0,FALSE,NA,NA,NA,NA,NA,NA,NA,NA,NA,NA,FALSE,NA,NA,NA,334105,0.0220338953336859,"2026-07-06"
"Green Sandpiper","Tringa ochropus",NA,NA,FALSE,FALSE,NA,"Migratory",NA,"Aquatic predator","Carnivore","Terrestrial","around-water",5,"LC","not listed","not listed","south_west",1551,0,FALSE,NA,NA,NA,NA,NA,NA,NA,NA,NA,NA,FALSE,NA,NA,NA,334105,0.0220338953336859,"2026-07-06"
"House Crow","Corvus splendens",NA,NA,FALSE,FALSE,NA,"Sedentary",NA,"Omnivore","Omnivore","Terrestrial","ground",4,"LC","not listed","not listed","statewide",324803,1,FALSE,NA,NA,NA,NA,NA,NA,NA,NA,NA,NA,FALSE,NA,NA,NA,334105,0.130835178231334,"2026-07-06"
"House Crow","Corvus splendens",NA,NA,FALSE,FALSE,NA,"Sedentary",NA,"Omnivore","Omnivore","Terrestrial","ground",4,"LC","not listed","not listed","central_west",3970,0,FALSE,NA,NA,NA,NA,NA,NA,NA,NA,NA,NA,FALSE,NA,NA,NA,334105,0.130835178231334,"2026-07-06"
"House Crow","Corvus splendens",NA,NA,FALSE,FALSE,NA,"Sedentary",NA,"Omnivore","Omnivore","Terrestrial","ground",4,"LC","not listed","not listed","new_england",3776,0,FALSE,NA,NA,NA,NA,NA,NA,NA,NA,NA,NA,FALSE,NA,NA,NA,334105,0.130835178231334,"2026-07-06"
"House Crow","Corvus splendens",NA,NA,FALSE,FALSE,NA,"Sedentary",NA,"Omnivore","Omnivore","Terrestrial","ground",4,"LC","not listed","not listed","south_west",1556,0,FALSE,NA,NA,NA,NA,NA,NA,NA,NA,NA,NA,FALSE,NA,NA,NA,334105,0.130835178231334,"2026-07-06"
"Monk Parakeet","Myiopsitta monachus",NA,NA,FALSE,FALSE,NA,"Sedentary",NA,"Omnivore","Herbivore","Insessorial","mid-high",3,"LC",NA,NA,"statewide",324807,1,FALSE,NA,NA,NA,NA,NA,NA,NA,NA,NA,NA,FALSE,NA,NA,NA,334105,0.130626516078707,"2026-07-06"
"Monk Parakeet","Myiopsitta monachus",NA,NA,FALSE,FALSE,NA,"Sedentary",NA,"Omnivore","Herbivore","Insessorial","mid-high",3,"LC",NA,NA,"central_west",3967,0,FALSE,NA,NA,NA,NA,NA,NA,NA,NA,NA,NA,FALSE,NA,NA,NA,334105,0.130626516078707,"2026-07-06"
"Monk Parakeet","Myiopsitta monachus",NA,NA,FALSE,FALSE,NA,"Sedentary",NA,"Omnivore","Herbivore","Insessorial","mid-high",3,"LC",NA,NA,"new_england",3782,0,FALSE,NA,NA,NA,NA,NA,NA,NA,NA,NA,NA,FALSE,NA,NA,NA,334105,0.130626516078707,"2026-07-06"
"Monk Parakeet","Myiopsitta monachus",NA,NA,FALSE,FALSE,NA,"Sedentary",NA,"Omnivore","Herbivore","Insessorial","mid-high",3,"LC",NA,NA,"south_west",1549,0,FALSE,NA,NA,NA,NA,NA,NA,NA,NA,NA,NA,FALSE,NA,NA,NA,334105,0.130626516078707,"2026-07-06"
"Redpoll","Acanthis flammea",NA,NA,FALSE,FALSE,NA,"Partial migrant","local dispersal;nomadic","Granivore","Herbivore","Generalist",NA,11,"LC","not listed","not listed","statewide",324809,0,FALSE,NA,NA,NA,NA,NA,NA,NA,NA,NA,NA,FALSE,NA,NA,NA,334105,0,"2026-07-06"
"Redpoll","Acanthis flammea",NA,NA,FALSE,FALSE,NA,"Partial migrant","local dispersal;nomadic","Granivore","Herbivore","Generalist",NA,11,"LC","not listed","not listed","central_west",3969,0,FALSE,NA,NA,NA,NA,NA,NA,NA,NA,NA,NA,FALSE,NA,NA,NA,334105,0,"2026-07-06"
"Redpoll","Acanthis flammea",NA,NA,FALSE,FALSE,NA,"Partial migrant","local dispersal;nomadic","Granivore","Herbivore","Generalist",NA,11,"LC","not listed","not listed","new_england",3782,0,FALSE,NA,NA,NA,NA,NA,NA,NA,NA,NA,NA,FALSE,NA,NA,NA,334105,0,"2026-07-06"
"Redpoll","Acanthis flammea",NA,NA,FALSE,FALSE,NA,"Partial migrant","local dispersal;nomadic","Granivore","Herbivore","Generalist",NA,11,"LC","not listed","not listed","south_west",1545,0,FALSE,NA,NA,NA,NA,NA,NA,NA,NA,NA,NA,FALSE,NA,NA,NA,334105,0,"2026-07-06"
"Ruddy Shelduck","Tadorna ferruginea",NA,NA,FALSE,FALSE,NA,"Partial migrant",NA,"Omnivore","Omnivore","Terrestrial","around-water",4,"LC",NA,NA,"statewide",324810,0,FALSE,NA,NA,NA,NA,NA,NA,NA,NA,NA,NA,FALSE,NA,NA,NA,334105,0,"2026-07-06"
"Ruddy Shelduck","Tadorna ferruginea",NA,NA,FALSE,FALSE,NA,"Partial migrant",NA,"Omnivore","Omnivore","Terrestrial","around-water",4,"LC",NA,NA,"central_west",3970,0,FALSE,NA,NA,NA,NA,NA,NA,NA,NA,NA,NA,FALSE,NA,NA,NA,334105,0,"2026-07-06"
"Ruddy Shelduck","Tadorna ferruginea",NA,NA,FALSE,FALSE,NA,"Partial migrant",NA,"Omnivore","Omnivore","Terrestrial","around-water",4,"LC",NA,NA,"new_england",3781,0,FALSE,NA,NA,NA,NA,NA,NA,NA,NA,NA,NA,FALSE,NA,NA,NA,334105,0,"2026-07-06"
"Ruddy Shelduck","Tadorna ferruginea",NA,NA,FALSE,FALSE,NA,"Partial migrant",NA,"Omnivore","Omnivore","Terrestrial","around-water",4,"LC",NA,NA,"south_west",1544,0,FALSE,NA,NA,NA,NA,NA,NA,NA,NA,NA,NA,FALSE,NA,NA,NA,334105,0,"2026-07-06"
"Scarlet-chested Parrot","Neophema splendida","u303","Neophema splendida",TRUE,FALSE,NA,"Sedentary","nomadic","Granivore","Herbivore","Terrestrial","understory",3,"LC","not listed","VU","statewide",324800,27,TRUE,0.961738452429555,3.26330986700486,140,"20 May",0.999,TRUE,140,140,"20 May","20 May",FALSE,NA,NA,NA,334105,0.998790946008949,"2026-07-06"
"Scarlet-chested Parrot","Neophema splendida","u303","Neophema splendida",TRUE,FALSE,NA,"Sedentary","nomadic","Granivore","Herbivore","Terrestrial","understory",3,"LC","not listed","VU","central_west",3969,0,FALSE,NA,NA,NA,NA,NA,NA,NA,NA,NA,NA,FALSE,NA,NA,NA,334105,0.998790946008949,"2026-07-06"
"Scarlet-chested Parrot","Neophema splendida","u303","Neophema splendida",TRUE,FALSE,NA,"Sedentary","nomadic","Granivore","Herbivore","Terrestrial","understory",3,"LC","not listed","VU","new_england",3782,0,FALSE,NA,NA,NA,NA,NA,NA,NA,NA,NA,NA,FALSE,NA,NA,NA,334105,0.998790946008949,"2026-07-06"
"Scarlet-chested Parrot","Neophema splendida","u303","Neophema splendida",TRUE,FALSE,NA,"Sedentary","nomadic","Granivore","Herbivore","Terrestrial","understory",3,"LC","not listed","VU","south_west",1554,0,FALSE,NA,NA,NA,NA,NA,NA,NA,NA,NA,NA,FALSE,NA,NA,NA,334105,0.998790946008949,"2026-07-06"
"Westland Petrel","Procellaria westlandica",NA,NA,FALSE,FALSE,NA,"Migratory","total migrant","Aquatic predator","Carnivore","Aquatic","pelagic",2,"EN","not listed","not listed","statewide",324807,1,FALSE,NA,NA,NA,NA,NA,NA,NA,NA,NA,NA,FALSE,NA,NA,NA,334105,0.0220242892444854,"2026-07-06"
"Westland Petrel","Procellaria westlandica",NA,NA,FALSE,FALSE,NA,"Migratory","total migrant","Aquatic predator","Carnivore","Aquatic","pelagic",2,"EN","not listed","not listed","central_west",3969,0,FALSE,NA,NA,NA,NA,NA,NA,NA,NA,NA,NA,FALSE,NA,NA,NA,334105,0.0220242892444854,"2026-07-06"
"Westland Petrel","Procellaria westlandica",NA,NA,FALSE,FALSE,NA,"Migratory","total migrant","Aquatic predator","Carnivore","Aquatic","pelagic",2,"EN","not listed","not listed","new_england",3781,0,FALSE,NA,NA,NA,NA,NA,NA,NA,NA,NA,NA,FALSE,NA,NA,NA,334105,0.0220242892444854,"2026-07-06"
"Westland Petrel","Procellaria westlandica",NA,NA,FALSE,FALSE,NA,"Migratory","total migrant","Aquatic predator","Carnivore","Aquatic","pelagic",2,"EN","not listed","not listed","south_west",1548,0,FALSE,NA,NA,NA,NA,NA,NA,NA,NA,NA,NA,FALSE,NA,NA,NA,334105,0.0220242892444854,"2026-07-06"
"Wild Turkey","Meleagris gallopavo",NA,NA,FALSE,FALSE,NA,"Sedentary","local dispersal","Omnivore","Herbivore","Terrestrial","ground",4,"LC","not listed","not listed","statewide",324806,0,FALSE,NA,NA,NA,NA,NA,NA,NA,NA,NA,NA,FALSE,NA,NA,NA,334105,0.468145479155979,"2026-07-06"
"Wild Turkey","Meleagris gallopavo",NA,NA,FALSE,FALSE,NA,"Sedentary","local dispersal","Omnivore","Herbivore","Terrestrial","ground",4,"LC","not listed","not listed","central_west",3971,1,FALSE,NA,NA,NA,NA,NA,NA,NA,NA,NA,NA,FALSE,NA,NA,NA,334105,0.468145479155979,"2026-07-06"
"Wild Turkey","Meleagris gallopavo",NA,NA,FALSE,FALSE,NA,"Sedentary","local dispersal","Omnivore","Herbivore","Terrestrial","ground",4,"LC","not listed","not listed","new_england",3776,0,FALSE,NA,NA,NA,NA,NA,NA,NA,NA,NA,NA,FALSE,NA,NA,NA,334105,0.468145479155979,"2026-07-06"
"Wild Turkey","Meleagris gallopavo",NA,NA,FALSE,FALSE,NA,"Sedentary","local dispersal","Omnivore","Herbivore","Terrestrial","ground",4,"LC","not listed","not listed","south_west",1552,0,FALSE,NA,NA,NA,NA,NA,NA,NA,NA,NA,NA,FALSE,NA,NA,NA,334105,0.468145479155979,"2026-07-06"
"Yellow Canary","Crithagra flaviventris",NA,NA,FALSE,FALSE,NA,"Sedentary",NA,"Omnivore","Herbivore","Insessorial","ground",2,"LC",NA,NA,"statewide",324804,0,FALSE,NA,NA,NA,NA,NA,NA,NA,NA,NA,NA,FALSE,NA,NA,NA,334105,0,"2026-07-06"
"Yellow Canary","Crithagra flaviventris",NA,NA,FALSE,FALSE,NA,"Sedentary",NA,"Omnivore","Herbivore","Insessorial","ground",2,"LC",NA,NA,"central_west",3971,0,FALSE,NA,NA,NA,NA,NA,NA,NA,NA,NA,NA,FALSE,NA,NA,NA,334105,0,"2026-07-06"
"Yellow Canary","Crithagra flaviventris",NA,NA,FALSE,FALSE,NA,"Sedentary",NA,"Omnivore","Herbivore","Insessorial","ground",2,"LC",NA,NA,"new_england",3782,0,FALSE,NA,NA,NA,NA,NA,NA,NA,NA,NA,NA,FALSE,NA,NA,NA,334105,0,"2026-07-06"
"Yellow Canary","Crithagra flaviventris",NA,NA,FALSE,FALSE,NA,"Sedentary",NA,"Omnivore","Herbivore","Insessorial","ground",2,"LC",NA,NA,"south_west",1548,0,FALSE,NA,NA,NA,NA,NA,NA,NA,NA,NA,NA,FALSE,NA,NA,NA,334105,0,"2026-07-06"
"Yellow Chat","Epthianura crocea",NA,NA,FALSE,FALSE,NA,"Sedentary","local dispersal;nomadic","Invertivore","Carnivore","Generalist","ground",4,"LC","CR","not listed","statewide",324808,1,FALSE,NA,NA,NA,NA,NA,NA,NA,NA,NA,NA,FALSE,NA,NA,NA,334105,0.149189911657377,"2026-07-06"
"Yellow Chat","Epthianura crocea",NA,NA,FALSE,FALSE,NA,"Sedentary","local dispersal;nomadic","Invertivore","Carnivore","Generalist","ground",4,"LC","CR","not listed","central_west",3969,0,FALSE,NA,NA,NA,NA,NA,NA,NA,NA,NA,NA,FALSE,NA,NA,NA,334105,0.149189911657377,"2026-07-06"
"Yellow Chat","Epthianura crocea",NA,NA,FALSE,FALSE,NA,"Sedentary","local dispersal;nomadic","Invertivore","Carnivore","Generalist","ground",4,"LC","CR","not listed","new_england",3778,0,FALSE,NA,NA,NA,NA,NA,NA,NA,NA,NA,NA,FALSE,NA,NA,NA,334105,0.149189911657377,"2026-07-06"
"Yellow Chat","Epthianura crocea",NA,NA,FALSE,FALSE,NA,"Sedentary","local dispersal;nomadic","Invertivore","Carnivore","Generalist","ground",4,"LC","CR","not listed","south_west",1550,0,FALSE,NA,NA,NA,NA,NA,NA,NA,NA,NA,NA,FALSE,NA,NA,NA,334105,0.149189911657377,"2026-07-06"
"Yellow-collared Lovebird","Agapornis personatus",NA,NA,FALSE,FALSE,NA,"Sedentary",NA,"Granivore","Herbivore","Terrestrial","ground",1,"LC",NA,NA,"statewide",324801,0,FALSE,NA,NA,NA,NA,NA,NA,NA,NA,NA,NA,FALSE,NA,NA,NA,334105,0,"2026-07-06"
"Yellow-collared Lovebird","Agapornis personatus",NA,NA,FALSE,FALSE,NA,"Sedentary",NA,"Granivore","Herbivore","Terrestrial","ground",1,"LC",NA,NA,"central_west",3968,0,FALSE,NA,NA,NA,NA,NA,NA,NA,NA,NA,NA,FALSE,NA,NA,NA,334105,0,"2026-07-06"
"Yellow-collared Lovebird","Agapornis personatus",NA,NA,FALSE,FALSE,NA,"Sedentary",NA,"Granivore","Herbivore","Terrestrial","ground",1,"LC",NA,NA,"new_england",3776,0,FALSE,NA,NA,NA,NA,NA,NA,NA,NA,NA,NA,FALSE,NA,NA,NA,334105,0,"2026-07-06"
"Yellow-collared Lovebird","Agapornis personatus",NA,NA,FALSE,FALSE,NA,"Sedentary",NA,"Granivore","Herbivore","Terrestrial","ground",1,"LC",NA,NA,"south_west",1560,0,FALSE,NA,NA,NA,NA,NA,NA,NA,NA,NA,NA,FALSE,NA,NA,NA,334105,0,"2026-07-06"
"Curlew Sandpiper","Calidris ferruginea","u161","Calidris ferruginea",TRUE,FALSE,NA,"Migratory","total migrant","Aquatic predator","Carnivore","Terrestrial","around-water",3,"VU","CR","EN","statewide",324792,943,TRUE,0.988571623501868,4.47165584992247,284,"11 Oct",1,TRUE,245,69,"02 Sep","10 Mar",TRUE,0.00160592969512717,0.388828945010001,FALSE,334090,0.858728820661967,"2026-07-06"
"Curlew Sandpiper","Calidris ferruginea","u161","Calidris ferruginea",TRUE,FALSE,NA,"Migratory","total migrant","Aquatic predator","Carnivore","Terrestrial","around-water",3,"VU","CR","EN","central_west",3964,0,FALSE,NA,NA,NA,NA,NA,NA,NA,NA,NA,NA,FALSE,0,0,TRUE,334090,0.858728820661967,"2026-07-06"
"Curlew Sandpiper","Calidris ferruginea","u161","Calidris ferruginea",TRUE,FALSE,NA,"Migratory","total migrant","Aquatic predator","Carnivore","Terrestrial","around-water",3,"VU","CR","EN","new_england",3784,2,FALSE,NA,NA,NA,NA,NA,NA,NA,NA,NA,NA,FALSE,0,0,TRUE,334090,0.858728820661967,"2026-07-06"
"Curlew Sandpiper","Calidris ferruginea","u161","Calidris ferruginea",TRUE,FALSE,NA,"Migratory","total migrant","Aquatic predator","Carnivore","Terrestrial","around-water",3,"VU","CR","EN","south_west",1550,0,FALSE,NA,NA,NA,NA,NA,NA,NA,NA,NA,NA,FALSE,0,0,TRUE,334090,0.858728820661967,"2026-07-06"
